{"type":"FeatureCollection","name":"Palomares del Campo","source":"OpenStreetMap","license":"ODbL 1.0","features":[{"type":"Feature","id":"way/84658086","geometry":{"type":"LineString","coordinates":[[-2.6114954,39.9430848],[-2.6111574,39.9427462],[-2.6109113,39.9425434],[-2.6106199,39.9424741],[-2.6099368,39.9425203],[-2.6095818,39.9425075],[-2.6087546,39.9424382],[-2.6084275,39.9424638],[-2.6079341,39.9426359],[-2.6057239,39.9435616],[-2.6052317,39.9437962],[-2.6041542,39.9443076],[-2.6039658,39.9444213],[-2.6038461,39.9445188],[-2.6038227,39.944544],[-2.6037818,39.9445883],[-2.6037591,39.9446128],[-2.6037305,39.9446432],[-2.6036984,39.9446771],[-2.6036267,39.9447531],[-2.6034924,39.9448969],[-2.6034356,39.944955],[-2.6032765,39.9451148],[-2.6031449,39.9452473]]},"properties":{"category":"road","name":"","highway":"tertiary","ref":"CM-2102a","surface":"asphalt"}},{"type":"Feature","id":"way/84658090","geometry":{"type":"LineString","coordinates":[[-2.5974048,39.9475144],[-2.5973733,39.9475555],[-2.5973173,39.9476285],[-2.5972371,39.9478409],[-2.5970113,39.9485622],[-2.5966953,39.9495325],[-2.5967159,39.9496282]]},"properties":{"category":"road","name":"","highway":"residential","surface":"asphalt"}},{"type":"Feature","id":"way/178878337","geometry":{"type":"LineString","coordinates":[[-2.6185855,39.9323082],[-2.6185557,39.9331328],[-2.6184798,39.9339373],[-2.6183613,39.9349653],[-2.618278,39.935436],[-2.6181172,39.935989],[-2.6177059,39.9369059],[-2.6171833,39.9378799],[-2.6167695,39.9384282],[-2.6162432,39.9390293],[-2.6151626,39.9401012],[-2.6137418,39.9413919],[-2.6125962,39.9423885],[-2.6114954,39.9430848],[-2.6100922,39.9437851],[-2.6091855,39.9441444],[-2.608401,39.9444271],[-2.6075345,39.944794],[-2.6069856,39.9450664]]},"properties":{"category":"road","name":"","highway":"secondary","ref":"CM-2102","surface":"asphalt"}},{"type":"Feature","id":"way/178879058","geometry":{"type":"LineString","coordinates":[[-2.5999023,39.9413443],[-2.6000551,39.9413882],[-2.6004307,39.9414014],[-2.6010702,39.9414501],[-2.6015813,39.9414927],[-2.6020877,39.9415496],[-2.6023168,39.9416184],[-2.6024276,39.941668],[-2.6029472,39.9416794],[-2.6031942,39.9416682],[-2.6034411,39.9416733],[-2.6038279,39.9416988],[-2.60403,39.9417255],[-2.6042349,39.941763],[-2.6045125,39.9418229],[-2.6047741,39.9419116],[-2.6049746,39.9419934],[-2.6050708,39.9420456],[-2.6051673,39.9421485],[-2.6052209,39.9422679],[-2.6052745,39.9423916],[-2.605608,39.9433078],[-2.6057239,39.9435616],[-2.6058437,39.9439143],[-2.6059082,39.9440879],[-2.6059115,39.9440968],[-2.6059211,39.9441226],[-2.6059654,39.9443953],[-2.6059603,39.9446287],[-2.6059096,39.9449055],[-2.6058793,39.9450455],[-2.6060715,39.9450828],[-2.6064051,39.9451339],[-2.606551,39.9451193],[-2.6066962,39.9451308],[-2.606832,39.9452614],[-2.6068114,39.9453247],[-2.6067206,39.9454124],[-2.6063647,39.9455582],[-2.605986,39.945747],[-2.6056889,39.9459528],[-2.6055789,39.94605],[-2.605527,39.9462042],[-2.605398,39.9465546],[-2.6051339,39.9471308],[-2.6045933,39.9481997],[-2.6037066,39.9497372],[-2.6032885,39.9503009],[-2.6029372,39.9507481],[-2.6027168,39.95105],[-2.602233,39.9518254],[-2.6020603,39.9520868],[-2.6019974,39.9521702],[-2.6013753,39.9526563],[-2.6011217,39.9528316],[-2.6009702,39.9528873],[-2.6008116,39.9529158],[-2.6006359,39.9529324],[-2.6004175,39.9528498],[-2.6003435,39.9528515],[-2.6002552,39.9529047],[-2.600202,39.9530052],[-2.6000391,39.9532669],[-2.5999486,39.9534049],[-2.599771,39.9535604],[-2.5995438,39.9536833],[-2.599455,39.953731],[-2.5989471,39.9538896],[-2.5984568,39.9540318],[-2.5979691,39.954173],[-2.5977745,39.9541938],[-2.5975639,39.9542077],[-2.5957543,39.9540414],[-2.5948418,39.953933],[-2.5946425,39.9538673],[-2.5937658,39.9533541],[-2.592111,39.9524445],[-2.5918469,39.9522993],[-2.5914131,39.9520338],[-2.5912319,39.9518502],[-2.5906362,39.9509915],[-2.5904355,39.9506143],[-2.5901828,39.9500015],[-2.5899402,39.9494132],[-2.5897751,39.9488895],[-2.5897719,39.9487307],[-2.5899111,39.9483336],[-2.5901798,39.9476462],[-2.5902418,39.9475402]]},"properties":{"category":"road","name":"","highway":"track","surface":"compacted"}},{"type":"Feature","id":"way/178879061","geometry":{"type":"LineString","coordinates":[[-2.6031449,39.9452473],[-2.6027838,39.9457028],[-2.6021484,39.9465871],[-2.6020004,39.9467584],[-2.6018198,39.9469512],[-2.6017141,39.9470395],[-2.6016273,39.9470944],[-2.601415,39.9471919],[-2.6009995,39.9473287],[-2.6007446,39.9474263],[-2.6004333,39.9475688],[-2.6000883,39.9477431],[-2.5999525,39.9478063],[-2.5993935,39.9480834],[-2.5988654,39.9483917],[-2.5983617,39.9486742],[-2.5981272,39.9488027],[-2.5976366,39.949086],[-2.5967159,39.9496282]]},"properties":{"category":"road","name":"Carretera Montalbo","highway":"tertiary","ref":"CM-2102a","surface":"asphalt"}},{"type":"Feature","id":"way/178879062","geometry":{"type":"LineString","coordinates":[[-2.5948277,39.9494367],[-2.5945454,39.9493635],[-2.5931318,39.9488626],[-2.5919504,39.9484439],[-2.5914768,39.9481934],[-2.5902418,39.9475402],[-2.5901914,39.9475136],[-2.5888432,39.9468005],[-2.5879708,39.9463311],[-2.5869376,39.9459438],[-2.5862948,39.9455625],[-2.585958,39.945316],[-2.5855684,39.9450996],[-2.5818733,39.9439181],[-2.5806725,39.9430851],[-2.5789335,39.9423737],[-2.5765416,39.9410916],[-2.5747558,39.9401539],[-2.5742309,39.9398552],[-2.5735482,39.9396277],[-2.5716496,39.9390046],[-2.5706809,39.9385772],[-2.5687706,39.9375524],[-2.5672175,39.9367018],[-2.5649235,39.9354649],[-2.5640301,39.9350379],[-2.5629587,39.9345607],[-2.5622497,39.9341001],[-2.5615679,39.9336686],[-2.5607886,39.9332578],[-2.55982,39.9328636],[-2.5575633,39.932017],[-2.5562754,39.9315481],[-2.5544463,39.9306145],[-2.5538619,39.9303613],[-2.5528365,39.9301577],[-2.5503389,39.9295148],[-2.548748,39.9291123],[-2.5460314,39.9284192],[-2.5438667,39.9278756],[-2.5436124,39.9278258],[-2.5414315,39.927913],[-2.5403763,39.9279379],[-2.5376381,39.9282906],[-2.5357224,39.9285728],[-2.5350568,39.9286807],[-2.5335036,39.9291081],[-2.5331086,39.9291538],[-2.5325025,39.9291413],[-2.5319397,39.9290583],[-2.530576,39.928884],[-2.5298833,39.9287637],[-2.5279298,39.9280873],[-2.526934,39.927747],[-2.5263929,39.9269792],[-2.5257489,39.926087],[-2.5255485,39.9257661]]},"properties":{"category":"road","name":"Carretera de Palomares","highway":"tertiary","ref":"CU-V-7031"}},{"type":"Feature","id":"way/178879064","geometry":{"type":"LineString","coordinates":[[-2.6006354,39.9527256],[-2.6004282,39.9530372]]},"properties":{"category":"road","name":"","highway":"secondary","ref":"CM-2102"}},{"type":"Feature","id":"way/178879065","geometry":{"type":"LineString","coordinates":[[-2.6004282,39.9530372],[-2.6002542,39.953253],[-2.600041,39.9534777],[-2.5998647,39.9536427],[-2.5996717,39.9538118],[-2.599416,39.9540128],[-2.5990692,39.9542518],[-2.5985831,39.9545304],[-2.5981038,39.9547436],[-2.5977056,39.9548913],[-2.5973719,39.954989],[-2.5970196,39.955076],[-2.5966729,39.9551444],[-2.5963544,39.9551972],[-2.5959162,39.9552382],[-2.5954733,39.9552685],[-2.5946903,39.9552897],[-2.5942378,39.9553043],[-2.59387,39.9553394],[-2.5932507,39.9554551],[-2.5928085,39.9555696],[-2.5923504,39.9557401],[-2.5914365,39.9562094],[-2.5907989,39.9567811],[-2.5904399,39.9572885],[-2.5903327,39.9574793],[-2.5902844,39.9575789],[-2.5902441,39.9576611],[-2.5901932,39.9577947],[-2.5901234,39.9579695],[-2.5900161,39.9583725],[-2.5898042,39.9592236],[-2.5894149,39.9607472],[-2.589241,39.9614275]]},"properties":{"category":"road","name":"","highway":"secondary","ref":"CM-2102","surface":"asphalt"}},{"type":"Feature","id":"way/197492468","geometry":{"type":"LineString","coordinates":[[-2.5974253,39.9448597],[-2.5978344,39.9447612],[-2.5983723,39.9447176],[-2.5985172,39.9447172]]},"properties":{"category":"road","name":"Calle Las Escuelas","highway":"residential","surface":"asphalt"}},{"type":"Feature","id":"way/197492469","geometry":{"type":"LineString","coordinates":[[-2.5984383,39.9478666],[-2.5984857,39.9477609],[-2.5984753,39.9476247],[-2.5984224,39.9474733],[-2.5983838,39.947363],[-2.5982423,39.9468817],[-2.5982208,39.9466676],[-2.5981623,39.9461727],[-2.5981626,39.9459641],[-2.5980948,39.9458555]]},"properties":{"category":"road","name":"Calle Iglesia","highway":"residential"}},{"type":"Feature","id":"way/197492470","geometry":{"type":"LineString","coordinates":[[-2.5966241,39.9454364],[-2.5967119,39.9453743],[-2.5969691,39.9452374],[-2.5970391,39.9452304],[-2.5975228,39.9449936]]},"properties":{"category":"road","name":"Calle Zacatin","highway":"residential"}},{"type":"Feature","id":"way/197492471","geometry":{"type":"LineString","coordinates":[[-2.5957849,39.9460541],[-2.5958935,39.9461064],[-2.5959785,39.9461625],[-2.5960212,39.9462205],[-2.5962219,39.9464013],[-2.5962782,39.9464342],[-2.5962906,39.9464659],[-2.596412,39.9466069],[-2.5965018,39.946724],[-2.5967791,39.9468457],[-2.5970564,39.9469486],[-2.597265,39.9469796],[-2.5975322,39.9470144]]},"properties":{"category":"road","name":"Calle Reina Sofía","highway":"residential"}},{"type":"Feature","id":"way/197492472","geometry":{"type":"LineString","coordinates":[[-2.5984383,39.9478666],[-2.5987228,39.9477005],[-2.5987771,39.9477538],[-2.5990119,39.9476258],[-2.5991861,39.9475364],[-2.5994126,39.94742],[-2.5996176,39.9473328]]},"properties":{"category":"road","name":"Calle San Sebastián","highway":"residential"}},{"type":"Feature","id":"way/197492473","geometry":{"type":"LineString","coordinates":[[-2.5998339,39.9466804],[-2.5994465,39.9468606],[-2.59922,39.9469371],[-2.5990568,39.9469606]]},"properties":{"category":"road","name":"Calle Hispanidad","highway":"residential"}},{"type":"Feature","id":"way/197492474","geometry":{"type":"LineString","coordinates":[[-2.6014628,39.9442164],[-2.6000409,39.944274],[-2.5996228,39.9442945],[-2.5993519,39.9443111],[-2.5986579,39.9443436]]},"properties":{"category":"road","name":"Calle Segadores","highway":"residential"}},{"type":"Feature","id":"way/197492475","geometry":{"type":"LineString","coordinates":[[-2.596451,39.9428423],[-2.5965919,39.9432874],[-2.5966108,39.9433476],[-2.5966609,39.9434661],[-2.5966946,39.9435054],[-2.596666,39.9435701],[-2.5967071,39.9436874],[-2.5967269,39.9437212],[-2.596784,39.9438184],[-2.5969551,39.9441026],[-2.5969903,39.9441573],[-2.5971926,39.9444394],[-2.5973581,39.9447775]]},"properties":{"category":"road","name":"Calle Cruces","highway":"residential"}},{"type":"Feature","id":"way/197492476","geometry":{"type":"LineString","coordinates":[[-2.5991044,39.9432336],[-2.5981898,39.9432552],[-2.5978619,39.9432725],[-2.5976317,39.9432962],[-2.5970362,39.9433695],[-2.5969011,39.9434564],[-2.5966946,39.9435054]]},"properties":{"category":"road","name":"Calle Cristobal","highway":"residential"}},{"type":"Feature","id":"way/197492477","geometry":{"type":"LineString","coordinates":[[-2.5971926,39.9444394],[-2.597483,39.9443633],[-2.5976276,39.9443254],[-2.597689,39.9443245],[-2.5980861,39.9442437],[-2.5981527,39.9442172],[-2.5982713,39.9441951],[-2.598719,39.9441116]]},"properties":{"category":"road","name":"Calle de San Isidro","highway":"residential"}},{"type":"Feature","id":"way/197492478","geometry":{"type":"LineString","coordinates":[[-2.5954286,39.9448151],[-2.5958849,39.9449949],[-2.5962618,39.9451968],[-2.5964356,39.9453127],[-2.5966241,39.9454364],[-2.5967396,39.9455027],[-2.5978131,39.946192]]},"properties":{"category":"road","name":"Calle los Ladrillos","highway":"residential"}},{"type":"Feature","id":"way/197492479","geometry":{"type":"LineString","coordinates":[[-2.5937784,39.9442195],[-2.5939754,39.9442855],[-2.5942799,39.9443875],[-2.5946126,39.9444989],[-2.5950921,39.9447129],[-2.5954286,39.9448151]]},"properties":{"category":"road","name":"","highway":"residential"}},{"type":"Feature","id":"way/197492480","geometry":{"type":"LineString","coordinates":[[-2.5960898,39.9456589],[-2.5958132,39.9460069],[-2.5957849,39.9460541],[-2.5954132,39.9467106],[-2.59527,39.9469248],[-2.5952147,39.9470182]]},"properties":{"category":"road","name":"Calle Cuatro Esquinas","highway":"residential"}},{"type":"Feature","id":"way/197492481","geometry":{"type":"LineString","coordinates":[[-2.5999023,39.9413443],[-2.5991947,39.9430398],[-2.5991044,39.9432336],[-2.5990259,39.9434067],[-2.5989518,39.9435702],[-2.5989189,39.9436462],[-2.5988037,39.9439144],[-2.598719,39.9441116],[-2.5986579,39.9443436],[-2.5985172,39.9447172],[-2.5984204,39.9451372],[-2.5983704,39.9458024]]},"properties":{"category":"road","name":"Calle de la Fuente","highway":"residential","surface":"asphalt"}},{"type":"Feature","id":"way/197492483","geometry":{"type":"LineString","coordinates":[[-2.5946584,39.9431318],[-2.5949512,39.9432531],[-2.5951239,39.9434134],[-2.5955894,39.9437065],[-2.5961095,39.9440112],[-2.5969816,39.9445125],[-2.5973581,39.9447775],[-2.5974253,39.9448597],[-2.5975228,39.9449936],[-2.5978416,39.9453706],[-2.5980948,39.9458555]]},"properties":{"category":"road","name":"Calle Urbanos","highway":"residential"}},{"type":"Feature","id":"way/197492484","geometry":{"type":"LineString","coordinates":[[-2.5951458,39.9451787],[-2.59607,39.94565],[-2.5960898,39.9456589],[-2.5976764,39.946497]]},"properties":{"category":"road","name":"Calle Barcelona","highway":"residential"}},{"type":"Feature","id":"way/197492485","geometry":{"type":"LineString","coordinates":[[-2.5951239,39.9434134],[-2.5950921,39.9447129]]},"properties":{"category":"road","name":"","highway":"residential"}},{"type":"Feature","id":"way/197492486","geometry":{"type":"LineString","coordinates":[[-2.6137418,39.9413919],[-2.6140587,39.9414854],[-2.6150009,39.9416635],[-2.6163232,39.9418858],[-2.6203023,39.9415638],[-2.6252908,39.9411601],[-2.6270129,39.9412069],[-2.6278249,39.9408293],[-2.6291497,39.9406484],[-2.631886,39.9410926],[-2.6364114,39.940954],[-2.6418868,39.9422939],[-2.6433501,39.942652],[-2.6462764,39.9425836],[-2.6476745,39.9423566],[-2.6479063,39.9424319],[-2.6480949,39.9425237],[-2.6484538,39.9427215],[-2.6496712,39.9433915],[-2.6503035,39.9441445],[-2.6504928,39.9443057]]},"properties":{"category":"road","name":"Carrascosa del Campo a Villarejo de Periesteban","highway":"tertiary","ref":"CU-V-7031","surface":"asphalt"}},{"type":"Feature","id":"way/227227850","geometry":{"type":"LineString","coordinates":[[-2.5969011,39.9434564],[-2.5970381,39.9435706],[-2.597091,39.9436192],[-2.5971248,39.9436503],[-2.5972577,39.9436237],[-2.5974001,39.9438429],[-2.5974937,39.9439819],[-2.5975879,39.9440442],[-2.597612,39.9441109],[-2.597689,39.9443245],[-2.5976835,39.944353],[-2.5977573,39.9445098],[-2.5977926,39.9446118],[-2.5977907,39.9446495],[-2.5978344,39.9447612]]},"properties":{"category":"road","name":"Calle Constitución","highway":"residential","surface":"asphalt"}},{"type":"Feature","id":"way/227227852","geometry":{"type":"LineString","coordinates":[[-2.6016273,39.9470944],[-2.6008237,39.9459911],[-2.60055,39.9455879]]},"properties":{"category":"road","name":"Calle Los Álamos","highway":"residential","surface":"asphalt"}},{"type":"Feature","id":"way/227227853","geometry":{"type":"LineString","coordinates":[[-2.5983838,39.947363],[-2.598775,39.9473125],[-2.5990812,39.9472875],[-2.5991516,39.9472786],[-2.5994414,39.9472093]]},"properties":{"category":"road","name":"Calle Dos de Mayo","highway":"residential"}},{"type":"Feature","id":"way/227227855","geometry":{"type":"LineString","coordinates":[[-2.5942799,39.9443875],[-2.5938039,39.9452429]]},"properties":{"category":"road","name":"Calle Almendros","highway":"residential"}},{"type":"Feature","id":"way/227227856","geometry":{"type":"LineString","coordinates":[[-2.5949209,39.9455684],[-2.5958132,39.9460069]]},"properties":{"category":"road","name":"Calle Reina Sofia","highway":"residential"}},{"type":"Feature","id":"way/227227857","geometry":{"type":"LineString","coordinates":[[-2.599719,39.9452891],[-2.6000744,39.9452545],[-2.6001571,39.9452362],[-2.6005966,39.9451903]]},"properties":{"category":"road","name":"","highway":"residential"}},{"type":"Feature","id":"way/227227859","geometry":{"type":"LineString","coordinates":[[-2.5970564,39.9469486],[-2.5969739,39.947129],[-2.5968291,39.9471778],[-2.5964299,39.9472222],[-2.596278,39.9472895]]},"properties":{"category":"road","name":"Calle Nuestra Señora de la Cabeza","highway":"residential"}},{"type":"Feature","id":"way/227227861","geometry":{"type":"LineString","coordinates":[[-2.5998274,39.9476316],[-2.5997865,39.9476313],[-2.599196,39.9478546]]},"properties":{"category":"road","name":"Calle Capitán Cortés","highway":"residential"}},{"type":"Feature","id":"way/227227862","geometry":{"type":"LineString","coordinates":[[-2.6009995,39.9473287],[-2.6000812,39.9458686],[-2.6000296,39.9458119]]},"properties":{"category":"road","name":"Calle Pablo Jover","highway":"residential","surface":"asphalt"}},{"type":"Feature","id":"way/227227864","geometry":{"type":"LineString","coordinates":[[-2.5936489,39.9414271],[-2.5940953,39.9421957],[-2.5948956,39.9431105],[-2.5949512,39.9432531]]},"properties":{"category":"road","name":"","highway":"residential"}},{"type":"Feature","id":"way/227227865","geometry":{"type":"LineString","coordinates":[[-2.5996228,39.9442945],[-2.5996435,39.9446489],[-2.5996662,39.9449623],[-2.5997031,39.945183],[-2.599719,39.9452891],[-2.5997513,39.9454114],[-2.5998163,39.9456658]]},"properties":{"category":"road","name":"Calle del Polideportivo","highway":"residential","surface":"asphalt"}},{"type":"Feature","id":"way/227227867","geometry":{"type":"LineString","coordinates":[[-2.5935418,39.9451556],[-2.5938039,39.9452429],[-2.5941271,39.9453785],[-2.5948636,39.945628]]},"properties":{"category":"road","name":"Calle Reina Sofia","highway":"residential"}},{"type":"Feature","id":"way/227227869","geometry":{"type":"LineString","coordinates":[[-2.6000409,39.944274],[-2.600064,39.944576],[-2.600088,39.9449185],[-2.6001277,39.945187],[-2.6001571,39.9452362],[-2.6002254,39.9456201]]},"properties":{"category":"road","name":"Calle Fernando de Alarcón","highway":"residential","surface":"asphalt"}},{"type":"Feature","id":"way/227227870","geometry":{"type":"LineString","coordinates":[[-2.5946126,39.9444989],[-2.5941271,39.9453785],[-2.5940776,39.9454146],[-2.5939043,39.9456844],[-2.5938292,39.9457879],[-2.5937773,39.9458544]]},"properties":{"category":"road","name":"Calle Laurel","highway":"residential"}},{"type":"Feature","id":"way/227227872","geometry":{"type":"LineString","coordinates":[[-2.5996017,39.9456994],[-2.5996551,39.9458172],[-2.5997161,39.9460061]]},"properties":{"category":"road","name":"","highway":"residential"}},{"type":"Feature","id":"way/232816061","geometry":{"type":"LineString","coordinates":[[-2.5987063,39.9467087],[-2.5986513,39.9467328],[-2.598668,39.9468651],[-2.5986757,39.9469232],[-2.5987149,39.9471083],[-2.598775,39.9473125]]},"properties":{"category":"road","name":"Calle Soledad","highway":"residential"}},{"type":"Feature","id":"way/232816062","geometry":{"type":"LineString","coordinates":[[-2.6008237,39.9459911],[-2.6012155,39.9459192],[-2.6012859,39.9458904],[-2.6019701,39.9457807]]},"properties":{"category":"road","name":"Travesía Los Álamos","highway":"residential"}},{"type":"Feature","id":"way/232816063","geometry":{"type":"LineString","coordinates":[[-2.5989189,39.9436462],[-2.5992622,39.9436339],[-2.5997269,39.9436197],[-2.5999092,39.9436071],[-2.6002496,39.9435933],[-2.6003493,39.9435823],[-2.6012497,39.9435469]]},"properties":{"category":"road","name":"Calle San Miguel","highway":"residential"}},{"type":"Feature","id":"way/232816064","geometry":{"type":"LineString","coordinates":[[-2.597591,39.9468601],[-2.5979406,39.9468802],[-2.5982423,39.9468817]]},"properties":{"category":"road","name":"Travesía Iglesia","highway":"residential"}},{"type":"Feature","id":"way/232816065","geometry":{"type":"LineString","coordinates":[[-2.6012497,39.9435469],[-2.6014022,39.9436747],[-2.6014602,39.9437338],[-2.6015147,39.9438192],[-2.6015438,39.9438937],[-2.6015523,39.9439708],[-2.6015281,39.9440898],[-2.6014628,39.9442164],[-2.6013215,39.944516],[-2.6012123,39.9447875],[-2.6012043,39.9448074],[-2.601109,39.9450057],[-2.6009765,39.9452411],[-2.6008625,39.9453665],[-2.6007318,39.9454807],[-2.6006946,39.9455859]]},"properties":{"category":"road","name":"Calle Eras Altas","highway":"residential","surface":"asphalt"}},{"type":"Feature","id":"way/279396126","geometry":{"type":"LineString","coordinates":[[-2.5574488,39.9505636],[-2.5575453,39.950691],[-2.5576526,39.9507938],[-2.5578028,39.9509131],[-2.5578833,39.9509995],[-2.5579852,39.9511516],[-2.5580335,39.951238],[-2.5581247,39.9513161],[-2.5582212,39.9514025],[-2.5583285,39.9515012],[-2.5584412,39.9516369],[-2.5585485,39.9517726],[-2.5586343,39.9518672],[-2.5587416,39.9519741],[-2.5588864,39.9520687],[-2.5590473,39.9521674],[-2.5592458,39.9522537],[-2.5594229,39.9523606],[-2.5596857,39.9526608],[-2.5597876,39.9527842],[-2.5598681,39.952924],[-2.5599378,39.9530145],[-2.5600183,39.9531543],[-2.5601095,39.953253],[-2.5602222,39.9533805],[-2.5603563,39.9534915],[-2.5605065,39.9536149],[-2.5606567,39.9537834],[-2.5607693,39.9539849],[-2.5608498,39.9541494],[-2.5609732,39.9542687],[-2.561118,39.9544167],[-2.5613326,39.9546059],[-2.5615203,39.9547087],[-2.5616169,39.9547662],[-2.5617456,39.9547991],[-2.5619495,39.9548197],[-2.5621802,39.9548937],[-2.5624108,39.9549965],[-2.5625396,39.9550623],[-2.5627756,39.9552021],[-2.5628722,39.9552761],[-2.5629741,39.9553543],[-2.5631404,39.9554489],[-2.5632745,39.9555393],[-2.563414,39.9556339],[-2.5635642,39.9556997],[-2.5637144,39.9557573],[-2.5639021,39.9557326],[-2.5641006,39.9556668],[-2.5642937,39.9556216],[-2.5644064,39.9555887],[-2.5645727,39.955564],[-2.5647229,39.9555763],[-2.5648677,39.9556339],[-2.5650126,39.9556709],[-2.565195,39.9557531],[-2.5653291,39.9558313],[-2.5654632,39.955893],[-2.5655812,39.9559423],[-2.565667,39.9559505],[-2.5658226,39.9559587],[-2.5659406,39.9559259],[-2.5660586,39.955893],[-2.5662142,39.955893],[-2.5663751,39.9559423],[-2.5665629,39.9560122],[-2.5667828,39.9560287],[-2.566992,39.9560533],[-2.5671905,39.9560821],[-2.567389,39.9561561],[-2.5675339,39.9562014],[-2.5676733,39.9562384],[-2.5678718,39.9563042],[-2.5680596,39.9563741],[-2.5682312,39.9564193],[-2.5684136,39.9564563],[-2.5686228,39.9565015],[-2.5687945,39.9565262],[-2.5689876,39.9565427],[-2.5691164,39.9566002],[-2.5692451,39.9566496],[-2.5693631,39.9566784],[-2.5695133,39.9566742],[-2.5696796,39.9567154],[-2.5698674,39.9567853],[-2.5701249,39.9568798],[-2.5702804,39.9569292],[-2.5704306,39.9569621],[-2.5705594,39.9569785],[-2.5706667,39.9569621],[-2.5707793,39.9569621],[-2.5709349,39.9570196],[-2.5711012,39.9570649],[-2.5712997,39.9570937],[-2.5715089,39.9571348],[-2.571761,39.9571718],[-2.5720292,39.9571595],[-2.5721741,39.9571677],[-2.5723404,39.9572252],[-2.5724852,39.9572828],[-2.5726461,39.9572951],[-2.5728607,39.9573198],[-2.5731611,39.9573692],[-2.5734347,39.957328],[-2.5736439,39.9573609],[-2.5739068,39.9574144],[-2.574234,39.9574596],[-2.5744164,39.957472],[-2.5745666,39.9574925],[-2.5747585,39.9575478],[-2.5749153,39.9576364],[-2.5750011,39.9577146],[-2.5750977,39.9577927],[-2.5752211,39.9578873],[-2.5753123,39.9579572],[-2.5754356,39.9580394],[-2.5755858,39.9581011],[-2.5758058,39.9581915],[-2.5760043,39.9582656],[-2.5761437,39.9583272],[-2.576294,39.9583848],[-2.5764227,39.9584629],[-2.5765193,39.9585534],[-2.5766426,39.9586397],[-2.5767767,39.9587343],[-2.5769645,39.9588207],[-2.5771576,39.9589317],[-2.5773346,39.959055],[-2.5776136,39.9592113],[-2.5777638,39.9593017],[-2.5779301,39.9594087],[-2.5780857,39.9595156],[-2.5782895,39.9596348],[-2.5784129,39.9597294],[-2.5786382,39.9598692],[-2.5788635,39.9599966],[-2.5790405,39.9601036],[-2.5792015,39.9602022],[-2.5793463,39.9602968],[-2.5795233,39.9603955],[-2.5796735,39.9604777],[-2.5798184,39.9605682],[-2.5799096,39.9606628],[-2.57999,39.960745],[-2.580049,39.9608067],[-2.5801832,39.9608231],[-2.5803012,39.9608313],[-2.5804514,39.960893],[-2.5805479,39.9609711],[-2.5806767,39.9610328],[-2.5808215,39.961041],[-2.5809395,39.9610328],[-2.5810683,39.9610164],[-2.5811809,39.9610205],[-2.5813258,39.9610246],[-2.5814652,39.9610328],[-2.5815833,39.9610657],[-2.5816906,39.9610821],[-2.5818408,39.9610821],[-2.5820017,39.9611027],[-2.5821465,39.9611233],[-2.5822699,39.9611233],[-2.5824362,39.961115],[-2.5826186,39.9610986],[-2.5827473,39.9610986],[-2.5828493,39.9611274],[-2.5829566,39.9611685],[-2.5830907,39.9611685],[-2.5832731,39.9611726],[-2.5834125,39.9611973],[-2.5835198,39.9612137],[-2.5836539,39.9612343],[-2.5837934,39.9612137],[-2.5838739,39.9611932],[-2.5839865,39.9611644],[-2.5840938,39.961152],[-2.5842065,39.9611274],[-2.5842869,39.9610945],[-2.5844103,39.9610657],[-2.5845176,39.961041],[-2.5846142,39.9610246],[-2.5846893,39.961041],[-2.5848019,39.9610904],[-2.584877,39.9611192],[-2.5849897,39.9611192],[-2.5851077,39.9611068],[-2.5851989,39.9610904],[-2.5853062,39.9610904],[-2.585451,39.9611356],[-2.5855905,39.9611767],[-2.5857568,39.9611685],[-2.5858909,39.9611233],[-2.5860035,39.9610945],[-2.5861538,39.9611192],[-2.5862986,39.9611685],[-2.5864434,39.9612137],[-2.5866419,39.9612425],[-2.586776,39.9612466],[-2.5869638,39.9612261],[-2.5871569,39.9612384],[-2.5874037,39.9612466],[-2.5876182,39.9612466],[-2.5877523,39.9612713],[-2.5879401,39.9612836],[-2.5881279,39.9612795],[-2.5883102,39.9613042],[-2.5884926,39.9613289],[-2.588675,39.9613371],[-2.5889057,39.9613823],[-2.5890935,39.9614563],[-2.5892919,39.9615344],[-2.5895011,39.9616002],[-2.5896245,39.9616413],[-2.5898123,39.9616866],[-2.590043,39.96174],[-2.5902683,39.9617688],[-2.5904882,39.9617606],[-2.5908315,39.9617894],[-2.5911695,39.9618181],[-2.5915021,39.9618551],[-2.5917488,39.9619004],[-2.59206,39.9619415],[-2.5923228,39.9619538],[-2.5924623,39.9619621],[-2.5926286,39.9619621],[-2.5928485,39.9619621],[-2.5929827,39.9619785],[-2.5931275,39.9619497],[-2.593208,39.961925],[-2.5933099,39.961888],[-2.5934118,39.9618469],[-2.5935513,39.9618305],[-2.5937176,39.9618469],[-2.5938571,39.9618798],[-2.5939751,39.9618839],[-2.5941467,39.9618675],[-2.5942808,39.9618551],[-2.5944096,39.9618305],[-2.5945598,39.9617894],[-2.5947315,39.9617441],[-2.5949085,39.9616783],[-2.5951392,39.9615879],[-2.5953323,39.9615098],[-2.5954235,39.9614728],[-2.5955683,39.9614728],[-2.5956917,39.9614645],[-2.5958312,39.9614316],[-2.5959492,39.9614029],[-2.5960028,39.9613988],[-2.5960887,39.9614152],[-2.5961745,39.9614728],[-2.5962764,39.9615262],[-2.5964266,39.9615468],[-2.5965339,39.961555],[-2.5966519,39.9615385],[-2.5968021,39.9615221],[-2.5969362,39.9614933],[-2.5970599,39.9614495],[-2.5972155,39.9614042],[-2.59736,39.9613617],[-2.5974995,39.9613206],[-2.5976765,39.9612302],[-2.597875,39.9611685],[-2.5981543,39.9610835],[-2.5983632,39.9610287],[-2.5986153,39.960967],[-2.5989693,39.9608725],[-2.5991678,39.9608149],[-2.5993609,39.9607614],[-2.5996506,39.9606956],[-2.5999135,39.9606628],[-2.6001066,39.9606422],[-2.6004499,39.9606011],[-2.6007503,39.9605764],[-2.601099,39.9605558],[-2.6014105,39.9605407],[-2.6016408,39.9605476],[-2.6022148,39.9605024],[-2.6028532,39.9604777],[-2.6035398,39.9604284],[-2.6040763,39.9603955],[-2.6044571,39.9603708],[-2.6048756,39.9603379],[-2.6051062,39.9603215],[-2.6054335,39.9603009],[-2.6059216,39.960268],[-2.6062757,39.9602351],[-2.6065224,39.9602063],[-2.6068068,39.9601817],[-2.6071581,39.9601632],[-2.6072574,39.9601673],[-2.6073808,39.9601652],[-2.6075256,39.9601652],[-2.6076704,39.9601652],[-2.6079011,39.960157],[-2.6082069,39.9601529],[-2.6084966,39.9601447],[-2.6088882,39.9601447],[-2.6091138,39.960146],[-2.6095051,39.9601406],[-2.6098216,39.9601447],[-2.6099879,39.9601488],[-2.6101917,39.9601364],[-2.6103634,39.9600871],[-2.6104921,39.9600542],[-2.6106316,39.9600295],[-2.6107711,39.959972],[-2.6108998,39.9599309],[-2.6110017,39.9599062],[-2.6111358,39.959898],[-2.6113075,39.9599267],[-2.6114684,39.959935],[-2.6116401,39.9599596],[-2.6118386,39.9599679],[-2.6120317,39.9599638],[-2.6122248,39.9599596],[-2.6123589,39.9599638],[-2.6124877,39.9599761],[-2.6126432,39.9599925],[-2.6128525,39.9599802],[-2.6130134,39.9599925],[-2.6131851,39.9600049],[-2.6133889,39.9599679],[-2.6135606,39.9599473],[-2.6137108,39.9599391],[-2.613861,39.959898],[-2.6140916,39.959898],[-2.6142579,39.9599267],[-2.6144618,39.9599473],[-2.614671,39.9599267],[-2.6149499,39.959898],[-2.6151967,39.9598692],[-2.6154435,39.9598075],[-2.6156688,39.9597417],[-2.6159316,39.95968],[-2.6161301,39.9596101],[-2.6162964,39.9595649],[-2.6164466,39.9595115],[-2.6166397,39.9594251],[-2.6167792,39.9593388],[-2.6168972,39.9592442],[-2.616967,39.9591825],[-2.6170957,39.9591044],[-2.6172566,39.9590427],[-2.6174283,39.9589769],[-2.6175946,39.9588988],[-2.6177609,39.9588371],[-2.6179379,39.958722],[-2.6181686,39.9585904],[-2.6183027,39.9585082],[-2.6183993,39.9584465],[-2.6185763,39.958356],[-2.6187265,39.9582738],[-2.6189196,39.9581957],[-2.6190752,39.9581216],[-2.6192737,39.9580271],[-2.6194185,39.9579695],[-2.619617,39.9578832],[-2.6197672,39.9578297],[-2.6198986,39.9577783],[-2.6200059,39.9577331],[-2.6201293,39.9576919],[-2.6202473,39.9576467],[-2.6203331,39.9576035],[-2.6204565,39.957548],[-2.6205987,39.9574925],[-2.6207355,39.9574267],[-2.620832,39.9573959],[-2.620942,39.9573363],[-2.6210976,39.9572787],[-2.6213497,39.95718],[-2.6215696,39.9571183],[-2.621811,39.9570567],[-2.6220524,39.9569785],[-2.6222938,39.956921],[-2.6225299,39.9568387],[-2.6229215,39.9567318],[-2.6232326,39.956629],[-2.6234579,39.9565632],[-2.623651,39.9565098],[-2.623812,39.9564604],[-2.6240212,39.9564028],[-2.6241928,39.9563412],[-2.6244396,39.9562836],[-2.6246166,39.9562343],[-2.6248044,39.9561931],[-2.6249546,39.9561438],[-2.6250511,39.9561027],[-2.6251853,39.9560122],[-2.6253247,39.9558971],[-2.6254535,39.9557778],[-2.6256037,39.9556832],[-2.6257002,39.9555928],[-2.6258558,39.95549],[-2.6260221,39.9553584],[-2.6262152,39.9552104],[-2.626403,39.9550788],[-2.6266122,39.9549307],[-2.6268375,39.9547704],[-2.626977,39.954684],[-2.6270628,39.9546306],[-2.6272345,39.9545072],[-2.6273847,39.9544332],[-2.627551,39.9543633],[-2.6276743,39.9543016],[-2.6278246,39.9542522],[-2.6279372,39.9542111],[-2.628082,39.9541577],[-2.6282269,39.9541124],[-2.6283771,39.954059],[-2.6285166,39.9539932],[-2.6286292,39.9539356],[-2.6288009,39.9538739],[-2.6289618,39.9538287],[-2.6291657,39.9538163],[-2.629332,39.9538246],[-2.6295304,39.9538492],[-2.6297128,39.9538657],[-2.6298416,39.9538492],[-2.6299757,39.9538369],[-2.6301473,39.9538205],[-2.6303405,39.9537917],[-2.6305443,39.9537711],[-2.6306891,39.9537423],[-2.6307964,39.9537218],[-2.6309574,39.9536848],[-2.6310968,39.9536724],[-2.6312202,39.953656],[-2.6313865,39.9536889],[-2.6315421,39.9537135],[-2.6317406,39.9537094],[-2.6319712,39.9536519],[-2.6321858,39.9536066],[-2.6323468,39.9535655],[-2.632454,39.9535491],[-2.6325989,39.9535326],[-2.6328135,39.9535491],[-2.6329744,39.9535655],[-2.6331621,39.9535491],[-2.6332802,39.953512],[-2.6335269,39.9534463],[-2.6336718,39.9534216],[-2.6338756,39.953364],[-2.6341009,39.9532941],[-2.6343638,39.953216],[-2.6345354,39.9531707],[-2.6347017,39.9531296],[-2.6347983,39.9530967],[-2.6349378,39.9530391],[-2.6350987,39.9529528],[-2.6352328,39.9528623],[-2.6353884,39.9527842],[-2.635501,39.9527019],[-2.6357049,39.9525827],[-2.6359248,39.9524717],[-2.6360911,39.9523771],[-2.6362306,39.9522866],[-2.6364183,39.9521797],[-2.6366437,39.9520522],[-2.636767,39.9519823],[-2.636928,39.9519001],[-2.637105,39.9518096],[-2.6372981,39.9517027],[-2.6375181,39.9515546],[-2.637679,39.9514107],[-2.6378238,39.9512791],[-2.6379472,39.9511886],[-2.6381457,39.9510324],[-2.6383066,39.950946],[-2.6384568,39.9508638],[-2.6386821,39.9507733],[-2.6387948,39.9507157],[-2.6389182,39.950617],[-2.6390094,39.9505183],[-2.6392186,39.9502798],[-2.639358,39.9501729],[-2.6395512,39.9500454],[-2.6397336,39.9499138],[-2.6399857,39.9497328],[-2.6401359,39.9496383],[-2.6402861,39.9495519],[-2.6405811,39.9494285],[-2.6408762,39.9493052],[-2.6413053,39.9491407],[-2.6416755,39.9489967],[-2.6420027,39.9488569],[-2.6423138,39.9487294],[-2.6427269,39.9485855],[-2.6429576,39.9485032],[-2.6431936,39.9484457],[-2.6433545,39.9483922],[-2.6435155,39.9483552],[-2.6437676,39.9482729],[-2.6440036,39.9481989],[-2.6441699,39.948129],[-2.6443362,39.948055],[-2.6445133,39.9479439],[-2.644701,39.9478247],[-2.6448995,39.9477013],[-2.6450926,39.9475656],[-2.6452106,39.9474916],[-2.6454306,39.9473887],[-2.6456988,39.9472612],[-2.6458758,39.9471296],[-2.6459724,39.9470309],[-2.6461226,39.9468952],[-2.6462513,39.9467595],[-2.6463747,39.9466238],[-2.6464927,39.9464305],[-2.6466161,39.946303],[-2.6467609,39.9462002],[-2.6469058,39.9461221],[-2.6470774,39.9460357],[-2.6473779,39.9459123],[-2.6476783,39.9457972],[-2.6480109,39.9456738],[-2.6483113,39.9455586],[-2.6485522,39.9454591],[-2.6488692,39.9453283],[-2.6491267,39.9452091],[-2.6494539,39.9450569],[-2.6496368,39.9449363],[-2.6497972,39.9448286],[-2.6499903,39.9447073],[-2.6503176,39.9444749],[-2.6506501,39.9442508],[-2.6508515,39.9440993],[-2.6510471,39.9439752],[-2.6513368,39.943749],[-2.6516801,39.9434365],[-2.6518518,39.9432843],[-2.6520342,39.9430951],[-2.6521468,39.9428977],[-2.6522541,39.9427373],[-2.6523729,39.9425965],[-2.6526135,39.9423507],[-2.6528013,39.9422026],[-2.6532197,39.9418695],[-2.6536704,39.9415708],[-2.6540079,39.941387],[-2.6543462,39.941195],[-2.6546413,39.9410099],[-2.6549524,39.9408248],[-2.6552582,39.9406685],[-2.6555586,39.9405616],[-2.6558751,39.9404341],[-2.6561648,39.940323],[-2.6564371,39.9402076],[-2.6567012,39.9400886],[-2.657125,39.9399158],[-2.6574576,39.9397801],[-2.6577035,39.9396958]]},"properties":{"category":"water","name":"Río Jualón"}},{"type":"Feature","id":"way/323555019","geometry":{"type":"LineString","coordinates":[[-2.6069856,39.9450664],[-2.606503,39.9453093]]},"properties":{"category":"road","name":"","highway":"secondary","ref":"CM-2102"}},{"type":"Feature","id":"way/323555020","geometry":{"type":"LineString","coordinates":[[-2.6020306,39.9495953],[-2.6018811,39.9498598]]},"properties":{"category":"road","name":"","highway":"secondary","ref":"CM-2102"}},{"type":"Feature","id":"way/323555021","geometry":{"type":"LineString","coordinates":[[-2.6018811,39.9498598],[-2.6015203,39.9505435],[-2.6008722,39.9523215],[-2.6006354,39.9527256]]},"properties":{"category":"road","name":"","highway":"secondary","ref":"CM-2102"}},{"type":"Feature","id":"way/323555022","geometry":{"type":"LineString","coordinates":[[-2.606503,39.9453093],[-2.6056302,39.9458643],[-2.6049556,39.9463487],[-2.604428,39.9467696],[-2.6039517,39.9471959],[-2.6035097,39.9476461],[-2.6031563,39.948024],[-2.6028299,39.9484156],[-2.602366,39.9490592],[-2.6020306,39.9495953]]},"properties":{"category":"road","name":"","highway":"secondary","ref":"CM-2102"}},{"type":"Feature","id":"way/323555023","geometry":{"type":"LineString","coordinates":[[-2.5959074,39.9398111],[-2.5958965,39.9399185],[-2.5959043,39.9400126],[-2.5958964,39.9402686],[-2.5959148,39.9404139],[-2.5959535,39.9406893],[-2.5959695,39.940803],[-2.5959871,39.9410049],[-2.5959897,39.9411743],[-2.5959956,39.9412932],[-2.5960166,39.9414686],[-2.5960788,39.941728],[-2.5961389,39.9419034],[-2.5962063,39.9420858],[-2.5962739,39.9422761],[-2.596451,39.9428423]]},"properties":{"category":"road","name":"","highway":"track","surface":"unpaved"}},{"type":"Feature","id":"way/323555025","geometry":{"type":"LineString","coordinates":[[-2.5961095,39.9440112],[-2.5959006,39.9442233],[-2.5957522,39.9444093],[-2.5954286,39.9448151],[-2.5951458,39.9451787],[-2.5949209,39.9455684],[-2.5948636,39.945628],[-2.5945291,39.9460702],[-2.5937773,39.9458544]]},"properties":{"category":"road","name":"Calle de Santa Quiteria","highway":"residential"}},{"type":"Feature","id":"way/323555026","geometry":{"type":"LineString","coordinates":[[-2.5987468,39.9482053],[-2.5985161,39.9483154],[-2.5982853,39.9484362]]},"properties":{"category":"road","name":"","highway":"residential"}},{"type":"Feature","id":"way/323555028","geometry":{"type":"LineString","coordinates":[[-2.5981898,39.9432552],[-2.5983141,39.9426367]]},"properties":{"category":"road","name":"","highway":"residential"}},{"type":"Feature","id":"way/323555029","geometry":{"type":"LineString","coordinates":[[-2.6000883,39.9477431],[-2.6001334,39.9478344],[-2.600177,39.9479246],[-2.600315,39.9481476],[-2.6003715,39.9482683],[-2.6004003,39.9483664],[-2.6004686,39.9485508],[-2.6005232,39.9486959],[-2.6007305,39.9490893]]},"properties":{"category":"road","name":"","highway":"track"}},{"type":"Feature","id":"way/323555030","geometry":{"type":"LineString","coordinates":[[-2.6004333,39.9475688],[-2.5998339,39.9466804],[-2.5994489,39.9461829],[-2.5996013,39.9460945],[-2.5997161,39.9460061],[-2.6000296,39.9458119],[-2.6002254,39.9456201]]},"properties":{"category":"road","name":"Calle Juan Carlos I","highway":"residential","surface":"asphalt"}},{"type":"Feature","id":"way/323555032","geometry":{"type":"LineString","coordinates":[[-2.5973788,39.9420961],[-2.597459,39.942161],[-2.5975968,39.9422532],[-2.5976713,39.942308]]},"properties":{"category":"road","name":"","highway":"track","surface":"unpaved"}},{"type":"Feature","id":"way/323555033","geometry":{"type":"LineString","coordinates":[[-2.606832,39.9452614],[-2.6071312,39.9452891],[-2.6081061,39.9454591]]},"properties":{"category":"road","name":"","highway":"track"}},{"type":"Feature","id":"way/323555034","geometry":{"type":"LineString","coordinates":[[-2.5901914,39.9475136],[-2.5903287,39.9468123],[-2.5903157,39.9463259],[-2.5901992,39.944673],[-2.5902413,39.9442858],[-2.5905164,39.9429679],[-2.5910538,39.9420521],[-2.5917433,39.9410121],[-2.5920541,39.9406572],[-2.5925753,39.9400962],[-2.592721,39.9399845],[-2.5931289,39.9398257],[-2.5935206,39.9396842],[-2.5941065,39.9396296],[-2.5946925,39.9396768],[-2.5957575,39.9398133],[-2.5959074,39.9398111],[-2.5965479,39.9399348],[-2.5969356,39.9400128],[-2.597048,39.9400178],[-2.5973171,39.9400247],[-2.5976697,39.9400377],[-2.5980112,39.9400642],[-2.5981062,39.9400793],[-2.5981733,39.9401262],[-2.5981911,39.9402033],[-2.5981744,39.9404927],[-2.5981733,39.9406076],[-2.5981911,39.9406949],[-2.5982222,39.9407353],[-2.5983182,39.9407347],[-2.5984551,39.9407296],[-2.5987949,39.9407124],[-2.5991401,39.9407136],[-2.599277,39.9407256],[-2.5993884,39.9406451],[-2.5995083,39.9405363],[-2.5995688,39.9404974],[-2.5996599,39.9404822],[-2.5998656,39.9404797],[-2.6002388,39.9404747]]},"properties":{"category":"road","name":"","highway":"track","surface":"unpaved"}},{"type":"Feature","id":"way/323555035","geometry":{"type":"LineString","coordinates":[[-2.6123431,39.9249806],[-2.6122408,39.9250794],[-2.6116916,39.925855],[-2.610429,39.9275243],[-2.6095617,39.9286774],[-2.6083661,39.9302644],[-2.6082288,39.9304143],[-2.6075691,39.9312377],[-2.607251,39.9315843],[-2.606397,39.9324831],[-2.6054694,39.9333793],[-2.6050422,39.9337803],[-2.6046087,39.9341343],[-2.604458,39.9343114],[-2.6042839,39.9345811],[-2.6042136,39.934766],[-2.6041131,39.9352076],[-2.6040629,39.9355363],[-2.6040294,39.9359035],[-2.6039825,39.9361243],[-2.6038954,39.9363195]]},"properties":{"category":"road","name":"","highway":"track"}},{"type":"Feature","id":"way/323555036","geometry":{"type":"LineString","coordinates":[[-2.6037066,39.9497372],[-2.6035043,39.9497501],[-2.6032148,39.9497707],[-2.6029466,39.9497767],[-2.6026527,39.9497846],[-2.6023421,39.9497865],[-2.6021466,39.9497673],[-2.6020288,39.9497622],[-2.6019671,39.9498037]]},"properties":{"category":"road","name":"","highway":"track"}},{"type":"Feature","id":"way/323555037","geometry":{"type":"LineString","coordinates":[[-2.6037749,39.9339956],[-2.6038787,39.9341522],[-2.6041399,39.9344219],[-2.6042839,39.9345811]]},"properties":{"category":"road","name":"","highway":"track"}},{"type":"Feature","id":"way/323555039","geometry":{"type":"LineString","coordinates":[[-2.592721,39.9399845],[-2.5927299,39.9400733],[-2.5929756,39.9405117],[-2.5933206,39.9409754],[-2.5936489,39.9414271]]},"properties":{"category":"road","name":"","highway":"track"}},{"type":"Feature","id":"way/323555041","geometry":{"type":"LineString","coordinates":[[-2.5942581,39.9467843],[-2.5939002,39.9468579],[-2.5932065,39.9471264],[-2.5921677,39.9477091],[-2.5917445,39.947988],[-2.5914768,39.9481934]]},"properties":{"category":"road","name":"","highway":"track"}},{"type":"Feature","id":"way/323555043","geometry":{"type":"LineString","coordinates":[[-2.5988654,39.9483917],[-2.5987468,39.9482053],[-2.5984383,39.9478666],[-2.5983314,39.9480956],[-2.5982817,39.9482626],[-2.5983096,39.9483367],[-2.5982853,39.9484362],[-2.5981272,39.9488027]]},"properties":{"category":"road","name":"Calle Iglesia","highway":"residential","surface":"asphalt"}},{"type":"Feature","id":"way/323555045","geometry":{"type":"LineString","coordinates":[[-2.5917433,39.9410121],[-2.5920305,39.9411457],[-2.5922385,39.9412109],[-2.5925172,39.941374],[-2.5930418,39.9417978],[-2.5938025,39.9426275],[-2.5938605,39.9426757],[-2.5941995,39.9429572],[-2.5946584,39.9431318]]},"properties":{"category":"road","name":"","highway":"track"}},{"type":"Feature","id":"way/323555047","geometry":{"type":"LineString","coordinates":[[-2.5957575,39.9398133],[-2.5956832,39.9398704],[-2.5954611,39.9401458],[-2.5950878,39.9404284],[-2.5946531,39.9408305],[-2.5946106,39.9409283],[-2.594535,39.9414319],[-2.5943601,39.9418341],[-2.5940953,39.9421957]]},"properties":{"category":"road","name":"","highway":"track"}},{"type":"Feature","id":"way/323563051","geometry":{"type":"LineString","coordinates":[[-2.606484,39.9569713],[-2.6066612,39.9569669],[-2.6070214,39.9568705]]},"properties":{"category":"road","name":"","highway":"track"}},{"type":"Feature","id":"way/380736375","geometry":{"type":"LineString","coordinates":[[-2.5967159,39.9496282],[-2.5963103,39.9506696],[-2.5961651,39.9508906],[-2.5960636,39.9509996],[-2.5937658,39.9533541],[-2.5925981,39.9546926],[-2.5922397,39.95514],[-2.5921931,39.9552355],[-2.5921839,39.9553622],[-2.592199,39.955464],[-2.5923504,39.9557401]]},"properties":{"category":"road","name":"","highway":"tertiary","ref":"CM-2102a","surface":"asphalt"}},{"type":"Feature","id":"way/380736430","geometry":{"type":"LineString","coordinates":[[-2.5967159,39.9496282],[-2.5966025,39.9495942],[-2.5956797,39.9495104],[-2.5948277,39.9494367]]},"properties":{"category":"road","name":"","highway":"tertiary","ref":"CU-V-7031","surface":"asphalt"}},{"type":"Feature","id":"way/380736450","geometry":{"type":"LineString","coordinates":[[-2.6031449,39.9452473],[-2.6030669,39.9452771],[-2.6029092,39.9452963],[-2.6025518,39.9453534],[-2.6006946,39.9455859],[-2.60055,39.9455879],[-2.6002254,39.9456201],[-2.5998163,39.9456658],[-2.5996017,39.9456994],[-2.59891,39.9458],[-2.5988344,39.945811],[-2.5987624,39.9458144],[-2.5983704,39.9458024]]},"properties":{"category":"road","name":"Calle la Estrella","highway":"tertiary","surface":"asphalt"}},{"type":"Feature","id":"way/660170665","geometry":{"type":"LineString","coordinates":[[-2.5598927,39.8956887],[-2.5599382,39.8963796],[-2.5604639,39.8969723],[-2.5609252,39.8972274],[-2.5621591,39.8975484],[-2.5626848,39.8981987],[-2.5631139,39.8985279],[-2.5643907,39.8991864],[-2.566354,39.8998943],[-2.5664506,39.9004128],[-2.5681887,39.9008243],[-2.5684998,39.9012441],[-2.5691006,39.9015157],[-2.5703773,39.9018202],[-2.5709031,39.9019355],[-2.5721798,39.9024375],[-2.5738964,39.9037297],[-2.575141,39.9044457],[-2.5759993,39.9052029],[-2.5764606,39.9052852],[-2.5767503,39.9056803],[-2.5770721,39.9061247],[-2.5782201,39.9067831],[-2.5786278,39.9071123],[-2.5788746,39.9074168],[-2.5794003,39.9077213],[-2.5798187,39.9078694],[-2.5802801,39.9080094],[-2.5805999,39.9080577],[-2.5810418,39.9081246],[-2.5815997,39.9086019],[-2.582061,39.9088406],[-2.5823615,39.9091944],[-2.5828657,39.909178],[-2.5832734,39.9094578],[-2.5836811,39.9095154],[-2.5849042,39.910865],[-2.5860522,39.9123381],[-2.5865993,39.9130047],[-2.5872645,39.9141485],[-2.5881979,39.915745],[-2.5889382,39.9166995],[-2.5896356,39.9178433],[-2.5907836,39.9188965],[-2.5913415,39.9196453],[-2.5919745,39.9200156],[-2.5922856,39.9204353],[-2.5925217,39.9210277],[-2.5923715,39.921867],[-2.5925968,39.9227474],[-2.5925539,39.9238664],[-2.5926933,39.9246234],[-2.5926826,39.9249607],[-2.5923607,39.9255366],[-2.5926397,39.9265486],[-2.5928006,39.9274537],[-2.593262,39.9284327],[-2.5936267,39.9295599],[-2.5936482,39.930251],[-2.5934014,39.9310819],[-2.5934014,39.9314357],[-2.5935503,39.9318423],[-2.5935731,39.9319046],[-2.5937887,39.9322907],[-2.5938735,39.9326697],[-2.5939329,39.9333257],[-2.5940022,39.9336569],[-2.5943456,39.9347922],[-2.5950644,39.9355161],[-2.5958261,39.9369064],[-2.5961158,39.9377126],[-2.5961158,39.9382391],[-2.5960474,39.9387812],[-2.5959679,39.9391489],[-2.5959471,39.9393292],[-2.5959074,39.9398111]]},"properties":{"category":"road","name":"","highway":"track"}},{"type":"Feature","id":"way/660170667","geometry":{"type":"LineString","coordinates":[[-2.592721,39.9399845],[-2.5923715,39.9386833],[-2.5911913,39.937219],[-2.5908372,39.9361249],[-2.5905368,39.9355161],[-2.5904725,39.9351377],[-2.5904725,39.9345125],[-2.5902793,39.9337885],[-2.5903652,39.9334595],[-2.5901184,39.9327684],[-2.5901291,39.9319211],[-2.5898395,39.9316249],[-2.5894425,39.931304],[-2.5886807,39.9303003],[-2.5875113,39.929889],[-2.5871251,39.9290745],[-2.5869856,39.9285973],[-2.5864277,39.9274537],[-2.5864384,39.9266556],[-2.586256,39.9264417],[-2.5857947,39.9260385],[-2.5857947,39.9257176],[-2.5859556,39.9252322],[-2.5859985,39.9250183],[-2.5858912,39.9245987],[-2.5853977,39.924105],[-2.5846682,39.922624],[-2.584121,39.9217353],[-2.5834343,39.9206903],[-2.5829837,39.9196947],[-2.581471,39.917761],[-2.581471,39.9171603],[-2.5815461,39.9164526],[-2.5812671,39.9162634]]},"properties":{"category":"road","name":"","highway":"track"}},{"type":"Feature","id":"way/660170674","geometry":{"type":"LineString","coordinates":[[-2.5926397,39.9265486],[-2.5916902,39.9268284],[-2.5914112,39.9274701],[-2.5911323,39.927717],[-2.5904671,39.9281119],[-2.590274,39.9284903],[-2.5898019,39.9287371],[-2.589759,39.9291814],[-2.5894157,39.9294776],[-2.5892011,39.9298725],[-2.5886807,39.9303003]]},"properties":{"category":"road","name":"","highway":"track"}},{"type":"Feature","id":"way/660170675","geometry":{"type":"LineString","coordinates":[[-2.5875113,39.929889],[-2.5859395,39.93007],[-2.5844375,39.9291156],[-2.58418,39.9288194],[-2.5819484,39.9274988],[-2.5816185,39.9276267],[-2.5810172,39.9279601],[-2.5802318,39.928803],[-2.5788585,39.9293131],[-2.5782362,39.9307281],[-2.5772926,39.9313484],[-2.5764338,39.9319128],[-2.5746313,39.9327355],[-2.5737516,39.9329823],[-2.5728074,39.933624],[-2.5705115,39.9341012]]},"properties":{"category":"road","name":"","highway":"track"}},{"type":"Feature","id":"way/660170676","geometry":{"type":"LineString","coordinates":[[-2.5937784,39.9442195],[-2.5937156,39.944165],[-2.5930222,39.9439285],[-2.5926117,39.9437846],[-2.5905164,39.9429679],[-2.5890509,39.9425577],[-2.5884501,39.9423438],[-2.5878278,39.9414061],[-2.5863043,39.940748],[-2.5859395,39.9406822],[-2.5817338,39.9398102],[-2.5795237,39.9388396],[-2.5786868,39.9385928],[-2.5766484,39.9380005],[-2.5751678,39.9367172],[-2.5739447,39.9362894],[-2.5719277,39.9349896],[-2.5712839,39.9347099],[-2.5705115,39.9341012],[-2.5682155,39.9321103],[-2.5624005,39.9287042],[-2.5602118,39.9275195],[-2.559568,39.9271904],[-2.5585166,39.9268119],[-2.5567356,39.9248208],[-2.5542556,39.9229778],[-2.5540945,39.9228786],[-2.5527336,39.9219486],[-2.5525127,39.9219057],[-2.5523576,39.9218281],[-2.5521517,39.9216479]]},"properties":{"category":"road","name":"","highway":"track"}},{"type":"Feature","id":"way/660170678","geometry":{"type":"LineString","coordinates":[[-2.5917433,39.9410121],[-2.590746,39.9404519],[-2.589244,39.9398267],[-2.5872484,39.9377208],[-2.585961,39.937145],[-2.5844589,39.93573],[-2.5831071,39.9350225],[-2.5819913,39.9344467],[-2.5804249,39.9331304],[-2.5799314,39.9323406],[-2.5790945,39.932209],[-2.5772926,39.9313484]]},"properties":{"category":"road","name":"","highway":"track"}},{"type":"Feature","id":"way/660170679","geometry":{"type":"LineString","coordinates":[[-2.5899402,39.9494132],[-2.5882851,39.9500526],[-2.5842229,39.9516218],[-2.5828067,39.9523455],[-2.5820986,39.9528061],[-2.5785795,39.9542207],[-2.5755037,39.9548933],[-2.5747575,39.955054],[-2.573126,39.9553254],[-2.5723835,39.9554509],[-2.5715251,39.9555983],[-2.5707835,39.9557002],[-2.5701973,39.9558273],[-2.5696981,39.9559064],[-2.5690049,39.9559287],[-2.5684255,39.9558691],[-2.5679109,39.9558721],[-2.5676975,39.9559259],[-2.5675178,39.9560019],[-2.5673246,39.9560903]]},"properties":{"category":"road","name":"","highway":"track"}},{"type":"Feature","id":"way/660170680","geometry":{"type":"LineString","coordinates":[[-2.5882851,39.9500526],[-2.5845019,39.9497465],[-2.5836221,39.9494998],[-2.5822703,39.9495162],[-2.5792233,39.9488254],[-2.5761548,39.9492202],[-2.574288,39.9491544],[-2.5726143,39.9487925],[-2.5719736,39.9488869],[-2.5714985,39.948957],[-2.5705329,39.9486444],[-2.5687305,39.9488418],[-2.567443,39.9484635],[-2.5660912,39.9486773],[-2.5646321,39.9488254],[-2.5637308,39.9484799],[-2.5628833,39.9484437]]},"properties":{"category":"road","name":"","highway":"track"}},{"type":"Feature","id":"way/660170682","geometry":{"type":"LineString","coordinates":[[-2.5976366,39.949086],[-2.5975297,39.9491948],[-2.5975042,39.9493738],[-2.5975691,39.9496796],[-2.5976698,39.9498271],[-2.5977087,39.9498826],[-2.5977781,39.9499815],[-2.5978118,39.950008],[-2.5978434,39.9500532],[-2.5979233,39.9501526],[-2.597991,39.9502645],[-2.598059,39.9503823],[-2.5981516,39.95065],[-2.5981505,39.9508017],[-2.5981262,39.9509161],[-2.5981081,39.9511227],[-2.5981223,39.9512525],[-2.5981467,39.9512855],[-2.598214,39.9514502],[-2.5982503,39.9516109],[-2.5983266,39.9518393],[-2.5983897,39.9522176],[-2.5984288,39.9524283],[-2.5985041,39.9526583],[-2.5986077,39.952872],[-2.5987369,39.9530071],[-2.5989915,39.9531734],[-2.599245,39.9532855],[-2.5993614,39.9533916],[-2.599467,39.9535567],[-2.5995438,39.9536833]]},"properties":{"category":"road","name":"","highway":"track","surface":"asphalt"}},{"type":"Feature","id":"way/660170683","geometry":{"type":"LineString","coordinates":[[-2.6011217,39.9528316],[-2.6007933,39.953104],[-2.6006685,39.9532028],[-2.6005732,39.9532785],[-2.6002837,39.953471],[-2.6001254,39.9535841],[-2.5999438,39.9537286],[-2.5998086,39.9538398],[-2.5997495,39.9539135],[-2.5997239,39.9539827],[-2.5997361,39.9540837],[-2.5998524,39.9544805],[-2.6000051,39.9548704],[-2.6001368,39.9551927],[-2.6003162,39.9555037],[-2.6004917,39.9556771],[-2.6006398,39.9557877],[-2.6009711,39.9562907],[-2.6010587,39.9565195],[-2.6017967,39.9583163]]},"properties":{"category":"road","name":"","highway":"track"}},{"type":"Feature","id":"way/660170684","geometry":{"type":"LineString","coordinates":[[-2.6037066,39.9497372],[-2.6040308,39.9497359],[-2.6042858,39.9497959],[-2.6079551,39.9509803],[-2.6088992,39.9510131],[-2.6113239,39.9508322],[-2.6117288,39.9507573],[-2.6119462,39.9507171],[-2.6148001,39.9495327],[-2.6157442,39.9493188],[-2.6185552,39.9488089],[-2.6199714,39.9482496],[-2.6223103,39.9475094],[-2.6236192,39.94695],[-2.6266018,39.946802],[-2.6273099,39.9465059],[-2.6285506,39.9465505],[-2.6293055,39.9463578],[-2.6302925,39.9465552],[-2.6310006,39.9466539],[-2.6321593,39.9466704],[-2.6331679,39.9461111],[-2.6340691,39.9461111],[-2.6376311,39.9448444],[-2.6391975,39.9439889],[-2.6407639,39.9433967],[-2.6418868,39.9422939]]},"properties":{"category":"road","name":"","highway":"track"}},{"type":"Feature","id":"way/660170694","geometry":{"type":"LineString","coordinates":[[-2.6321593,39.9466704],[-2.6318375,39.947131],[-2.6319877,39.9480522],[-2.6329747,39.9489241],[-2.6329747,39.9501249],[-2.6337687,39.951556],[-2.630829,39.9525758],[-2.6295201,39.9522962],[-2.6287047,39.9523126],[-2.6277176,39.9523949],[-2.6248208,39.9520494],[-2.6234261,39.9516218],[-2.6201216,39.9511776],[-2.6185552,39.9488089],[-2.6175827,39.9474107],[-2.6173639,39.9472275],[-2.6170743,39.9471095],[-2.6167067,39.946978],[-2.6163178,39.9467542],[-2.6157363,39.9460514],[-2.6151099,39.9456153],[-2.6143349,39.9452064],[-2.6139405,39.9451404],[-2.6135602,39.9451612],[-2.612963,39.9453045],[-2.6121225,39.945493],[-2.6116125,39.9456351],[-2.6113446,39.9456897],[-2.6111517,39.9457094],[-2.610987,39.9456702],[-2.6103584,39.9454304],[-2.6101577,39.9453668],[-2.6099282,39.9453129],[-2.6097124,39.9452827],[-2.6095442,39.9452618],[-2.609327,39.9452577],[-2.6090234,39.9453072],[-2.6086741,39.9453969],[-2.6084113,39.9454589],[-2.6081061,39.9454591]]},"properties":{"category":"road","name":"","highway":"track"}},{"type":"Feature","id":"way/660170695","geometry":{"type":"LineString","coordinates":[[-2.6058793,39.9450455],[-2.6057873,39.9450316],[-2.6053772,39.9450147],[-2.604952,39.9450161],[-2.6042979,39.9450533],[-2.6039143,39.9450893],[-2.6035306,39.9451466],[-2.6032538,39.9451958],[-2.6031449,39.9452473]]},"properties":{"category":"road","name":"","highway":"track","surface":"compacted"}},{"type":"Feature","id":"way/660170696","geometry":{"type":"LineString","coordinates":[[-2.6024276,39.941668],[-2.6025302,39.9421657],[-2.6025529,39.9423055],[-2.6025489,39.9423415],[-2.6025405,39.9423538],[-2.6024278,39.9423948],[-2.6022493,39.9424437],[-2.6020823,39.9425034],[-2.6018214,39.942647],[-2.6015432,39.9427207],[-2.6012038,39.9427759],[-2.6008466,39.9428412],[-2.6007601,39.9428463],[-2.6000162,39.9429446],[-2.5991947,39.9430398]]},"properties":{"category":"road","name":"","highway":"track"}},{"type":"Feature","id":"way/660170697","geometry":{"type":"LineString","coordinates":[[-2.6012497,39.9435469],[-2.6011313,39.9433794],[-2.6010503,39.943194],[-2.6010152,39.9430678],[-2.6008466,39.9428412]]},"properties":{"category":"road","name":"","highway":"track"}},{"type":"Feature","id":"way/660170698","geometry":{"type":"LineString","coordinates":[[-2.6038954,39.9363195],[-2.6037581,39.9365377],[-2.6036706,39.9366574],[-2.6034333,39.9369819],[-2.6032256,39.9371951],[-2.6029711,39.9373799],[-2.6023516,39.9376958],[-2.6020602,39.9379012],[-2.6017495,39.938177],[-2.6015472,39.9383792],[-2.6011259,39.9387423],[-2.6009833,39.9388927],[-2.6008142,39.9391632],[-2.6006541,39.939473],[-2.6004657,39.9398477],[-2.600423,39.9399542],[-2.6004059,39.9399969],[-2.6002388,39.9404747],[-2.5999023,39.9413443]]},"properties":{"category":"road","name":"","highway":"unclassified"}},{"type":"Feature","id":"way/660170699","geometry":{"type":"LineString","coordinates":[[-2.6073811,39.936347],[-2.6060185,39.9368982],[-2.6054714,39.936857],[-2.6047633,39.9366185],[-2.6040659,39.9365691],[-2.6036706,39.9366574]]},"properties":{"category":"road","name":"","highway":"path"}},{"type":"Feature","id":"way/660170700","geometry":{"type":"LineString","coordinates":[[-2.5938605,39.9426757],[-2.5935624,39.9429114],[-2.5937555,39.9433638],[-2.5937784,39.9442195]]},"properties":{"category":"road","name":"","highway":"track"}},{"type":"Feature","id":"way/660170701","geometry":{"type":"LineString","coordinates":[[-2.5939754,39.9442855],[-2.5936466,39.9449349],[-2.5935418,39.9451556],[-2.5934773,39.9451455],[-2.5934176,39.9451753],[-2.5933733,39.9452408],[-2.5933121,39.9453668],[-2.5932792,39.9454592],[-2.593255,39.945517],[-2.5932123,39.9455588],[-2.5931866,39.9456249],[-2.5931712,39.9456759],[-2.5931928,39.9456997],[-2.5937773,39.9458544]]},"properties":{"category":"road","name":"","highway":"track"}},{"type":"Feature","id":"way/660170702","geometry":{"type":"LineString","coordinates":[[-2.5937773,39.9458544],[-2.5937002,39.9458841],[-2.5936452,39.9460078],[-2.593606,39.9460478],[-2.5935477,39.9461375],[-2.5935259,39.9462041],[-2.5935337,39.9462559],[-2.5935439,39.9462991],[-2.593571,39.9463399],[-2.5936265,39.9464326],[-2.5936957,39.9465448]]},"properties":{"category":"road","name":"","highway":"track"}},{"type":"Feature","id":"way/660170703","geometry":{"type":"LineString","coordinates":[[-2.5970113,39.9485622],[-2.5962826,39.9484058],[-2.5961485,39.948356],[-2.5959819,39.9482313],[-2.5958092,39.9480829],[-2.5957201,39.9479639],[-2.5956621,39.9478234],[-2.5956199,39.9477231]]},"properties":{"category":"road","name":"Camino del Lavadero","highway":"track"}},{"type":"Feature","id":"way/660170704","geometry":{"type":"LineString","coordinates":[[-2.595022,39.9470106],[-2.594964,39.9470879],[-2.594432,39.9474672],[-2.5941337,39.9477065],[-2.5941113,39.9477868],[-2.5940908,39.9480675],[-2.5940984,39.948353],[-2.5941208,39.9485585],[-2.5941695,39.9486869],[-2.5943002,39.9489085],[-2.5943983,39.9491394],[-2.5944932,39.9492489],[-2.5945454,39.9493635],[-2.5946245,39.9495677],[-2.5945212,39.9497494],[-2.5944538,39.949826],[-2.5944034,39.9498855],[-2.5943414,39.9499665],[-2.5943019,39.9500306],[-2.5942571,39.950131]]},"properties":{"category":"road","name":"","highway":"track"}},{"type":"Feature","id":"way/660170705","geometry":{"type":"LineString","coordinates":[[-2.5941113,39.9477868],[-2.5932065,39.9471264]]},"properties":{"category":"road","name":"","highway":"track"}},{"type":"Feature","id":"way/660170706","geometry":{"type":"LineString","coordinates":[[-2.5992421,39.948763],[-2.5990882,39.9486775],[-2.5989857,39.9485658],[-2.5988654,39.9483917]]},"properties":{"category":"road","name":"","highway":"track"}},{"type":"Feature","id":"way/660170707","geometry":{"type":"LineString","coordinates":[[-2.5945212,39.9497494],[-2.5944048,39.9498244],[-2.5936098,39.9499941],[-2.5933049,39.9500406],[-2.5929857,39.9500385],[-2.592832,39.9500244],[-2.5926715,39.9500249],[-2.5925041,39.9500229],[-2.5923678,39.9499691],[-2.5922415,39.9499717],[-2.5920991,39.9499395],[-2.5918745,39.9498575],[-2.5917273,39.9497969],[-2.5915695,39.9497651],[-2.5907051,39.9498935],[-2.5901828,39.9500015]]},"properties":{"category":"road","name":"","highway":"track"}},{"type":"Feature","id":"way/660170708","geometry":{"type":"LineString","coordinates":[[-2.5942571,39.950131],[-2.5941601,39.9502977],[-2.5940838,39.9504396],[-2.5940538,39.9505536],[-2.5940934,39.9506965],[-2.5941248,39.950788],[-2.5941722,39.9508672],[-2.5943456,39.9509638],[-2.5946797,39.9511238],[-2.5949239,39.9511999],[-2.5951583,39.9512229],[-2.5953253,39.9512043],[-2.595464,39.9511694],[-2.5960636,39.9509996]]},"properties":{"category":"road","name":"","highway":"track","surface":"compacted"}},{"type":"Feature","id":"way/660170709","geometry":{"type":"LineString","coordinates":[[-2.5960636,39.9509996],[-2.5962348,39.9512322],[-2.5962575,39.9513032],[-2.5962471,39.9513873],[-2.5959495,39.95271],[-2.5959235,39.9529503],[-2.5958173,39.9533135],[-2.5957962,39.9534099],[-2.595766,39.9537731],[-2.5957543,39.9540414]]},"properties":{"category":"road","name":"","highway":"track","surface":"compacted"}},{"type":"Feature","id":"way/660170710","geometry":{"type":"LineString","coordinates":[[-2.5977745,39.9541938],[-2.5983319,39.9523271],[-2.5983897,39.9522176]]},"properties":{"category":"road","name":"","highway":"track"}},{"type":"Feature","id":"way/660170711","geometry":{"type":"LineString","coordinates":[[-2.5914131,39.9520338],[-2.5913552,39.9520767],[-2.5912188,39.9522866],[-2.5911298,39.9523788],[-2.5909959,39.9524683],[-2.5908069,39.952557],[-2.5904419,39.9526938],[-2.5898818,39.95288],[-2.5895782,39.9529924],[-2.5893526,39.9531188],[-2.5886485,39.9535889],[-2.5880572,39.9539494],[-2.5873136,39.9543729],[-2.5871504,39.9544325],[-2.5869413,39.954503],[-2.5865894,39.9545546],[-2.5862292,39.954582],[-2.5859087,39.9546181],[-2.5857607,39.9546471],[-2.5856249,39.9547072],[-2.5852848,39.9549839],[-2.5844892,39.9557863],[-2.5842978,39.9559092],[-2.5841236,39.9559958],[-2.5838554,39.9560933],[-2.5835783,39.9561971],[-2.5832483,39.9563647],[-2.5826741,39.9567774],[-2.5825072,39.9568433],[-2.5822152,39.9569285],[-2.5818607,39.9570734],[-2.5815177,39.9572134],[-2.5811854,39.9573541],[-2.5809868,39.9574614],[-2.5808326,39.9575761]]},"properties":{"category":"road","name":"","highway":"track"}},{"type":"Feature","id":"way/660170712","geometry":{"type":"LineString","coordinates":[[-2.5936098,39.9499941],[-2.5934888,39.9500839],[-2.5933904,39.9501397],[-2.5932667,39.9502104],[-2.5931319,39.950343],[-2.5924729,39.9510004],[-2.5914131,39.9520338]]},"properties":{"category":"road","name":"","highway":"track"}},{"type":"Feature","id":"way/660170718","geometry":{"type":"LineString","coordinates":[[-2.6208511,39.9573397],[-2.6197354,39.9559642],[-2.6188985,39.9554379],[-2.6171175,39.9550267],[-2.6165596,39.9542042],[-2.6156155,39.9536121],[-2.6132551,39.9529706],[-2.6123539,39.9518685],[-2.6117288,39.9507573]]},"properties":{"category":"road","name":"","highway":"track"}},{"type":"Feature","id":"way/736265955","geometry":{"type":"Polygon","coordinates":[[[-2.5975497,39.9444802],[-2.5974921,39.9444965],[-2.5974615,39.9444421],[-2.5974355,39.9443961],[-2.5975107,39.944375],[-2.5975247,39.9444129],[-2.5975497,39.9444802]]]},"properties":{"category":"building","name":"","building":"house","building_levels":"3","height":9.0,"height_estimated":false}},{"type":"Feature","id":"way/736265956","geometry":{"type":"Polygon","coordinates":[[[-2.5975247,39.9444129],[-2.5975843,39.9443985],[-2.5976027,39.944394],[-2.5975895,39.944356],[-2.5975107,39.944375],[-2.5975247,39.9444129]]]},"properties":{"category":"building","name":"","building":"house","building_levels":"2","height":6.0,"height_estimated":false}},{"type":"Feature","id":"way/736265957","geometry":{"type":"Polygon","coordinates":[[[-2.5976027,39.944394],[-2.5976515,39.9443815],[-2.5976282,39.9443461],[-2.5975895,39.944356],[-2.5976027,39.944394]]]},"properties":{"category":"building","name":"","building":"house","building_levels":"1","height":3.0,"height_estimated":false}},{"type":"Feature","id":"way/736265960","geometry":{"type":"Polygon","coordinates":[[[-2.5973107,39.9445996],[-2.5972891,39.9445484],[-2.5973489,39.9445392],[-2.5974084,39.9445258],[-2.5974262,39.9445579],[-2.597367,39.9445864],[-2.5973107,39.9445996]]]},"properties":{"category":"building","name":"","building":"house","building_levels":"2","height":6.0,"height_estimated":false}},{"type":"Feature","id":"way/736265961","geometry":{"type":"Polygon","coordinates":[[[-2.5974084,39.9445258],[-2.5974995,39.9445037],[-2.5975068,39.9445213],[-2.5974377,39.9445666],[-2.5974262,39.9445579],[-2.5974084,39.9445258]]]},"properties":{"category":"landuse","name":"","surface":"paved","leisure":"playground"}},{"type":"Feature","id":"way/736265962","geometry":{"type":"Polygon","coordinates":[[[-2.5974694,39.9448386],[-2.5974198,39.944787],[-2.5973998,39.9447582],[-2.597376,39.9447205],[-2.5973403,39.9446622],[-2.5973107,39.9445996],[-2.5972891,39.9445484],[-2.5972458,39.9444431],[-2.5972976,39.94443],[-2.597353,39.9444159],[-2.5976282,39.9443461],[-2.5976515,39.9443815],[-2.5976906,39.9444431],[-2.5977044,39.9444697],[-2.597757,39.9445709],[-2.5977651,39.9445857],[-2.5977214,39.9445943],[-2.5977446,39.9446402],[-2.597757,39.9446662],[-2.5978007,39.9447509],[-2.5977308,39.9447694],[-2.5976705,39.9447854],[-2.5976055,39.9448025],[-2.5975585,39.944815],[-2.5974694,39.9448386]]]},"properties":{"category":"landuse","name":"","landuse":"residential"}},{"type":"Feature","id":"way/736265965","geometry":{"type":"Polygon","coordinates":[[[-2.5976496,39.9443046],[-2.5976063,39.9443134],[-2.597549,39.9443251],[-2.5975129,39.944335],[-2.5974212,39.9443603],[-2.5973864,39.9443699],[-2.5972719,39.9444014],[-2.597223,39.9444148],[-2.5971775,39.9443529],[-2.5970802,39.9442089],[-2.5970434,39.9441544],[-2.5972043,39.9441226],[-2.597214,39.9441494],[-2.5972241,39.9441772],[-2.5972338,39.9442038],[-2.5972913,39.9441952],[-2.5973371,39.9441884],[-2.597377,39.9441802],[-2.5974297,39.9441693],[-2.5974682,39.9441614],[-2.5976013,39.9441339],[-2.5976101,39.9441649],[-2.5976246,39.9442162],[-2.5976343,39.9442505],[-2.5976496,39.9443046]]]},"properties":{"category":"landuse","name":"","landuse":"residential"}},{"type":"Feature","id":"way/736265966","geometry":{"type":"Polygon","coordinates":[[[-2.597027,39.9441393],[-2.5971346,39.9441185],[-2.5972298,39.9440958],[-2.5972437,39.9441182],[-2.5972701,39.9441606],[-2.5973413,39.9441551],[-2.5973778,39.9441514],[-2.5974095,39.9441472],[-2.5974878,39.9441246],[-2.5975799,39.9440979],[-2.597549,39.9440362],[-2.5974672,39.9440568],[-2.5974478,39.9440236],[-2.5974139,39.9439656],[-2.5973974,39.9439374],[-2.5973572,39.9438686],[-2.5973111,39.9437899],[-2.597258,39.943699],[-2.5972191,39.943707],[-2.5971616,39.9437187],[-2.5970892,39.9437356],[-2.5970709,39.9437407],[-2.5970313,39.9436619],[-2.5968905,39.943701],[-2.596794,39.9437308],[-2.5968283,39.9437909],[-2.5968624,39.9438505],[-2.5968938,39.9439055],[-2.5969328,39.9439737],[-2.5969449,39.9439948],[-2.5969938,39.9440804],[-2.5970521,39.9440615],[-2.5971411,39.9440327],[-2.5972235,39.944006],[-2.5972322,39.9440032],[-2.5972372,39.9440139],[-2.5972473,39.9440344],[-2.5971128,39.9440693],[-2.5970059,39.9440979],[-2.597027,39.9441393]]]},"properties":{"category":"landuse","name":"","landuse":"residential"}},{"type":"Feature","id":"way/736265967","geometry":{"type":"Polygon","coordinates":[[[-2.5975585,39.944815],[-2.5975201,39.9447592],[-2.5974778,39.9447772],[-2.5974727,39.9447672],[-2.5974198,39.944787],[-2.5974694,39.9448386],[-2.5975585,39.944815]]]},"properties":{"category":"building","name":"","building":"house","building_levels":"2","height":6.0,"height_estimated":false}},{"type":"Feature","id":"way/736265968","geometry":{"type":"Polygon","coordinates":[[[-2.5975201,39.9447592],[-2.5975094,39.9447355],[-2.5974849,39.9447038],[-2.5974449,39.9447178],[-2.5974309,39.9447013],[-2.597376,39.9447205],[-2.5973998,39.9447582],[-2.5974198,39.944787],[-2.5974727,39.9447672],[-2.5974778,39.9447772],[-2.5975201,39.9447592]]]},"properties":{"category":"building","name":"","building":"house","building_levels":"3","height":9.0,"height_estimated":false}},{"type":"Feature","id":"way/736265969","geometry":{"type":"Polygon","coordinates":[[[-2.5974849,39.9447038],[-2.5974563,39.9446644],[-2.5974388,39.9446706],[-2.597414,39.9446377],[-2.5973999,39.9446424],[-2.5973403,39.9446622],[-2.597376,39.9447205],[-2.5974309,39.9447013],[-2.5974449,39.9447178],[-2.5974849,39.9447038]]]},"properties":{"category":"building","name":"","building":"house","building_levels":"2","height":6.0,"height_estimated":false}},{"type":"Feature","id":"way/736265970","geometry":{"type":"Polygon","coordinates":[[[-2.5973403,39.9446622],[-2.5973107,39.9445996],[-2.597367,39.9445864],[-2.5973818,39.9446116],[-2.5973999,39.9446424],[-2.5973403,39.9446622]]]},"properties":{"category":"building","name":"","building":"house","building_levels":"2","height":6.0,"height_estimated":false}},{"type":"Feature","id":"way/736265971","geometry":{"type":"Polygon","coordinates":[[[-2.5974084,39.9445258],[-2.5973489,39.9445392],[-2.5973295,39.9444978],[-2.5973869,39.9444831],[-2.5974084,39.9445258]]]},"properties":{"category":"building","name":"","building":"house","building_levels":"1","height":3.0,"height_estimated":false}},{"type":"Feature","id":"way/736265972","geometry":{"type":"Polygon","coordinates":[[[-2.5974615,39.9444421],[-2.5973789,39.9444685],[-2.5973711,39.9444528],[-2.597353,39.9444159],[-2.5974355,39.9443961],[-2.5974615,39.9444421]]]},"properties":{"category":"building","name":"","building":"house","building_levels":"1","height":3.0,"height_estimated":false}},{"type":"Feature","id":"way/736265973","geometry":{"type":"Polygon","coordinates":[[[-2.5973711,39.9444528],[-2.5973151,39.9444672],[-2.5972976,39.94443],[-2.597353,39.9444159],[-2.5973711,39.9444528]]]},"properties":{"category":"building","name":"","building":"house","building_levels":"1","height":3.0,"height_estimated":false}},{"type":"Feature","id":"way/736268741","geometry":{"type":"Polygon","coordinates":[[[-2.5976906,39.9444431],[-2.5976136,39.9444661],[-2.5975519,39.9444841],[-2.5975497,39.9444802],[-2.5974921,39.9444965],[-2.5974995,39.9445037],[-2.5975068,39.9445213],[-2.5975157,39.9445204],[-2.5975317,39.9445485],[-2.5975701,39.9445339],[-2.5975983,39.9445733],[-2.597757,39.9445709],[-2.5977044,39.9444697],[-2.5976906,39.9444431]]]},"properties":{"category":"landuse","name":"","surface":"paved","amenity":"parking"}},{"type":"Feature","id":"way/736268742","geometry":{"type":"Polygon","coordinates":[[[-2.5975983,39.9445733],[-2.5975902,39.9445735],[-2.5975457,39.9445746],[-2.5975325,39.9445598],[-2.5975317,39.9445485],[-2.5975701,39.9445339],[-2.5975983,39.9445733]]]},"properties":{"category":"building","name":"","building":"service","building_levels":"1","height":3.0,"height_estimated":false}},{"type":"Feature","id":"way/736268744","geometry":{"type":"Polygon","coordinates":[[[-2.5976136,39.9444661],[-2.5975843,39.9443985],[-2.5976027,39.944394],[-2.5976515,39.9443815],[-2.5976906,39.9444431],[-2.5976136,39.9444661]]]},"properties":{"category":"building","name":"","building":"house","building_levels":"1","height":3.0,"height_estimated":false}},{"type":"Feature","id":"way/736268745","geometry":{"type":"Polygon","coordinates":[[[-2.597757,39.9445709],[-2.5977651,39.9445857],[-2.5977214,39.9445943],[-2.5975982,39.9446212],[-2.5975902,39.9445735],[-2.5975983,39.9445733],[-2.597757,39.9445709]]]},"properties":{"category":"building","name":"","building":"house","building_levels":"1","height":3.0,"height_estimated":false}},{"type":"Feature","id":"way/736268746","geometry":{"type":"Polygon","coordinates":[[[-2.5977214,39.9445943],[-2.5977446,39.9446402],[-2.5976737,39.9446644],[-2.5976076,39.944687],[-2.5975953,39.9446649],[-2.5975741,39.9446269],[-2.5975982,39.9446212],[-2.5977214,39.9445943]]]},"properties":{"category":"building","name":"","building":"house","building_levels":"2","height":6.0,"height_estimated":false}},{"type":"Feature","id":"way/736268747","geometry":{"type":"Polygon","coordinates":[[[-2.5977446,39.9446402],[-2.597757,39.9446662],[-2.5976847,39.944687],[-2.5976737,39.9446644],[-2.5977446,39.9446402]]]},"properties":{"category":"building","name":"","building":"house","building_levels":"1","height":3.0,"height_estimated":false}},{"type":"Feature","id":"way/736268748","geometry":{"type":"Polygon","coordinates":[[[-2.5976847,39.944687],[-2.5977046,39.9447226],[-2.5977308,39.9447694],[-2.5978007,39.9447509],[-2.597757,39.9446662],[-2.5976847,39.944687]]]},"properties":{"category":"building","name":"","building":"house","building_levels":"2","height":6.0,"height_estimated":false}},{"type":"Feature","id":"way/736268749","geometry":{"type":"Polygon","coordinates":[[[-2.5977308,39.9447694],[-2.5976705,39.9447854],[-2.5976405,39.9447389],[-2.5977046,39.9447226],[-2.5977308,39.9447694]]]},"properties":{"category":"building","name":"","building":"house","building_levels":"1","height":3.0,"height_estimated":false}},{"type":"Feature","id":"way/736268750","geometry":{"type":"Polygon","coordinates":[[[-2.5976705,39.9447854],[-2.5976055,39.9448025],[-2.5975734,39.9447446],[-2.5976344,39.9447276],[-2.5976705,39.9447854]]]},"properties":{"category":"building","name":"","building":"house","building_levels":"1","height":3.0,"height_estimated":false}},{"type":"Feature","id":"way/736268751","geometry":{"type":"Polygon","coordinates":[[[-2.5974849,39.9447038],[-2.5975953,39.9446649],[-2.5975741,39.9446269],[-2.5975133,39.9446462],[-2.5974563,39.9446644],[-2.5974849,39.9447038]]]},"properties":{"category":"building","name":"","building":"house","building_levels":"1","height":3.0,"height_estimated":false}},{"type":"Feature","id":"way/736268752","geometry":{"type":"Polygon","coordinates":[[[-2.5975133,39.9446462],[-2.5974702,39.9445754],[-2.5973818,39.9446116],[-2.5973999,39.9446424],[-2.597414,39.9446377],[-2.5974388,39.9446706],[-2.5974563,39.9446644],[-2.5975133,39.9446462]]]},"properties":{"category":"building","name":"","building":"house","building_levels":"2","height":6.0,"height_estimated":false}},{"type":"Feature","id":"way/736268753","geometry":{"type":"Polygon","coordinates":[[[-2.5975741,39.9446269],[-2.5975133,39.9446462],[-2.5974702,39.9445754],[-2.5975317,39.9445485],[-2.5975325,39.9445598],[-2.5975457,39.9445746],[-2.5975741,39.9446269]]]},"properties":{"category":"building","name":"","building":"house","building_levels":"1","height":3.0,"height_estimated":false}},{"type":"Feature","id":"way/736562713","geometry":{"type":"Polygon","coordinates":[[[-2.5976343,39.9442505],[-2.597585,39.9442566],[-2.5976063,39.9443134],[-2.5976496,39.9443046],[-2.5976343,39.9442505]]]},"properties":{"category":"building","name":"","building":"house","building_levels":"1","height":3.0,"height_estimated":false}},{"type":"Feature","id":"way/736562714","geometry":{"type":"Polygon","coordinates":[[[-2.597585,39.9442566],[-2.5975798,39.9442237],[-2.5976246,39.9442162],[-2.5976343,39.9442505],[-2.597585,39.9442566]]]},"properties":{"category":"building","name":"","building":"house","building_levels":"1","height":3.0,"height_estimated":false}},{"type":"Feature","id":"way/736562715","geometry":{"type":"Polygon","coordinates":[[[-2.5975798,39.9442237],[-2.5975501,39.9442291],[-2.5975391,39.9441816],[-2.5976101,39.9441649],[-2.5976246,39.9442162],[-2.5975798,39.9442237]]]},"properties":{"category":"building","name":"","building":"house","building_levels":"3","height":9.0,"height_estimated":false}},{"type":"Feature","id":"way/736562716","geometry":{"type":"Polygon","coordinates":[[[-2.5975501,39.9442291],[-2.5974794,39.944243],[-2.5974767,39.9442389],[-2.5974745,39.9442189],[-2.5974682,39.9441614],[-2.5976013,39.9441339],[-2.5976101,39.9441649],[-2.5975391,39.9441816],[-2.5975501,39.9442291]]]},"properties":{"category":"building","name":"","building":"house","building_levels":"2","height":6.0,"height_estimated":false}},{"type":"Feature","id":"way/736562717","geometry":{"type":"Polygon","coordinates":[[[-2.5974745,39.9442189],[-2.5974657,39.9442195],[-2.597436,39.9442213],[-2.5974347,39.9442104],[-2.5974297,39.9441693],[-2.5974682,39.9441614],[-2.5974745,39.9442189]]]},"properties":{"category":"building","name":"","building":"house","building_levels":"1","height":3.0,"height_estimated":false}},{"type":"Feature","id":"way/736562718","geometry":{"type":"Polygon","coordinates":[[[-2.5974297,39.9441693],[-2.597377,39.9441802],[-2.5973807,39.9442186],[-2.5974347,39.9442104],[-2.5974297,39.9441693]]]},"properties":{"category":"building","name":"","building":"house","building_levels":"1","height":3.0,"height_estimated":false}},{"type":"Feature","id":"way/736562719","geometry":{"type":"Polygon","coordinates":[[[-2.5974657,39.9442195],[-2.5974701,39.9442569],[-2.59744,39.9442647],[-2.597436,39.9442213],[-2.5974657,39.9442195]]]},"properties":{"category":"building","name":"","building":"house","building_levels":"1","height":3.0,"height_estimated":false}},{"type":"Feature","id":"way/736562720","geometry":{"type":"Polygon","coordinates":[[[-2.5972913,39.9441952],[-2.5973051,39.9442308],[-2.5973201,39.9442559],[-2.5972887,39.9442759],[-2.597271,39.9442881],[-2.5972458,39.9442433],[-2.5972338,39.9442038],[-2.5972913,39.9441952]]]},"properties":{"category":"building","name":"","building":"house","building_levels":"2","height":6.0,"height_estimated":false}},{"type":"Feature","id":"way/736562721","geometry":{"type":"Polygon","coordinates":[[[-2.5972338,39.9442038],[-2.5971728,39.9442165],[-2.5971639,39.9441901],[-2.5972241,39.9441772],[-2.5972338,39.9442038]]]},"properties":{"category":"building","name":"","building":"house","building_levels":"2","height":6.0,"height_estimated":false}},{"type":"Feature","id":"way/736562722","geometry":{"type":"Polygon","coordinates":[[[-2.5971639,39.9441901],[-2.5971538,39.9441619],[-2.597214,39.9441494],[-2.5972241,39.9441772],[-2.5971639,39.9441901]]]},"properties":{"category":"building","name":"","building":"house","building_levels":"2","height":6.0,"height_estimated":false}},{"type":"Feature","id":"way/736562723","geometry":{"type":"Polygon","coordinates":[[[-2.597214,39.9441494],[-2.5972043,39.9441226],[-2.5970434,39.9441544],[-2.5970802,39.9442089],[-2.5971639,39.9441901],[-2.5971538,39.9441619],[-2.597214,39.9441494]]]},"properties":{"category":"building","name":"","building":"house","building_levels":"2","height":6.0,"height_estimated":false}},{"type":"Feature","id":"way/736562724","geometry":{"type":"Polygon","coordinates":[[[-2.5970802,39.9442089],[-2.5971223,39.9442664],[-2.5971808,39.9442555],[-2.5972458,39.9442433],[-2.5972338,39.9442038],[-2.5971728,39.9442165],[-2.5971639,39.9441901],[-2.5970802,39.9442089]]]},"properties":{"category":"building","name":"","building":"house","building_levels":"2","height":6.0,"height_estimated":false}},{"type":"Feature","id":"way/736562725","geometry":{"type":"Polygon","coordinates":[[[-2.5971775,39.9443529],[-2.5972329,39.9443339],[-2.5972272,39.9443227],[-2.5972546,39.944301],[-2.5972316,39.9442691],[-2.5971892,39.9442762],[-2.5971808,39.9442555],[-2.5971223,39.9442664],[-2.5971775,39.9443529]]]},"properties":{"category":"building","name":"","building":"house","building_levels":"2","height":6.0,"height_estimated":false}},{"type":"Feature","id":"way/736562726","geometry":{"type":"Polygon","coordinates":[[[-2.5972719,39.9444014],[-2.5972485,39.9443604],[-2.5972329,39.9443339],[-2.5971775,39.9443529],[-2.597223,39.9444148],[-2.5972719,39.9444014]]]},"properties":{"category":"building","name":"","building":"house","building_levels":"1","height":3.0,"height_estimated":false}},{"type":"Feature","id":"way/736562727","geometry":{"type":"Polygon","coordinates":[[[-2.5973864,39.9443699],[-2.5973608,39.9443277],[-2.5973265,39.9443377],[-2.5972485,39.9443604],[-2.5972719,39.9444014],[-2.5973864,39.9443699]]]},"properties":{"category":"building","name":"","building":"house","building_levels":"2","height":6.0,"height_estimated":false}},{"type":"Feature","id":"way/736562728","geometry":{"type":"Polygon","coordinates":[[[-2.5973265,39.9443377],[-2.5972887,39.9442759],[-2.5973201,39.9442559],[-2.5973405,39.9442918],[-2.5973608,39.9443277],[-2.5973265,39.9443377]]]},"properties":{"category":"building","name":"","building":"house","building_levels":"2","height":6.0,"height_estimated":false}},{"type":"Feature","id":"way/736562729","geometry":{"type":"Polygon","coordinates":[[[-2.5973405,39.9442918],[-2.597369,39.9442844],[-2.5973481,39.9442466],[-2.5973201,39.9442559],[-2.5973405,39.9442918]]]},"properties":{"category":"building","name":"","building":"house","building_levels":"1","height":3.0,"height_estimated":false}},{"type":"Feature","id":"way/736562730","geometry":{"type":"Polygon","coordinates":[[[-2.5973864,39.9443699],[-2.5973608,39.9443277],[-2.5973405,39.9442918],[-2.597369,39.9442844],[-2.59744,39.9442647],[-2.5974604,39.9443113],[-2.5974076,39.9443261],[-2.5974212,39.9443603],[-2.5973864,39.9443699]]]},"properties":{"category":"building","name":"","building":"house","building_levels":"2","height":6.0,"height_estimated":false}},{"type":"Feature","id":"way/736562731","geometry":{"type":"Polygon","coordinates":[[[-2.5975129,39.944335],[-2.5974996,39.9443016],[-2.5974604,39.9443113],[-2.5974076,39.9443261],[-2.5974212,39.9443603],[-2.5975129,39.944335]]]},"properties":{"category":"building","name":"","building":"house","building_levels":"3","height":9.0,"height_estimated":false}},{"type":"Feature","id":"way/736562732","geometry":{"type":"Polygon","coordinates":[[[-2.5974996,39.9443016],[-2.5974838,39.944254],[-2.59744,39.9442647],[-2.5974604,39.9443113],[-2.5974996,39.9443016]]]},"properties":{"category":"building","name":"","building":"house","building_levels":"3","height":9.0,"height_estimated":false}},{"type":"Feature","id":"way/736563040","geometry":{"type":"Polygon","coordinates":[[[-2.5984606,39.9446895],[-2.5982179,39.9447055],[-2.5980865,39.9447141],[-2.5980265,39.9447181],[-2.597913,39.9447256],[-2.5978518,39.9447296],[-2.5978036,39.9445727],[-2.5977807,39.9444983],[-2.5977437,39.9444097],[-2.5977244,39.9443636],[-2.5977337,39.9443379],[-2.5978421,39.9443159],[-2.5978894,39.9443063],[-2.5979401,39.944296],[-2.5980117,39.9442814],[-2.5981361,39.9442562],[-2.598256,39.9442319],[-2.5982983,39.9442233],[-2.5984567,39.9441912],[-2.5985162,39.9441791],[-2.5985672,39.9441688],[-2.5986202,39.944158],[-2.5986457,39.9442094],[-2.5986209,39.944215],[-2.5986283,39.9442402],[-2.5986055,39.9442423],[-2.5986148,39.9442793],[-2.5985867,39.9442844],[-2.5985914,39.9443255],[-2.5985607,39.9444119],[-2.5985107,39.9445505],[-2.5984834,39.9446262],[-2.5984606,39.9446895]]]},"properties":{"category":"landuse","name":"","landuse":"residential"}},{"type":"Feature","id":"way/736569025","geometry":{"type":"Polygon","coordinates":[[[-2.5974672,39.9440568],[-2.5974696,39.9440681],[-2.5973915,39.9440866],[-2.5973812,39.944054],[-2.5973774,39.9440419],[-2.5974478,39.9440236],[-2.5974672,39.9440568]]]},"properties":{"category":"building","name":"","building":"house","building_levels":"2","height":6.0,"height_estimated":false}},{"type":"Feature","id":"way/736569026","geometry":{"type":"Polygon","coordinates":[[[-2.5974095,39.9441472],[-2.5973915,39.9440866],[-2.5973812,39.944054],[-2.5973206,39.9440719],[-2.597309,39.9440753],[-2.5973161,39.9441036],[-2.5973311,39.9441013],[-2.5973613,39.9440954],[-2.5973778,39.9441514],[-2.5974095,39.9441472]]]},"properties":{"category":"building","name":"","building":"house","building_levels":"1","height":3.0,"height_estimated":false}},{"type":"Feature","id":"way/736569027","geometry":{"type":"Polygon","coordinates":[[[-2.5973161,39.9441036],[-2.5972437,39.9441182],[-2.5972298,39.9440958],[-2.597309,39.9440753],[-2.5973161,39.9441036]]]},"properties":{"category":"building","name":"","building":"house","building_levels":"1","height":3.0,"height_estimated":false}},{"type":"Feature","id":"way/736569028","geometry":{"type":"Polygon","coordinates":[[[-2.597027,39.9441393],[-2.597134,39.944117],[-2.5971128,39.9440693],[-2.5970059,39.9440979],[-2.597027,39.9441393]]]},"properties":{"category":"building","name":"","building":"house","building_levels":"2","height":6.0,"height_estimated":false}},{"type":"Feature","id":"way/736569029","geometry":{"type":"Polygon","coordinates":[[[-2.597134,39.944117],[-2.5972298,39.9440958],[-2.597309,39.9440753],[-2.5973206,39.9440719],[-2.5972986,39.9440231],[-2.5972473,39.9440344],[-2.5971128,39.9440693],[-2.597134,39.944117]]]},"properties":{"category":"building","name":"","building":"house","building_levels":"2","height":6.0,"height_estimated":false}},{"type":"Feature","id":"way/736731583","geometry":{"type":"Polygon","coordinates":[[[-2.5982179,39.9447055],[-2.5984606,39.9446895],[-2.598458,39.9446272],[-2.5984834,39.9446262],[-2.5985107,39.9445505],[-2.5985059,39.9445511],[-2.5984027,39.9445638],[-2.5983219,39.9445737],[-2.5983233,39.9446374],[-2.5982797,39.944641],[-2.5982723,39.9445814],[-2.5981992,39.9445901],[-2.5982179,39.9447055]]]},"properties":{"category":"building","name":"","building":"house","building_levels":"2","height":6.0,"height_estimated":false}},{"type":"Feature","id":"way/736731584","geometry":{"type":"Polygon","coordinates":[[[-2.5984834,39.9446262],[-2.5984606,39.9446895],[-2.598458,39.9446272],[-2.5984834,39.9446262]]]},"properties":{"category":"building","name":"","building":"house","height":2.5,"height_estimated":false}},{"type":"Feature","id":"way/736731585","geometry":{"type":"Polygon","coordinates":[[[-2.5981992,39.9445901],[-2.5981797,39.9444896],[-2.5981778,39.9444801],[-2.5982998,39.9444596],[-2.5983219,39.9445737],[-2.5981992,39.9445901]]]},"properties":{"category":"building","name":"","building":"house","building_levels":"1","height":3.0,"height_estimated":false}},{"type":"Feature","id":"way/736731586","geometry":{"type":"Polygon","coordinates":[[[-2.5984027,39.9445638],[-2.598393,39.9445285],[-2.5984259,39.9445238],[-2.5984198,39.9444981],[-2.5984347,39.9444956],[-2.5985124,39.9444822],[-2.5985204,39.9445115],[-2.5984956,39.9445166],[-2.5985059,39.9445511],[-2.5984027,39.9445638]]]},"properties":{"category":"building","name":"","building":"house","building_levels":"2","height":6.0,"height_estimated":false}},{"type":"Feature","id":"way/736731587","geometry":{"type":"Polygon","coordinates":[[[-2.5984347,39.9444956],[-2.5984171,39.9444369],[-2.5984303,39.9444347],[-2.5985164,39.94442],[-2.5985325,39.944477],[-2.5985124,39.9444822],[-2.5984347,39.9444956]]]},"properties":{"category":"building","name":"","building":"house","building_levels":"2","height":6.0,"height_estimated":false}},{"type":"Feature","id":"way/736731588","geometry":{"type":"Polygon","coordinates":[[[-2.5985107,39.9445505],[-2.5985607,39.9444119],[-2.5985164,39.94442],[-2.5985325,39.944477],[-2.5985124,39.9444822],[-2.5985204,39.9445115],[-2.5984956,39.9445166],[-2.5985059,39.9445511],[-2.5985107,39.9445505]]]},"properties":{"category":"building","name":"","building":"yes","height":2.5,"height_estimated":false}},{"type":"Feature","id":"way/736731589","geometry":{"type":"Polygon","coordinates":[[[-2.5984303,39.9444347],[-2.5984225,39.944404],[-2.5984098,39.9443544],[-2.5985127,39.9443381],[-2.5985914,39.9443255],[-2.5985607,39.9444119],[-2.5984303,39.9444347]]]},"properties":{"category":"building","name":"","building":"house","building_levels":"2","height":6.0,"height_estimated":false}},{"type":"Feature","id":"way/736731590","geometry":{"type":"Polygon","coordinates":[[[-2.5985914,39.9443255],[-2.5985127,39.9443381],[-2.5985003,39.9443025],[-2.5985556,39.9442909],[-2.5985867,39.9442844],[-2.5985914,39.9443255]]]},"properties":{"category":"building","name":"","building":"house","building_levels":"2","height":6.0,"height_estimated":false}},{"type":"Feature","id":"way/736731591","geometry":{"type":"Polygon","coordinates":[[[-2.5986457,39.9442094],[-2.5986209,39.944215],[-2.5985882,39.9442223],[-2.5985672,39.9441688],[-2.5986202,39.944158],[-2.5986457,39.9442094]]]},"properties":{"category":"building","name":"","building":"house","building_levels":"2","height":6.0,"height_estimated":false}},{"type":"Feature","id":"way/736731592","geometry":{"type":"Polygon","coordinates":[[[-2.5986209,39.944215],[-2.5986283,39.9442402],[-2.5986055,39.9442423],[-2.5986148,39.9442793],[-2.5985867,39.9442844],[-2.5985556,39.9442909],[-2.5985415,39.9442509],[-2.5985162,39.9441791],[-2.5985672,39.9441688],[-2.5985882,39.9442223],[-2.5986209,39.944215]]]},"properties":{"category":"building","name":"","building":"house","building_levels":"2","height":6.0,"height_estimated":false}},{"type":"Feature","id":"way/736731593","geometry":{"type":"Polygon","coordinates":[[[-2.5985556,39.9442909],[-2.5985415,39.9442509],[-2.5984814,39.9442634],[-2.5984967,39.9443033],[-2.5985556,39.9442909]]]},"properties":{"category":"building","name":"","building":"house","building_levels":"2","height":6.0,"height_estimated":false}},{"type":"Feature","id":"way/736731594","geometry":{"type":"Polygon","coordinates":[[[-2.5984814,39.9442634],[-2.5984567,39.9441912],[-2.5985162,39.9441791],[-2.5985415,39.9442509],[-2.5984814,39.9442634]]]},"properties":{"category":"building","name":"","building":"house","building_levels":"2","height":6.0,"height_estimated":false}},{"type":"Feature","id":"way/736741515","geometry":{"type":"Polygon","coordinates":[[[-2.5984171,39.9444369],[-2.5983043,39.9444585],[-2.5982976,39.9444256],[-2.5984225,39.944404],[-2.5984303,39.9444347],[-2.5984171,39.9444369]]]},"properties":{"category":"building","name":"","building":"house","building_levels":"1","height":3.0,"height_estimated":false}},{"type":"Feature","id":"way/736741516","geometry":{"type":"Polygon","coordinates":[[[-2.5983043,39.9444585],[-2.5982976,39.9444256],[-2.5982843,39.9443473],[-2.5981588,39.9443722],[-2.5981778,39.9444801],[-2.5983043,39.9444585]]]},"properties":{"category":"building","name":"","building":"house","building_levels":"1","height":3.0,"height_estimated":false}},{"type":"Feature","id":"way/736741517","geometry":{"type":"Polygon","coordinates":[[[-2.5981361,39.9442562],[-2.5981513,39.9443375],[-2.5982818,39.9443107],[-2.5982795,39.9443036],[-2.598256,39.9442319],[-2.5981361,39.9442562]]]},"properties":{"category":"building","name":"","building":"house","building_levels":"2","height":6.0,"height_estimated":false}},{"type":"Feature","id":"way/736741518","geometry":{"type":"Polygon","coordinates":[[[-2.5982795,39.9443036],[-2.5983204,39.9442965],[-2.5982983,39.9442233],[-2.598256,39.9442319],[-2.5982795,39.9443036]]]},"properties":{"category":"building","name":"","building":"house","building_levels":"2","height":6.0,"height_estimated":false}},{"type":"Feature","id":"way/736741519","geometry":{"type":"Polygon","coordinates":[[[-2.5982934,39.9443455],[-2.5982826,39.9443151],[-2.5983123,39.9443098],[-2.5983219,39.9443387],[-2.5982934,39.9443455]]]},"properties":{"category":"building","name":"","building":"house","building_levels":"1","height":3.0,"height_estimated":false}},{"type":"Feature","id":"way/736741520","geometry":{"type":"Polygon","coordinates":[[[-2.5983947,39.9443242],[-2.5983219,39.9443387],[-2.5983123,39.9443098],[-2.5983107,39.944305],[-2.598382,39.9442912],[-2.5983947,39.9443242]]]},"properties":{"category":"building","name":"","building":"house","building_levels":"2","height":6.0,"height_estimated":false}},{"type":"Feature","id":"way/736742484","geometry":{"type":"Polygon","coordinates":[[[-2.5982179,39.9447055],[-2.5980865,39.9447141],[-2.5980729,39.9446358],[-2.5980523,39.9445164],[-2.5981797,39.9444896],[-2.5981992,39.9445901],[-2.5982179,39.9447055]]]},"properties":{"category":"building","name":"","building":"house","building_levels":"1","height":3.0,"height_estimated":false}},{"type":"Feature","id":"way/736742485","geometry":{"type":"Polygon","coordinates":[[[-2.5980865,39.9447141],[-2.5980265,39.9447181],[-2.5980149,39.944637],[-2.5980729,39.9446358],[-2.5980865,39.9447141]]]},"properties":{"category":"building","name":"","building":"house","building_levels":"2","height":6.0,"height_estimated":false}},{"type":"Feature","id":"way/736742486","geometry":{"type":"Polygon","coordinates":[[[-2.5980149,39.944637],[-2.5979584,39.9446397],[-2.5979361,39.9446436],[-2.5979432,39.9446697],[-2.5979132,39.9446771],[-2.597913,39.9447256],[-2.5980265,39.9447181],[-2.5980149,39.944637]]]},"properties":{"category":"building","name":"","building":"house","building_levels":"2","height":6.0,"height_estimated":false}},{"type":"Feature","id":"way/736742487","geometry":{"type":"Polygon","coordinates":[[[-2.5979132,39.9446771],[-2.5978985,39.9446779],[-2.5978727,39.9446011],[-2.5978588,39.9445598],[-2.5978036,39.9445727],[-2.5978518,39.9447296],[-2.597913,39.9447256],[-2.5979132,39.9446771]]]},"properties":{"category":"building","name":"","building":"house","building_levels":"2","height":6.0,"height_estimated":false}},{"type":"Feature","id":"way/736742488","geometry":{"type":"Polygon","coordinates":[[[-2.5978727,39.9446011],[-2.5979412,39.9445906],[-2.5979264,39.9445454],[-2.5978588,39.9445598],[-2.5978727,39.9446011]]]},"properties":{"category":"building","name":"","building":"house","height":6.0,"height_estimated":true}},{"type":"Feature","id":"way/736742489","geometry":{"type":"Polygon","coordinates":[[[-2.5980729,39.9446358],[-2.5980149,39.944637],[-2.5980088,39.9445758],[-2.5979412,39.9445906],[-2.5979264,39.9445454],[-2.5979529,39.9445393],[-2.5980523,39.9445164],[-2.5980729,39.9446358]]]},"properties":{"category":"building","name":"","building":"house","building_levels":"1","height":3.0,"height_estimated":false}},{"type":"Feature","id":"way/736742490","geometry":{"type":"Polygon","coordinates":[[[-2.5979529,39.9445393],[-2.597931,39.9444827],[-2.5978822,39.9444916],[-2.5978776,39.944478],[-2.5978601,39.9444817],[-2.5977807,39.9444983],[-2.5978036,39.9445727],[-2.5979529,39.9445393]]]},"properties":{"category":"building","name":"","building":"house","building_levels":"1","height":3.0,"height_estimated":false}},{"type":"Feature","id":"way/736742491","geometry":{"type":"Polygon","coordinates":[[[-2.5978601,39.9444817],[-2.5978492,39.9444429],[-2.5978141,39.94445],[-2.5977963,39.9444036],[-2.5977437,39.9444097],[-2.5977807,39.9444983],[-2.5978601,39.9444817]]]},"properties":{"category":"building","name":"","building":"house","building_levels":"2","height":6.0,"height_estimated":false}},{"type":"Feature","id":"way/736742492","geometry":{"type":"Polygon","coordinates":[[[-2.5978858,39.9444761],[-2.5978751,39.9444394],[-2.5978492,39.9444429],[-2.5978141,39.94445],[-2.5977963,39.9444036],[-2.5978628,39.9443928],[-2.5979071,39.9443857],[-2.5979264,39.9444679],[-2.5978858,39.9444761]]]},"properties":{"category":"building","name":"","building":"house","building_levels":"2","height":6.0,"height_estimated":false}},{"type":"Feature","id":"way/736742493","geometry":{"type":"Polygon","coordinates":[[[-2.5979264,39.9444679],[-2.5979762,39.9444574],[-2.5979655,39.9444219],[-2.5979529,39.9443802],[-2.5979071,39.9443857],[-2.5979264,39.9444679]]]},"properties":{"category":"building","name":"","building":"house","building_levels":"2","height":6.0,"height_estimated":false}},{"type":"Feature","id":"way/736742494","geometry":{"type":"Polygon","coordinates":[[[-2.5978628,39.9443928],[-2.5978421,39.9443159],[-2.5978894,39.9443063],[-2.5979071,39.9443857],[-2.5978628,39.9443928]]]},"properties":{"category":"building","name":"","building":"house","building_levels":"1","height":3.0,"height_estimated":false}},{"type":"Feature","id":"way/736742495","geometry":{"type":"Polygon","coordinates":[[[-2.5979529,39.9443802],[-2.5979401,39.944296],[-2.5978894,39.9443063],[-2.5979071,39.9443857],[-2.5979529,39.9443802]]]},"properties":{"category":"building","name":"","building":"house","building_levels":"2","height":6.0,"height_estimated":false}},{"type":"Feature","id":"way/736742496","geometry":{"type":"Polygon","coordinates":[[[-2.598021,39.9444492],[-2.5979762,39.9444574],[-2.5979655,39.9444219],[-2.5979905,39.9444178],[-2.5980199,39.9444129],[-2.598021,39.9444492]]]},"properties":{"category":"building","name":"","building":"house","building_levels":"2","height":6.0,"height_estimated":false}},{"type":"Feature","id":"way/736742497","geometry":{"type":"Polygon","coordinates":[[[-2.5979905,39.9444178],[-2.5979783,39.9443783],[-2.5979529,39.9443802],[-2.5979655,39.9444219],[-2.5979905,39.9444178]]]},"properties":{"category":"building","name":"","building":"house","building_levels":"1","height":3.0,"height_estimated":false}},{"type":"Feature","id":"way/736742498","geometry":{"type":"Polygon","coordinates":[[[-2.5979529,39.9443802],[-2.5979401,39.944296],[-2.5980117,39.9442814],[-2.5980164,39.9443755],[-2.5979529,39.9443802]]]},"properties":{"category":"building","name":"","building":"house","building_levels":"2","height":6.0,"height_estimated":false}},{"type":"Feature","id":"way/736748599","geometry":{"type":"Polygon","coordinates":[[[-2.5974478,39.9440236],[-2.5974139,39.9439656],[-2.5973423,39.9439804],[-2.597368,39.9440428],[-2.5973774,39.9440419],[-2.5974478,39.9440236]]]},"properties":{"category":"building","name":"","building":"house","building_levels":"2","height":6.0,"height_estimated":false}},{"type":"Feature","id":"way/736748600","geometry":{"type":"Polygon","coordinates":[[[-2.5974139,39.9439656],[-2.5973974,39.9439374],[-2.5972937,39.9439621],[-2.5973062,39.9439869],[-2.5973423,39.9439804],[-2.5974139,39.9439656]]]},"properties":{"category":"building","name":"","building":"house","building_levels":"2","height":6.0,"height_estimated":false}},{"type":"Feature","id":"way/736748601","geometry":{"type":"Polygon","coordinates":[[[-2.5973974,39.9439374],[-2.5973572,39.9438686],[-2.5972556,39.9439004],[-2.5972937,39.9439621],[-2.5973974,39.9439374]]]},"properties":{"category":"building","name":"","building":"house","building_levels":"2","height":6.0,"height_estimated":false}},{"type":"Feature","id":"way/736748602","geometry":{"type":"Polygon","coordinates":[[[-2.5973572,39.9438686],[-2.5973111,39.9437899],[-2.5972614,39.9438009],[-2.597207,39.9438129],[-2.597225,39.9438556],[-2.5972441,39.9439011],[-2.5972556,39.9439004],[-2.5973572,39.9438686]]]},"properties":{"category":"building","name":"","building":"house","building_levels":"2","height":6.0,"height_estimated":false}},{"type":"Feature","id":"way/736748603","geometry":{"type":"Polygon","coordinates":[[[-2.5973111,39.9437899],[-2.597258,39.943699],[-2.5972191,39.943707],[-2.5972614,39.9438009],[-2.5973111,39.9437899]]]},"properties":{"category":"building","name":"","building":"house","building_levels":"1","height":3.0,"height_estimated":false}},{"type":"Feature","id":"way/736748604","geometry":{"type":"Polygon","coordinates":[[[-2.5972614,39.9438009],[-2.597207,39.9438129],[-2.5971616,39.9437187],[-2.5972191,39.943707],[-2.5972614,39.9438009]]]},"properties":{"category":"building","name":"","building":"house","building_levels":"1","height":3.0,"height_estimated":false}},{"type":"Feature","id":"way/736748605","geometry":{"type":"Polygon","coordinates":[[[-2.597207,39.9438129],[-2.5971017,39.943842],[-2.5970654,39.943764],[-2.597099,39.9437566],[-2.5970892,39.9437356],[-2.5971616,39.9437187],[-2.597207,39.9438129]]]},"properties":{"category":"building","name":"","building":"house","building_levels":"1","height":3.0,"height_estimated":false}},{"type":"Feature","id":"way/736748606","geometry":{"type":"Polygon","coordinates":[[[-2.5970892,39.9437356],[-2.5970709,39.9437407],[-2.5970574,39.9437444],[-2.5970654,39.943764],[-2.597099,39.9437566],[-2.5970892,39.9437356]]]},"properties":{"category":"building","name":"","building":"house","building_levels":"1","height":3.0,"height_estimated":false}},{"type":"Feature","id":"way/736748607","geometry":{"type":"Polygon","coordinates":[[[-2.5971017,39.943842],[-2.597015,39.9438671],[-2.5970135,39.9438644],[-2.5969999,39.943838],[-2.597015,39.9438319],[-2.5969928,39.9437878],[-2.5970176,39.943779],[-2.5970079,39.9437552],[-2.5970574,39.9437444],[-2.5971017,39.943842]]]},"properties":{"category":"building","name":"","building":"house","building_levels":"1","height":3.0,"height_estimated":false}},{"type":"Feature","id":"way/736748608","geometry":{"type":"Polygon","coordinates":[[[-2.5970709,39.9437407],[-2.5970313,39.9436619],[-2.5968905,39.943701],[-2.5969088,39.9437355],[-2.596984,39.9437118],[-2.5969964,39.9437396],[-2.5970079,39.9437552],[-2.5970709,39.9437407]]]},"properties":{"category":"building","name":"","building":"house","building_levels":"1","height":3.0,"height_estimated":false}},{"type":"Feature","id":"way/736748609","geometry":{"type":"Polygon","coordinates":[[[-2.5970176,39.943779],[-2.5969928,39.9437878],[-2.5969672,39.9437959],[-2.5969442,39.9437552],[-2.5969964,39.9437396],[-2.5970176,39.943779]]]},"properties":{"category":"building","name":"","building":"house","building_levels":"1","height":3.0,"height_estimated":false}},{"type":"Feature","id":"way/736748610","geometry":{"type":"Polygon","coordinates":[[[-2.5968905,39.943701],[-2.5969088,39.9437355],[-2.5969203,39.9437606],[-2.5968283,39.9437909],[-2.596794,39.9437308],[-2.5968905,39.943701]]]},"properties":{"category":"building","name":"","building":"house","building_levels":"2","height":6.0,"height_estimated":false}},{"type":"Feature","id":"way/736748611","geometry":{"type":"Polygon","coordinates":[[[-2.5969672,39.9437959],[-2.5969778,39.9438122],[-2.5969457,39.9438229],[-2.5968624,39.9438505],[-2.5968283,39.9437909],[-2.5969203,39.9437606],[-2.5969442,39.9437552],[-2.5969672,39.9437959]]]},"properties":{"category":"building","name":"","building":"house","building_levels":"2","height":6.0,"height_estimated":false}},{"type":"Feature","id":"way/736748612","geometry":{"type":"Polygon","coordinates":[[[-2.5968938,39.9439055],[-2.597015,39.9438671],[-2.5970135,39.9438644],[-2.5969999,39.943838],[-2.5969601,39.9438502],[-2.5969457,39.9438229],[-2.5968624,39.9438505],[-2.5968938,39.9439055]]]},"properties":{"category":"building","name":"","building":"house","building_levels":"2","height":6.0,"height_estimated":false}},{"type":"Feature","id":"way/736748613","geometry":{"type":"Polygon","coordinates":[[[-2.5969328,39.9439737],[-2.5969801,39.9439589],[-2.5969667,39.9439281],[-2.5970006,39.9439179],[-2.5970371,39.943907],[-2.5970135,39.9438644],[-2.5968938,39.9439055],[-2.5969328,39.9439737]]]},"properties":{"category":"building","name":"","building":"house","building_levels":"2","height":6.0,"height_estimated":false}},{"type":"Feature","id":"way/736748614","geometry":{"type":"Polygon","coordinates":[[[-2.5970371,39.943907],[-2.5970407,39.9439136],[-2.5970532,39.9439373],[-2.597015,39.9439486],[-2.5970006,39.9439179],[-2.5970371,39.943907]]]},"properties":{"category":"building","name":"","building":"house","building_levels":"1","height":3.0,"height_estimated":false}},{"type":"Feature","id":"way/736748615","geometry":{"type":"Polygon","coordinates":[[[-2.5970407,39.9439136],[-2.5970881,39.9438967],[-2.5971129,39.9439409],[-2.5971277,39.9439358],[-2.5971404,39.9439661],[-2.5971097,39.9439777],[-2.5970221,39.9440105],[-2.597013,39.9440139],[-2.5969956,39.9439784],[-2.5969449,39.9439948],[-2.5969328,39.9439737],[-2.5969801,39.9439589],[-2.597015,39.9439486],[-2.5970257,39.9439661],[-2.5970613,39.9439553],[-2.5970532,39.9439373],[-2.5970407,39.9439136]]]},"properties":{"category":"building","name":"","building":"house","building_levels":"2","height":6.0,"height_estimated":false}},{"type":"Feature","id":"way/736748616","geometry":{"type":"Polygon","coordinates":[[[-2.5972008,39.9439548],[-2.5971404,39.9439661],[-2.5971277,39.9439358],[-2.5971632,39.9439255],[-2.5971827,39.9439198],[-2.5972008,39.9439548]]]},"properties":{"category":"building","name":"","building":"house","building_levels":"1","height":3.0,"height_estimated":false}},{"type":"Feature","id":"way/736748617","geometry":{"type":"Polygon","coordinates":[[[-2.5971632,39.9439255],[-2.5971444,39.9438797],[-2.5970881,39.9438967],[-2.5971129,39.9439409],[-2.5971277,39.9439358],[-2.5971632,39.9439255]]]},"properties":{"category":"building","name":"","building":"house","building_levels":"2","height":6.0,"height_estimated":false}},{"type":"Feature","id":"way/736748618","geometry":{"type":"Polygon","coordinates":[[[-2.5972323,39.943907],[-2.5972625,39.9439594],[-2.5972081,39.9439749],[-2.5971827,39.9439198],[-2.5972323,39.943907]]]},"properties":{"category":"building","name":"","building":"house","building_levels":"2","height":6.0,"height_estimated":false}},{"type":"Feature","id":"way/736748619","geometry":{"type":"Polygon","coordinates":[[[-2.5972625,39.9439594],[-2.59728,39.9439915],[-2.5972322,39.9440032],[-2.5972235,39.944006],[-2.5972081,39.9439749],[-2.5972625,39.9439594]]]},"properties":{"category":"building","name":"","building":"house","building_levels":"1","height":3.0,"height_estimated":false}},{"type":"Feature","id":"way/736748620","geometry":{"type":"Polygon","coordinates":[[[-2.5973812,39.944054],[-2.5973774,39.9440419],[-2.597368,39.9440428],[-2.5973423,39.9439804],[-2.5973062,39.9439869],[-2.5972322,39.9440032],[-2.5972372,39.9440139],[-2.5972473,39.9440344],[-2.5972986,39.9440231],[-2.5973206,39.9440719],[-2.5973812,39.944054]]]},"properties":{"category":"building","name":"","building":"house","building_levels":"2","height":6.0,"height_estimated":false}},{"type":"Feature","id":"way/736748621","geometry":{"type":"Polygon","coordinates":[[[-2.5972235,39.944006],[-2.5971411,39.9440327],[-2.5971097,39.9439777],[-2.5971404,39.9439661],[-2.5972008,39.9439548],[-2.5972235,39.944006]]]},"properties":{"category":"building","name":"","building":"house","building_levels":"2","height":6.0,"height_estimated":false}},{"type":"Feature","id":"way/736748622","geometry":{"type":"Polygon","coordinates":[[[-2.5971097,39.9439777],[-2.5970221,39.9440105],[-2.5970521,39.9440615],[-2.5971411,39.9440327],[-2.5971097,39.9439777]]]},"properties":{"category":"building","name":"","building":"house","building_levels":"2","height":6.0,"height_estimated":false}},{"type":"Feature","id":"way/736748623","geometry":{"type":"Polygon","coordinates":[[[-2.5970221,39.9440105],[-2.597013,39.9440139],[-2.5969956,39.9439784],[-2.5969449,39.9439948],[-2.5969938,39.9440804],[-2.5970521,39.9440615],[-2.5970221,39.9440105]]]},"properties":{"category":"building","name":"","building":"house","building_levels":"2","height":6.0,"height_estimated":false}},{"type":"Feature","id":"way/736748627","geometry":{"type":"Polygon","coordinates":[[[-2.5969912,39.9436195],[-2.5967736,39.9436811],[-2.5967228,39.9435595],[-2.5968458,39.9435143],[-2.5968692,39.9435135],[-2.5968885,39.9435205],[-2.5969912,39.9436195]]]},"properties":{"category":"landuse","name":"El Jardinillo","leisure":"park"}},{"type":"Feature","id":"way/736748628","geometry":{"type":"Polygon","coordinates":[[[-2.5982907,39.9457473],[-2.5983137,39.9457215],[-2.5983102,39.9456686],[-2.5981977,39.9456761],[-2.5981668,39.9456781],[-2.5981633,39.9456578],[-2.5982436,39.9456499],[-2.5982631,39.945648],[-2.5983155,39.9456429],[-2.5983187,39.9456041],[-2.598319,39.9456008],[-2.5983213,39.9455128],[-2.5983225,39.9454678],[-2.5982282,39.9454685],[-2.5981385,39.9454692],[-2.5981303,39.9454411],[-2.5982111,39.9454403],[-2.5982352,39.9454406],[-2.5982507,39.9454408],[-2.5983282,39.9454419],[-2.5983402,39.9454421],[-2.5983479,39.945407],[-2.5983491,39.9454014],[-2.5983562,39.9453271],[-2.5983609,39.9452777],[-2.5983642,39.9452435],[-2.5983774,39.9451056],[-2.5983863,39.9450271],[-2.5983958,39.9449429],[-2.5984039,39.9448709],[-2.5984079,39.9448293],[-2.5984113,39.9447942],[-2.5984163,39.944742],[-2.5983039,39.9447497],[-2.5982048,39.9447564],[-2.5981582,39.9447596],[-2.5981021,39.9447634],[-2.5980978,39.9447637],[-2.5980397,39.9447675],[-2.5980138,39.9447692],[-2.5979527,39.9447732],[-2.5978554,39.9447827],[-2.5977901,39.9447948],[-2.5977431,39.9448036],[-2.5977386,39.9448044],[-2.597655,39.9448226],[-2.597604,39.9448338],[-2.5974838,39.94486],[-2.5975304,39.9449234],[-2.597572,39.9449134],[-2.5975906,39.944909],[-2.5975936,39.9449083],[-2.5975976,39.944915],[-2.5976041,39.9449279],[-2.597551,39.9449414],[-2.5975769,39.9449734],[-2.5975975,39.9449989],[-2.5976151,39.9450205],[-2.5976551,39.94507],[-2.597692,39.9451155],[-2.5977262,39.9451568],[-2.5977654,39.945212],[-2.5977846,39.9452374],[-2.5978076,39.9452677],[-2.597829,39.9452959],[-2.5978483,39.9453213],[-2.5979059,39.9454046],[-2.5979366,39.9454489],[-2.5979653,39.9454905],[-2.5980022,39.9455438],[-2.5980199,39.9455669],[-2.598035,39.945604],[-2.5980639,39.9456746],[-2.5980832,39.945722],[-2.5981013,39.9457663],[-2.5982131,39.9457551],[-2.5982907,39.9457473]]]},"properties":{"category":"landuse","name":"","landuse":"residential"}},{"type":"Feature","id":"way/736748629","geometry":{"type":"Polygon","coordinates":[[[-2.5973778,39.9441514],[-2.5973613,39.9440954],[-2.5973311,39.9441013],[-2.5973413,39.9441551],[-2.5973778,39.9441514]]]},"properties":{"category":"landuse","name":"","amenity":"parking"}},{"type":"Feature","id":"way/736748630","geometry":{"type":"Polygon","coordinates":[[[-2.5973413,39.9441551],[-2.5972701,39.9441606],[-2.5972437,39.9441182],[-2.5973161,39.9441036],[-2.5973311,39.9441013],[-2.5973413,39.9441551]]]},"properties":{"category":"landuse","name":"","amenity":"parking"}},{"type":"Feature","id":"way/736750902","geometry":{"type":"Polygon","coordinates":[[[-2.5983102,39.9456686],[-2.5983137,39.9457215],[-2.5982907,39.9457473],[-2.5982131,39.9457551],[-2.5981977,39.9456761],[-2.5983102,39.9456686]]]},"properties":{"category":"building","name":"","building":"house","building_levels":"2","height":6.0,"height_estimated":false}},{"type":"Feature","id":"way/736750903","geometry":{"type":"Polygon","coordinates":[[[-2.5982131,39.9457551],[-2.5981977,39.9456761],[-2.5981668,39.9456781],[-2.5981429,39.9456807],[-2.598147,39.9457174],[-2.5980832,39.945722],[-2.5981013,39.9457663],[-2.5982131,39.9457551]]]},"properties":{"category":"building","name":"","building":"house","building_levels":"2","height":6.0,"height_estimated":false}},{"type":"Feature","id":"way/736750904","geometry":{"type":"Polygon","coordinates":[[[-2.5981429,39.9456807],[-2.5981377,39.9456614],[-2.5980639,39.9456746],[-2.5980832,39.945722],[-2.598147,39.9457174],[-2.5981429,39.9456807]]]},"properties":{"category":"building","name":"","building":"house","building_levels":"2","height":6.0,"height_estimated":false}},{"type":"Feature","id":"way/736750905","geometry":{"type":"Polygon","coordinates":[[[-2.5981377,39.9456614],[-2.5980639,39.9456746],[-2.598035,39.945604],[-2.5980578,39.9456001],[-2.5981412,39.9455858],[-2.5981633,39.9456578],[-2.5981377,39.9456614]]]},"properties":{"category":"building","name":"","building":"house","building_levels":"2","height":6.0,"height_estimated":false}},{"type":"Feature","id":"way/736750906","geometry":{"type":"Polygon","coordinates":[[[-2.5981633,39.9456578],[-2.5982436,39.9456499],[-2.5982422,39.9456109],[-2.5982293,39.9456113],[-2.5982277,39.9455921],[-2.5982264,39.9455773],[-2.5981412,39.9455858],[-2.5981633,39.9456578]]]},"properties":{"category":"building","name":"","building":"house","building_levels":"2","height":6.0,"height_estimated":false}},{"type":"Feature","id":"way/736750907","geometry":{"type":"Polygon","coordinates":[[[-2.5982631,39.945648],[-2.5982626,39.9456118],[-2.5982422,39.9456109],[-2.5982436,39.9456499],[-2.5982631,39.945648]]]},"properties":{"category":"building","name":"","building":"house","building_levels":"2","height":6.0,"height_estimated":false}},{"type":"Feature","id":"way/736750908","geometry":{"type":"Polygon","coordinates":[[[-2.5982277,39.9455921],[-2.598262,39.9455925],[-2.598262,39.9456006],[-2.5983187,39.9456041],[-2.5983245,39.9455531],[-2.5982527,39.9455581],[-2.5982527,39.9455777],[-2.5982264,39.9455773],[-2.5982277,39.9455921]]]},"properties":{"category":"building","name":"","building":"house","building_levels":"1","height":3.0,"height_estimated":false}},{"type":"Feature","id":"way/736750909","geometry":{"type":"Polygon","coordinates":[[[-2.5982527,39.9455581],[-2.5982282,39.9455625],[-2.5982285,39.9455545],[-2.5982305,39.9455155],[-2.5983213,39.9455128],[-2.5983245,39.9455531],[-2.5982527,39.9455581]]]},"properties":{"category":"building","name":"","building":"house","building_levels":"1","height":3.0,"height_estimated":false}},{"type":"Feature","id":"way/736750910","geometry":{"type":"Polygon","coordinates":[[[-2.5983213,39.9455128],[-2.5983225,39.9454678],[-2.5982282,39.9454685],[-2.5982292,39.9454895],[-2.5982305,39.9455155],[-2.5983213,39.9455128]]]},"properties":{"category":"building","name":"","building":"house","building_levels":"2","height":6.0,"height_estimated":false}},{"type":"Feature","id":"way/736750911","geometry":{"type":"Polygon","coordinates":[[[-2.598035,39.945604],[-2.5980199,39.9455669],[-2.5980022,39.9455438],[-2.5980244,39.9455379],[-2.5980402,39.9455576],[-2.5980578,39.9456001],[-2.598035,39.945604]]]},"properties":{"category":"building","name":"","building":"house","building_levels":"1","height":3.0,"height_estimated":false}},{"type":"Feature","id":"way/736750912","geometry":{"type":"Polygon","coordinates":[[[-2.5980578,39.9456001],[-2.5981412,39.9455858],[-2.5981406,39.9455697],[-2.598126,39.9455222],[-2.5980465,39.9455345],[-2.5980244,39.9455379],[-2.5980402,39.9455576],[-2.5980578,39.9456001]]]},"properties":{"category":"building","name":"","building":"house","building_levels":"2","height":6.0,"height_estimated":false}},{"type":"Feature","id":"way/736750913","geometry":{"type":"Polygon","coordinates":[[[-2.5982292,39.9454895],[-2.5981955,39.9454891],[-2.5981949,39.9455106],[-2.5981458,39.9455182],[-2.5981393,39.9454747],[-2.5981385,39.9454692],[-2.5982282,39.9454685],[-2.5982292,39.9454895]]]},"properties":{"category":"building","name":"","building":"house","building_levels":"3","height":9.0,"height_estimated":false}},{"type":"Feature","id":"way/736750914","geometry":{"type":"Polygon","coordinates":[[[-2.5981458,39.9455182],[-2.5980465,39.9455345],[-2.5980127,39.9454753],[-2.5980524,39.9454645],[-2.5980629,39.9454869],[-2.5981393,39.9454747],[-2.5981458,39.9455182]]]},"properties":{"category":"building","name":"","building":"house","building_levels":"2","height":6.0,"height_estimated":false}},{"type":"Feature","id":"way/736750915","geometry":{"type":"Polygon","coordinates":[[[-2.5981393,39.9454747],[-2.5981385,39.9454692],[-2.5981303,39.9454411],[-2.5981045,39.9454489],[-2.5980524,39.9454645],[-2.5980629,39.9454869],[-2.5981393,39.9454747]]]},"properties":{"category":"building","name":"","building":"house","building_levels":"1","height":3.0,"height_estimated":false}},{"type":"Feature","id":"way/736750916","geometry":{"type":"Polygon","coordinates":[[[-2.5980465,39.9455345],[-2.5980244,39.9455379],[-2.5980022,39.9455438],[-2.5979653,39.9454905],[-2.5980127,39.9454753],[-2.5980465,39.9455345]]]},"properties":{"category":"building","name":"","building":"house","building_levels":"2","height":6.0,"height_estimated":false}},{"type":"Feature","id":"way/736846656","geometry":{"type":"Polygon","coordinates":[[[-2.5979653,39.9454905],[-2.5979366,39.9454489],[-2.5980738,39.945392],[-2.5980813,39.9454059],[-2.5981045,39.9454489],[-2.5979653,39.9454905]]]},"properties":{"category":"building","name":"","building":"house","height":6.0,"height_estimated":true}},{"type":"Feature","id":"way/736846657","geometry":{"type":"Polygon","coordinates":[[[-2.5981045,39.9454489],[-2.5981303,39.9454411],[-2.5981166,39.9454025],[-2.5980813,39.9454059],[-2.5981045,39.9454489]]]},"properties":{"category":"building","name":"","building":"house","building_levels":"1","height":3.0,"height_estimated":false}},{"type":"Feature","id":"way/736846658","geometry":{"type":"Polygon","coordinates":[[[-2.5982096,39.9453938],[-2.5981166,39.9454025],[-2.5981303,39.9454411],[-2.5982111,39.9454403],[-2.5982096,39.9453938]]]},"properties":{"category":"building","name":"","building":"house","building_levels":"2","height":6.0,"height_estimated":false}},{"type":"Feature","id":"way/736846659","geometry":{"type":"Polygon","coordinates":[[[-2.5982531,39.9454043],[-2.5982507,39.9454408],[-2.5982352,39.9454406],[-2.5982382,39.9454052],[-2.5982531,39.9454043]]]},"properties":{"category":"building","name":"","building":"house","building_levels":"2","height":6.0,"height_estimated":false}},{"type":"Feature","id":"way/736846660","geometry":{"type":"Polygon","coordinates":[[[-2.5982507,39.9454408],[-2.5983282,39.9454419],[-2.5983335,39.9454057],[-2.5982739,39.9454047],[-2.5982531,39.9454043],[-2.5982507,39.9454408]]]},"properties":{"category":"building","name":"","building":"house","building_levels":"3","height":9.0,"height_estimated":false}},{"type":"Feature","id":"way/736846661","geometry":{"type":"Polygon","coordinates":[[[-2.5983282,39.9454419],[-2.5983402,39.9454421],[-2.5983479,39.945407],[-2.5983335,39.9454057],[-2.5983282,39.9454419]]]},"properties":{"category":"building","name":"","building":"house","building_levels":"2","height":6.0,"height_estimated":false}},{"type":"Feature","id":"way/736846662","geometry":{"type":"Polygon","coordinates":[[[-2.5979366,39.9454489],[-2.5980738,39.945392],[-2.5981315,39.9453673],[-2.5981315,39.9453545],[-2.598231,39.9453495],[-2.5982328,39.945287],[-2.598203,39.9452877],[-2.598153,39.945289],[-2.5980923,39.9452906],[-2.598038,39.945292],[-2.5980624,39.9453568],[-2.5979059,39.9454046],[-2.5979366,39.9454489]]]},"properties":{"category":"building","name":"","building":"house","building_levels":"2","height":6.0,"height_estimated":false}},{"type":"Feature","id":"way/736846663","geometry":{"type":"Polygon","coordinates":[[[-2.598153,39.945289],[-2.5981518,39.9452463],[-2.5980916,39.9452463],[-2.5980923,39.9452906],[-2.598153,39.945289]]]},"properties":{"category":"building","name":"","building":"house","building_levels":"1","height":3.0,"height_estimated":false}},{"type":"Feature","id":"way/736846664","geometry":{"type":"Polygon","coordinates":[[[-2.5979059,39.9454046],[-2.5978483,39.9453213],[-2.5979254,39.9452934],[-2.5979326,39.9453134],[-2.598016,39.9452929],[-2.5980148,39.9452486],[-2.5980916,39.9452463],[-2.5980923,39.9452906],[-2.598038,39.945292],[-2.5980624,39.9453568],[-2.5979059,39.9454046]]]},"properties":{"category":"building","name":"","building":"house","building_levels":"2","height":6.0,"height_estimated":false}},{"type":"Feature","id":"way/736846665","geometry":{"type":"Polygon","coordinates":[[[-2.5978483,39.9453213],[-2.597829,39.9452959],[-2.5979117,39.9452614],[-2.5979254,39.9452934],[-2.5978483,39.9453213]]]},"properties":{"category":"building","name":"","building":"house","building_levels":"1","height":3.0,"height_estimated":false}},{"type":"Feature","id":"way/736846666","geometry":{"type":"Polygon","coordinates":[[[-2.597829,39.9452959],[-2.5978076,39.9452677],[-2.597901,39.945229],[-2.5979117,39.9452614],[-2.597829,39.9452959]]]},"properties":{"category":"building","name":"","building":"house","building_levels":"2","height":6.0,"height_estimated":false}},{"type":"Feature","id":"way/736846667","geometry":{"type":"Polygon","coordinates":[[[-2.5978076,39.9452677],[-2.5977846,39.9452374],[-2.5978414,39.9452121],[-2.5978218,39.945186],[-2.5978641,39.9451659],[-2.5978879,39.9452029],[-2.5979058,39.945228],[-2.597901,39.945229],[-2.5978076,39.9452677]]]},"properties":{"category":"building","name":"","building":"house","building_levels":"3","height":9.0,"height_estimated":false}},{"type":"Feature","id":"way/736846668","geometry":{"type":"Polygon","coordinates":[[[-2.5977846,39.9452374],[-2.5977654,39.945212],[-2.5978218,39.945186],[-2.5978414,39.9452121],[-2.5977846,39.9452374]]]},"properties":{"category":"building","name":"","building":"house","building_levels":"3","height":9.0,"height_estimated":false}},{"type":"Feature","id":"way/736846669","geometry":{"type":"Polygon","coordinates":[[[-2.5978879,39.9452029],[-2.5978641,39.9451659],[-2.5978699,39.9451633],[-2.5979011,39.9451492],[-2.5979653,39.9451203],[-2.5979751,39.9451335],[-2.5979981,39.9451646],[-2.5979856,39.9451668],[-2.5978879,39.9452029]]]},"properties":{"category":"building","name":"","building":"house","building_levels":"2","height":6.0,"height_estimated":false}},{"type":"Feature","id":"way/736846670","geometry":{"type":"Polygon","coordinates":[[[-2.5980017,39.945202],[-2.5980571,39.9451924],[-2.5980511,39.9451646],[-2.5980082,39.9451755],[-2.5979981,39.9451646],[-2.5979856,39.9451668],[-2.5980017,39.945202]]]},"properties":{"category":"building","name":"","building":"house","building_levels":"1","height":3.0,"height_estimated":false}},{"type":"Feature","id":"way/736846671","geometry":{"type":"Polygon","coordinates":[[[-2.5982739,39.9454047],[-2.5982745,39.94535],[-2.598231,39.9453495],[-2.5982328,39.945287],[-2.598203,39.9452877],[-2.5982024,39.9452331],[-2.5982644,39.9452331],[-2.5982638,39.9452911],[-2.5982948,39.9452929],[-2.598293,39.9453244],[-2.5983562,39.9453271],[-2.5983479,39.945407],[-2.5982739,39.9454047]]]},"properties":{"category":"building","name":"","building":"house","building_levels":"2","height":6.0,"height_estimated":false}},{"type":"Feature","id":"way/736846672","geometry":{"type":"Polygon","coordinates":[[[-2.5983562,39.9453271],[-2.598293,39.9453244],[-2.5982948,39.9452929],[-2.5982638,39.9452911],[-2.5982644,39.9452331],[-2.5982024,39.9452331],[-2.598203,39.9451742],[-2.5982799,39.9451742],[-2.5982959,39.9451742],[-2.5982956,39.9452399],[-2.5982954,39.945276],[-2.5983609,39.9452777],[-2.5983562,39.9453271]]]},"properties":{"category":"building","name":"","building":"house","building_levels":"2","height":6.0,"height_estimated":false}},{"type":"Feature","id":"way/736846673","geometry":{"type":"Polygon","coordinates":[[[-2.5983609,39.9452777],[-2.5983642,39.9452435],[-2.5982956,39.9452399],[-2.5982954,39.945276],[-2.5983609,39.9452777]]]},"properties":{"category":"building","name":"","building":"house","building_levels":"2","height":6.0,"height_estimated":false}},{"type":"Feature","id":"way/736846674","geometry":{"type":"Polygon","coordinates":[[[-2.5983642,39.9452435],[-2.5983774,39.9451056],[-2.5982872,39.9451213],[-2.5982799,39.9451226],[-2.5982799,39.9451742],[-2.5982959,39.9451742],[-2.5982956,39.9452399],[-2.5983642,39.9452435]]]},"properties":{"category":"building","name":"","building":"house","building_levels":"2","height":6.0,"height_estimated":false}},{"type":"Feature","id":"way/736846675","geometry":{"type":"Polygon","coordinates":[[[-2.5982799,39.9451742],[-2.598203,39.9451742],[-2.5981607,39.9451732],[-2.5981607,39.9451248],[-2.5982799,39.9451226],[-2.5982799,39.9451742]]]},"properties":{"category":"building","name":"","building":"house","building_levels":"1","height":3.0,"height_estimated":false}},{"type":"Feature","id":"way/736846676","geometry":{"type":"Polygon","coordinates":[[[-2.5983774,39.9451056],[-2.5982872,39.9451213],[-2.5982846,39.945039],[-2.5983863,39.9450271],[-2.5983774,39.9451056]]]},"properties":{"category":"building","name":"","building":"house","height":6.0,"height_estimated":true}},{"type":"Feature","id":"way/736846677","geometry":{"type":"Polygon","coordinates":[[[-2.5983863,39.9450271],[-2.5983958,39.9449429],[-2.5982828,39.9449654],[-2.5982846,39.945039],[-2.5983863,39.9450271]]]},"properties":{"category":"building","name":"","building":"house","building_levels":"1","height":3.0,"height_estimated":false}},{"type":"Feature","id":"way/736846678","geometry":{"type":"Polygon","coordinates":[[[-2.5980744,39.9451286],[-2.5980571,39.9450719],[-2.5980118,39.9450801],[-2.5980035,39.9450636],[-2.5979397,39.9450824],[-2.5979516,39.9451002],[-2.5979653,39.9451203],[-2.5979751,39.9451335],[-2.5980458,39.94513],[-2.5980744,39.9451286]]]},"properties":{"category":"building","name":"","building":"house","building_levels":"2","height":6.0,"height_estimated":false}},{"type":"Feature","id":"way/736846679","geometry":{"type":"Polygon","coordinates":[[[-2.5980571,39.9450719],[-2.5980744,39.9450687],[-2.5980511,39.9450134],[-2.5979814,39.9450303],[-2.5980035,39.9450636],[-2.5980118,39.9450801],[-2.5980571,39.9450719]]]},"properties":{"category":"building","name":"","building":"house","building_levels":"1","height":3.0,"height_estimated":false}},{"type":"Feature","id":"way/736846680","geometry":{"type":"Polygon","coordinates":[[[-2.5980035,39.9450636],[-2.5979814,39.9450303],[-2.5979749,39.9450225],[-2.5979111,39.9450486],[-2.597932,39.9450714],[-2.5979397,39.9450824],[-2.5980035,39.9450636]]]},"properties":{"category":"building","name":"","building":"house","building_levels":"2","height":6.0,"height_estimated":false}},{"type":"Feature","id":"way/736846681","geometry":{"type":"Polygon","coordinates":[[[-2.5980511,39.9450134],[-2.5980201,39.9449632],[-2.5979421,39.9449814],[-2.5979749,39.9450225],[-2.5979814,39.9450303],[-2.5980511,39.9450134]]]},"properties":{"category":"building","name":"","building":"house","building_levels":"1","height":3.0,"height_estimated":false}},{"type":"Feature","id":"way/736846682","geometry":{"type":"Polygon","coordinates":[[[-2.5979749,39.9450225],[-2.5979421,39.9449814],[-2.5978647,39.9449878],[-2.597898,39.945033],[-2.5979111,39.9450486],[-2.5979749,39.9450225]]]},"properties":{"category":"building","name":"","building":"house","building_levels":"2","height":6.0,"height_estimated":false}},{"type":"Feature","id":"way/736846683","geometry":{"type":"Polygon","coordinates":[[[-2.5980201,39.9449632],[-2.5979784,39.9449097],[-2.597907,39.9449285],[-2.5979421,39.9449814],[-2.5980201,39.9449632]]]},"properties":{"category":"building","name":"","building":"house","building_levels":"1","height":3.0,"height_estimated":false}},{"type":"Feature","id":"way/736846684","geometry":{"type":"Polygon","coordinates":[[[-2.5979421,39.9449814],[-2.597907,39.9449285],[-2.5978206,39.9449289],[-2.5978504,39.9449691],[-2.5978647,39.9449878],[-2.5979421,39.9449814]]]},"properties":{"category":"building","name":"","building":"house","building_levels":"2","height":6.0,"height_estimated":false}},{"type":"Feature","id":"way/736846685","geometry":{"type":"Polygon","coordinates":[[[-2.5979653,39.9451203],[-2.5979516,39.9451002],[-2.5979195,39.9450915],[-2.5978706,39.9451134],[-2.5978763,39.9451201],[-2.5979011,39.9451492],[-2.5979653,39.9451203]]]},"properties":{"category":"building","name":"","building":"house","building_levels":"2","height":6.0,"height_estimated":false}},{"type":"Feature","id":"way/736846686","geometry":{"type":"Polygon","coordinates":[[[-2.5979011,39.9451492],[-2.5978699,39.9451633],[-2.5978504,39.9451321],[-2.5978763,39.9451201],[-2.5979011,39.9451492]]]},"properties":{"category":"building","name":"","building":"house","building_levels":"1","height":3.0,"height_estimated":false}},{"type":"Feature","id":"way/736846687","geometry":{"type":"Polygon","coordinates":[[[-2.5978699,39.9451633],[-2.5978641,39.9451659],[-2.5978218,39.945186],[-2.5977654,39.945212],[-2.5977262,39.9451568],[-2.5978337,39.9451107],[-2.5978699,39.9451633]]]},"properties":{"category":"building","name":"","building":"house","building_levels":"2","height":6.0,"height_estimated":false}},{"type":"Feature","id":"way/736846688","geometry":{"type":"Polygon","coordinates":[[[-2.5978337,39.9451107],[-2.5978242,39.9450956],[-2.5978015,39.9450632],[-2.5977777,39.9450696],[-2.5977676,39.9450746],[-2.597692,39.9451155],[-2.5977262,39.9451568],[-2.5978337,39.9451107]]]},"properties":{"category":"building","name":"","building":"house","building_levels":"2","height":6.0,"height_estimated":false}},{"type":"Feature","id":"way/736846689","geometry":{"type":"Polygon","coordinates":[[[-2.5978242,39.9450956],[-2.5978599,39.9450824],[-2.5978379,39.9450513],[-2.5978015,39.9450632],[-2.5978242,39.9450956]]]},"properties":{"category":"building","name":"","building":"house","height":6.0,"height_estimated":true}},{"type":"Feature","id":"way/736846690","geometry":{"type":"Polygon","coordinates":[[[-2.5978379,39.9450513],[-2.5978021,39.9450052],[-2.5977592,39.9450203],[-2.5977443,39.9450271],[-2.5977777,39.9450696],[-2.5978015,39.9450632],[-2.5978379,39.9450513]]]},"properties":{"category":"building","name":"","building":"house","height":6.0,"height_estimated":true}},{"type":"Feature","id":"way/736846691","geometry":{"type":"Polygon","coordinates":[[[-2.597692,39.9451155],[-2.5976551,39.94507],[-2.5977443,39.9450271],[-2.5977777,39.9450696],[-2.597692,39.9451155]]]},"properties":{"category":"building","name":"","building":"house","building_levels":"2","height":6.0,"height_estimated":false}},{"type":"Feature","id":"way/736846692","geometry":{"type":"Polygon","coordinates":[[[-2.5977443,39.9450271],[-2.5977592,39.9450203],[-2.5977473,39.9450088],[-2.5978504,39.9449691],[-2.5978206,39.9449289],[-2.5977233,39.9449723],[-2.5976151,39.9450205],[-2.5976551,39.94507],[-2.5977443,39.9450271]]]},"properties":{"category":"building","name":"","building":"house","building_levels":"2","height":6.0,"height_estimated":false}},{"type":"Feature","id":"way/736846693","geometry":{"type":"Polygon","coordinates":[[[-2.5978206,39.9449289],[-2.5978075,39.9449111],[-2.5977554,39.9449254],[-2.5976979,39.9449412],[-2.5977233,39.9449723],[-2.5978206,39.9449289]]]},"properties":{"category":"building","name":"","building":"house","building_levels":"1","height":3.0,"height_estimated":false}},{"type":"Feature","id":"way/736846694","geometry":{"type":"Polygon","coordinates":[[[-2.5977233,39.9449723],[-2.5976151,39.9450205],[-2.5975975,39.9449989],[-2.5976538,39.9449746],[-2.5976407,39.9449554],[-2.5976691,39.9449484],[-2.5976979,39.9449412],[-2.5977233,39.9449723]]]},"properties":{"category":"building","name":"","building":"house","building_levels":"3","height":9.0,"height_estimated":false}},{"type":"Feature","id":"way/736846695","geometry":{"type":"Polygon","coordinates":[[[-2.5976407,39.9449554],[-2.5975769,39.9449734],[-2.5975975,39.9449989],[-2.5976538,39.9449746],[-2.5976407,39.9449554]]]},"properties":{"category":"building","name":"","building":"house","building_levels":"3","height":9.0,"height_estimated":false}},{"type":"Feature","id":"way/736846696","geometry":{"type":"Polygon","coordinates":[[[-2.5984039,39.9448709],[-2.5982715,39.9449033],[-2.5982572,39.9448654],[-2.5984079,39.9448293],[-2.5984039,39.9448709]]]},"properties":{"category":"building","name":"","building":"house","building_levels":"1","height":3.0,"height_estimated":false}},{"type":"Feature","id":"way/736846697","geometry":{"type":"Polygon","coordinates":[[[-2.5980148,39.9452486],[-2.598016,39.9452381],[-2.5979737,39.9452468],[-2.597963,39.9452107],[-2.5980017,39.945202],[-2.5980571,39.9451924],[-2.5980511,39.9451646],[-2.5980458,39.94513],[-2.5980744,39.9451286],[-2.5981607,39.9451248],[-2.5981607,39.9451732],[-2.5981607,39.9452449],[-2.5981518,39.9452463],[-2.5980916,39.9452463],[-2.5980148,39.9452486]]]},"properties":{"category":"landuse","name":"","amenity":"parking"}},{"type":"Feature","id":"way/736846698","geometry":{"type":"Polygon","coordinates":[[[-2.5979737,39.9452468],[-2.5979117,39.9452614],[-2.597901,39.945229],[-2.5979058,39.945228],[-2.597963,39.9452107],[-2.5979737,39.9452468]]]},"properties":{"category":"landuse","name":"","amenity":"parking"}},{"type":"Feature","id":"way/736962728","geometry":{"type":"Polygon","coordinates":[[[-2.5984113,39.9447942],[-2.59831,39.944807],[-2.5983039,39.9447497],[-2.5984163,39.944742],[-2.5984113,39.9447942]]]},"properties":{"category":"building","name":"","building":"house","building_levels":"2","height":6.0,"height_estimated":false}},{"type":"Feature","id":"way/736962729","geometry":{"type":"Polygon","coordinates":[[[-2.59831,39.944807],[-2.5982125,39.9448216],[-2.5982048,39.9447564],[-2.5983039,39.9447497],[-2.59831,39.944807]]]},"properties":{"category":"building","name":"","building":"house","building_levels":"2","height":6.0,"height_estimated":false}},{"type":"Feature","id":"way/736962730","geometry":{"type":"Polygon","coordinates":[[[-2.5981707,39.9448291],[-2.5981582,39.9447596],[-2.5981021,39.9447634],[-2.5981124,39.9448359],[-2.5981707,39.9448291]]]},"properties":{"category":"building","name":"","building":"house","building_levels":"1","height":3.0,"height_estimated":false}},{"type":"Feature","id":"way/736962731","geometry":{"type":"Polygon","coordinates":[[[-2.5981124,39.9448359],[-2.5980638,39.944841],[-2.5980397,39.9447675],[-2.5981021,39.9447634],[-2.5981124,39.9448359]]]},"properties":{"category":"building","name":"","building":"house","building_levels":"1","height":3.0,"height_estimated":false}},{"type":"Feature","id":"way/736962732","geometry":{"type":"Polygon","coordinates":[[[-2.5980138,39.9447692],[-2.5980215,39.9448101],[-2.5979637,39.9448188],[-2.5979527,39.9447732],[-2.5980138,39.9447692]]]},"properties":{"category":"building","name":"","building":"house","building_levels":"1","height":3.0,"height_estimated":false}},{"type":"Feature","id":"way/736962733","geometry":{"type":"Polygon","coordinates":[[[-2.5978109,39.9448505],[-2.5977901,39.9447948],[-2.5977431,39.9448036],[-2.597765,39.944862],[-2.5978109,39.9448505]]]},"properties":{"category":"building","name":"","building":"house","building_levels":"2","height":6.0,"height_estimated":false}},{"type":"Feature","id":"way/736962734","geometry":{"type":"Polygon","coordinates":[[[-2.597765,39.944862],[-2.5976948,39.9448806],[-2.5976731,39.9448386],[-2.597655,39.9448226],[-2.5977431,39.9448036],[-2.597765,39.944862]]]},"properties":{"category":"building","name":"","building":"house","building_levels":"2","height":6.0,"height_estimated":false}},{"type":"Feature","id":"way/736962735","geometry":{"type":"Polygon","coordinates":[[[-2.5976948,39.9448806],[-2.597638,39.9448956],[-2.597604,39.9448338],[-2.597655,39.9448226],[-2.5976731,39.9448386],[-2.5976948,39.9448806]]]},"properties":{"category":"building","name":"","building":"house","building_levels":"2","height":6.0,"height_estimated":false}},{"type":"Feature","id":"way/736962736","geometry":{"type":"Polygon","coordinates":[[[-2.5978801,39.9448912],[-2.5978641,39.9448572],[-2.5977402,39.9448897],[-2.5977554,39.9449254],[-2.5978801,39.9448912]]]},"properties":{"category":"building","name":"","building":"house","building_levels":"2","height":6.0,"height_estimated":false}},{"type":"Feature","id":"way/736962737","geometry":{"type":"Polygon","coordinates":[[[-2.5975769,39.9449734],[-2.5976691,39.9449484],[-2.5976499,39.9449154],[-2.5976386,39.9449183],[-2.5976041,39.9449279],[-2.597551,39.9449414],[-2.5975769,39.9449734]]]},"properties":{"category":"building","name":"","building":"house","building_levels":"3","height":9.0,"height_estimated":false}},{"type":"Feature","id":"way/736962738","geometry":{"type":"Polygon","coordinates":[[[-2.5976386,39.9449183],[-2.5976329,39.9449059],[-2.5975976,39.944915],[-2.5976041,39.9449279],[-2.5976386,39.9449183]]]},"properties":{"category":"building","name":"","building":"house","height":2.5,"height_estimated":false}},{"type":"Feature","id":"way/736962739","geometry":{"type":"Polygon","coordinates":[[[-2.5975936,39.9449083],[-2.5976948,39.9448806],[-2.5977031,39.944898],[-2.5977402,39.9448897],[-2.5977554,39.9449254],[-2.5976691,39.9449484],[-2.5976499,39.9449154],[-2.5976386,39.9449183],[-2.5976329,39.9449059],[-2.5975976,39.944915],[-2.5975936,39.9449083]]]},"properties":{"category":"building","name":"","building":"house","building_levels":"2","height":6.0,"height_estimated":false}},{"type":"Feature","id":"way/736962740","geometry":{"type":"Polygon","coordinates":[[[-2.5975304,39.9449234],[-2.597572,39.9449134],[-2.5975573,39.9448844],[-2.5975759,39.9448802],[-2.5975906,39.944909],[-2.597638,39.9448956],[-2.597604,39.9448338],[-2.5974838,39.94486],[-2.5975304,39.9449234]]]},"properties":{"category":"building","name":"","building":"house","building_levels":"2","height":6.0,"height_estimated":false}},{"type":"Feature","id":"way/736962748","geometry":{"type":"Polygon","coordinates":[[[-2.5984962,39.9450448],[-2.598613,39.9450416],[-2.5986287,39.9450412],[-2.5989516,39.9450329],[-2.5991001,39.9450176],[-2.5991208,39.944952],[-2.5991456,39.9448731],[-2.5991662,39.9448078],[-2.5991597,39.9448034],[-2.5991552,39.9447962],[-2.5991524,39.9447798],[-2.5991612,39.9447663],[-2.5991678,39.9447618],[-2.5991806,39.944756],[-2.5991774,39.9447028],[-2.5992008,39.9446998],[-2.5992137,39.9446675],[-2.5990392,39.9446361],[-2.598865,39.9446053],[-2.5987845,39.9445925],[-2.5987766,39.9445912],[-2.5986396,39.9445695],[-2.5984962,39.9450448]]]},"properties":{"category":"landuse","name":"Colegio Público San José de Calasanz","amenity":"school"}},{"type":"Feature","id":"way/736962752","geometry":{"type":"Polygon","coordinates":[[[-2.5987234,39.9447636],[-2.5987167,39.944784],[-2.5986155,39.9447656],[-2.5986728,39.944591],[-2.5987674,39.9446104],[-2.5987607,39.9446339],[-2.5987993,39.944639],[-2.5987634,39.9447697],[-2.5987234,39.9447636]]]},"properties":{"category":"building","name":"Colegio Público San José de Calasanz","building":"public","building_levels":"2","height":6.0,"height_estimated":false}},{"type":"Feature","id":"way/736962753","geometry":{"type":"Polygon","coordinates":[[[-2.5990112,39.9449495],[-2.5990072,39.9449638],[-2.5990778,39.9449781],[-2.5991031,39.944878],[-2.5986994,39.9448085],[-2.5986701,39.9449056],[-2.5987474,39.9449209],[-2.598754,39.9449045],[-2.5990112,39.9449495]]]},"properties":{"category":"building","name":"Colegio Público San José de Calasanz","building":"public","building_levels":"1","height":3.0,"height_estimated":false}},{"type":"Feature","id":"way/736962754","geometry":{"type":"Polygon","coordinates":[[[-2.5997656,39.9456337],[-2.5997289,39.9455318],[-2.5997162,39.9454966],[-2.5997104,39.9454805],[-2.5996973,39.9454442],[-2.5995856,39.9454503],[-2.5994169,39.9454596],[-2.5993139,39.9454653],[-2.5992715,39.9454676],[-2.5991766,39.9454729],[-2.5991396,39.9454749],[-2.5991288,39.9454039],[-2.5991679,39.9454006],[-2.5992969,39.9453945],[-2.5993661,39.9453912],[-2.599482,39.9453881],[-2.5995434,39.9453864],[-2.5996294,39.945384],[-2.5996691,39.9453829],[-2.5996503,39.9452187],[-2.5993477,39.9452281],[-2.5991313,39.9452349],[-2.5990738,39.9452367],[-2.5990126,39.9452386],[-2.5990058,39.9452139],[-2.5989989,39.9451891],[-2.5989961,39.945179],[-2.5990407,39.945177],[-2.5991859,39.9451704],[-2.5992238,39.9451687],[-2.5992718,39.9451666],[-2.5993298,39.945164],[-2.5994856,39.9451569],[-2.5995329,39.9451548],[-2.5996462,39.9451497],[-2.5996402,39.9451046],[-2.5996338,39.9450564],[-2.5996237,39.944979],[-2.5992996,39.9450022],[-2.5993015,39.9449404],[-2.5996128,39.9449217],[-2.5996063,39.944863],[-2.5995915,39.94469],[-2.5992008,39.9446998],[-2.5992137,39.9446675],[-2.599271,39.9444721],[-2.5992864,39.9444015],[-2.599279,39.9443458],[-2.5987166,39.9443671],[-2.5986396,39.9445695],[-2.5984962,39.9450448],[-2.5984709,39.9451925],[-2.5984602,39.9452545],[-2.5984456,39.9453603],[-2.5984398,39.9454878],[-2.5984384,39.94552],[-2.5984385,39.9455234],[-2.5984399,39.9455587],[-2.5984444,39.9456717],[-2.59845,39.9457197],[-2.5985442,39.9457471],[-2.5986697,39.9457836],[-2.5987183,39.9457814],[-2.5988066,39.9457774],[-2.598801,39.9457264],[-2.5987686,39.9457296],[-2.5987606,39.9456849],[-2.5987534,39.9456447],[-2.5987511,39.9456317],[-2.5987226,39.9456103],[-2.5987609,39.9456072],[-2.5988286,39.9456017],[-2.5988455,39.9456927],[-2.5988296,39.9456925],[-2.5988409,39.9457643],[-2.5989154,39.9457597],[-2.5989813,39.9457535],[-2.5989871,39.945753],[-2.5991065,39.9457434],[-2.59947,39.9456746],[-2.5995635,39.9456631],[-2.5995315,39.9455285],[-2.5994394,39.9455398],[-2.599431,39.9455063],[-2.5994429,39.9455041],[-2.599442,39.945498],[-2.5995183,39.9454886],[-2.5995216,39.9454939],[-2.5995644,39.9454912],[-2.5995735,39.9455214],[-2.599602,39.9456159],[-2.599615,39.9456589],[-2.5996802,39.945648],[-2.5997656,39.9456337]]]},"properties":{"category":"landuse","name":"","landuse":"residential"}},{"type":"Feature","id":"way/736975869","geometry":{"type":"Polygon","coordinates":[[[-2.5993154,39.9446223],[-2.5993522,39.9445019],[-2.5993973,39.9443461],[-2.5994367,39.944331],[-2.5995691,39.9443295],[-2.5995748,39.9443959],[-2.5995787,39.9444418],[-2.5995825,39.9444865],[-2.599584,39.9445038],[-2.5995888,39.9445975],[-2.5995779,39.9446127],[-2.5994042,39.9446189],[-2.5993154,39.9446223]]]},"properties":{"category":"landuse","name":"","landuse":"residential"}},{"type":"Feature","id":"way/736975871","geometry":{"type":"LineString","coordinates":[[-2.5995748,39.9443959],[-2.5994795,39.9443938],[-2.599461,39.9444047],[-2.5994354,39.9444865],[-2.5995825,39.9444865],[-2.5995748,39.9443959]]},"properties":{"category":"road","name":"","highway":"pedestrian","surface":"paving_stones"}},{"type":"Feature","id":"way/736975872","geometry":{"type":"Polygon","coordinates":[[[-2.599584,39.9445038],[-2.5994952,39.9445039],[-2.5994952,39.9445443],[-2.5994056,39.9445443],[-2.5994042,39.9446189],[-2.5995779,39.9446127],[-2.5995888,39.9445975],[-2.599584,39.9445038]]]},"properties":{"category":"building","name":"","building":"house","building_levels":"1","height":3.0,"height_estimated":false}},{"type":"Feature","id":"way/736975873","geometry":{"type":"Polygon","coordinates":[[[-2.5994042,39.9446189],[-2.5993154,39.9446223],[-2.5993522,39.9445019],[-2.5994056,39.944505],[-2.5994056,39.9445443],[-2.5994042,39.9446189]]]},"properties":{"category":"building","name":"","building":"house","building_levels":"1","height":3.0,"height_estimated":false}},{"type":"Feature","id":"way/736975874","geometry":{"type":"LineString","coordinates":[[-2.5990333,39.9444717],[-2.5989324,39.9444532],[-2.598921,39.9444979],[-2.5989011,39.9445666],[-2.5989955,39.9445775],[-2.5990333,39.9444717]]},"properties":{"category":"road","name":"","highway":"pedestrian","surface":"paving_stones"}},{"type":"Feature","id":"way/736975875","geometry":{"type":"Polygon","coordinates":[[[-2.5992137,39.9446675],[-2.599271,39.9444721],[-2.5990989,39.9444402],[-2.5990392,39.9446361],[-2.5992137,39.9446675]]]},"properties":{"category":"building","name":"","building":"yes","height":6.0,"height_estimated":true}},{"type":"Feature","id":"way/736975876","geometry":{"type":"Polygon","coordinates":[[[-2.5987065,39.9445493],[-2.5988335,39.9445694],[-2.5988394,39.9445467],[-2.5988655,39.9445504],[-2.5988911,39.9444588],[-2.5988525,39.9444518],[-2.59886,39.9444206],[-2.5988469,39.9444179],[-2.5988528,39.944397],[-2.5987519,39.9443815],[-2.5987147,39.9445139],[-2.5987065,39.9445493]]]},"properties":{"category":"building","name":"","building":"house","height":6.0,"height_estimated":true}},{"type":"Feature","id":"way/736975877","geometry":{"type":"Polygon","coordinates":[[[-2.5991456,39.9448731],[-2.5987254,39.9448027],[-2.5987322,39.9447758],[-2.5987711,39.9447825],[-2.598813,39.9446378],[-2.5987799,39.9446094],[-2.5987845,39.9445925],[-2.5992137,39.9446675],[-2.5992008,39.9446998],[-2.5991774,39.9447028],[-2.5991806,39.944756],[-2.5991678,39.9447618],[-2.5991612,39.9447663],[-2.5991524,39.9447798],[-2.5991552,39.9447962],[-2.5991597,39.9448034],[-2.5991662,39.9448078],[-2.5991456,39.9448731]]]},"properties":{"category":"landuse","name":"","leisure":"playground"}},{"type":"Feature","id":"way/736975878","geometry":{"type":"Polygon","coordinates":[[[-2.5996063,39.944863],[-2.5991876,39.9448782],[-2.599194,39.9449474],[-2.5993015,39.9449404],[-2.5996128,39.9449217],[-2.5996063,39.944863]]]},"properties":{"category":"building","name":"","building":"yes","building_levels":"2","height":6.0,"height_estimated":false}},{"type":"Feature","id":"way/736975879","geometry":{"type":"Polygon","coordinates":[[[-2.5991876,39.9448782],[-2.5991859,39.9448202],[-2.5991739,39.9448134],[-2.5991662,39.9448078],[-2.5991597,39.9448034],[-2.5991552,39.9447962],[-2.5991524,39.9447798],[-2.5991612,39.9447663],[-2.5991678,39.9447618],[-2.5991806,39.944756],[-2.5991774,39.9447028],[-2.5992008,39.9446998],[-2.5995915,39.94469],[-2.5996063,39.944863],[-2.5991876,39.9448782]]]},"properties":{"category":"building","name":"Polideportivo de Palomares del Campo","building":"public","building_levels":"2","height":6.0,"height_estimated":false}},{"type":"Feature","id":"way/736975880","geometry":{"type":"LineString","coordinates":[[-2.5996435,39.9446489],[-2.5992616,39.9446597],[-2.5993519,39.9443111]]},"properties":{"category":"road","name":"","highway":"service","surface":"asphalt"}},{"type":"Feature","id":"way/736975881","geometry":{"type":"LineString","coordinates":[[-2.5969903,39.9441573],[-2.5972184,39.9441085],[-2.5972548,39.9441743],[-2.5973984,39.9441644],[-2.597612,39.9441109]]},"properties":{"category":"road","name":"","highway":"service","surface":"paved"}},{"type":"Feature","id":"way/736975882","geometry":{"type":"LineString","coordinates":[[-2.5972148,39.9440237],[-2.5969551,39.9441026]]},"properties":{"category":"road","name":"","highway":"service","surface":"paved"}},{"type":"Feature","id":"way/736975883","geometry":{"type":"Polygon","coordinates":[[[-2.5995329,39.9451548],[-2.5995303,39.945118],[-2.5994843,39.94512],[-2.5994856,39.9451569],[-2.5995329,39.9451548]]]},"properties":{"category":"building","name":"","building":"house","building_levels":"1","height":3.0,"height_estimated":false}},{"type":"Feature","id":"way/736975884","geometry":{"type":"Polygon","coordinates":[[[-2.5996462,39.9451497],[-2.5995329,39.9451548],[-2.5995303,39.945118],[-2.5994843,39.94512],[-2.599481,39.9450648],[-2.5995876,39.9450602],[-2.5995882,39.9451067],[-2.5996402,39.9451046],[-2.5996462,39.9451497]]]},"properties":{"category":"building","name":"","building":"house","building_levels":"2","height":6.0,"height_estimated":false}},{"type":"Feature","id":"way/736975885","geometry":{"type":"Polygon","coordinates":[[[-2.5994856,39.9451569],[-2.5993298,39.945164],[-2.5993282,39.9451507],[-2.5993228,39.9451063],[-2.5993184,39.9450699],[-2.599481,39.9450648],[-2.5994856,39.9451569]]]},"properties":{"category":"building","name":"","building":"house","building_levels":"1","height":3.0,"height_estimated":false}},{"type":"Feature","id":"way/736975886","geometry":{"type":"Polygon","coordinates":[[[-2.5993282,39.9451507],[-2.5992705,39.9451522],[-2.5992658,39.9451088],[-2.5993228,39.9451063],[-2.5993282,39.9451507]]]},"properties":{"category":"building","name":"","building":"house","building_levels":"2","height":6.0,"height_estimated":false}},{"type":"Feature","id":"way/736975887","geometry":{"type":"Polygon","coordinates":[[[-2.5992718,39.9451666],[-2.5992238,39.9451687],[-2.5992132,39.9450761],[-2.5993184,39.9450699],[-2.5993228,39.9451063],[-2.5992658,39.9451088],[-2.5992718,39.9451666]]]},"properties":{"category":"building","name":"","building":"house","building_levels":"2","height":6.0,"height_estimated":false}},{"type":"Feature","id":"way/736975888","geometry":{"type":"Polygon","coordinates":[[[-2.5992238,39.9451687],[-2.5991859,39.9451704],[-2.5991827,39.9451455],[-2.5991739,39.9450771],[-2.5992132,39.9450761],[-2.5992238,39.9451687]]]},"properties":{"category":"building","name":"","building":"house","building_levels":"2","height":6.0,"height_estimated":false}},{"type":"Feature","id":"way/736975889","geometry":{"type":"Polygon","coordinates":[[[-2.5991827,39.9451455],[-2.5990413,39.9451511],[-2.5990399,39.9451277],[-2.5990367,39.9450756],[-2.5991712,39.9450684],[-2.5991739,39.9450771],[-2.5991827,39.9451455]]]},"properties":{"category":"building","name":"","building":"house","building_levels":"1","height":3.0,"height_estimated":false}},{"type":"Feature","id":"way/736975890","geometry":{"type":"Polygon","coordinates":[[[-2.5990407,39.945177],[-2.5989961,39.945179],[-2.5989858,39.9451491],[-2.5989787,39.9451287],[-2.5990399,39.9451277],[-2.5990413,39.9451511],[-2.5990407,39.945177]]]},"properties":{"category":"building","name":"","building":"house","building_levels":"1","height":3.0,"height_estimated":false}},{"type":"Feature","id":"way/736975891","geometry":{"type":"Polygon","coordinates":[[[-2.5989961,39.945179],[-2.5989989,39.9451891],[-2.598848,39.9451973],[-2.5988375,39.9451521],[-2.5989858,39.9451491],[-2.5989961,39.945179]]]},"properties":{"category":"building","name":"","building":"house","building_levels":"1","height":3.0,"height_estimated":false}},{"type":"Feature","id":"way/736975892","geometry":{"type":"Polygon","coordinates":[[[-2.5988375,39.9451521],[-2.5986358,39.9451572],[-2.5986287,39.9450412],[-2.5989516,39.9450329],[-2.5989787,39.9451287],[-2.5989858,39.9451491],[-2.5988375,39.9451521]]]},"properties":{"category":"building","name":"","building":"house","building_levels":"1","height":3.0,"height_estimated":false}},{"type":"Feature","id":"way/736975893","geometry":{"type":"Polygon","coordinates":[[[-2.5991208,39.944952],[-2.5991826,39.9449506],[-2.5991885,39.9450119],[-2.5991001,39.9450176],[-2.5991208,39.944952]]]},"properties":{"category":"building","name":"","building":"yes","building_levels":"1","height":3.0,"height_estimated":false}},{"type":"Feature","id":"way/736975894","geometry":{"type":"Polygon","coordinates":[[[-2.5990126,39.9452386],[-2.5990384,39.9453283],[-2.5990141,39.9453305],[-2.5989788,39.9453338],[-2.5988935,39.9453418],[-2.5988919,39.9452992],[-2.5989225,39.9452943],[-2.598908,39.9452239],[-2.5990058,39.9452139],[-2.5990126,39.9452386]]]},"properties":{"category":"building","name":"","building":"house","building_levels":"1","height":3.0,"height_estimated":false}},{"type":"Feature","id":"way/736975895","geometry":{"type":"Polygon","coordinates":[[[-2.5988081,39.945348],[-2.5988065,39.9453029],[-2.5986592,39.9453066],[-2.5986592,39.9453523],[-2.5987275,39.9453503],[-2.5988081,39.945348]]]},"properties":{"category":"building","name":"","building":"house","building_levels":"1","height":3.0,"height_estimated":false}},{"type":"Feature","id":"way/736975896","geometry":{"type":"Polygon","coordinates":[[[-2.5988081,39.945348],[-2.5988129,39.9454289],[-2.5988556,39.9454313],[-2.598858,39.9453449],[-2.5988081,39.945348]]]},"properties":{"category":"building","name":"","building":"house","building_levels":"1","height":3.0,"height_estimated":false}},{"type":"Feature","id":"way/736975897","geometry":{"type":"Polygon","coordinates":[[[-2.5990141,39.9453305],[-2.5990239,39.9453795],[-2.5989909,39.9453838],[-2.5989788,39.9453338],[-2.5990141,39.9453305]]]},"properties":{"category":"building","name":"","building":"house","building_levels":"1","height":3.0,"height_estimated":false}},{"type":"Feature","id":"way/736975898","geometry":{"type":"Polygon","coordinates":[[[-2.5984764,39.9453597],[-2.598602,39.9453548],[-2.5986012,39.9452955],[-2.5984723,39.9453005],[-2.5984764,39.9453597]]]},"properties":{"category":"building","name":"","building":"house","building_levels":"2","height":6.0,"height_estimated":false}},{"type":"Feature","id":"way/736975899","geometry":{"type":"Polygon","coordinates":[[[-2.5986012,39.9452955],[-2.5986116,39.9452968],[-2.5986108,39.9452461],[-2.5985192,39.9452513],[-2.5984691,39.9452542],[-2.5984723,39.9453005],[-2.5986012,39.9452955]]]},"properties":{"category":"building","name":"","building":"house","building_levels":"2","height":6.0,"height_estimated":false}},{"type":"Feature","id":"way/736975900","geometry":{"type":"Polygon","coordinates":[[[-2.5984691,39.9452542],[-2.5984602,39.9452545],[-2.5984709,39.9451925],[-2.5985166,39.9451912],[-2.5985192,39.9452513],[-2.5984691,39.9452542]]]},"properties":{"category":"building","name":"","building":"house","building_levels":"1","height":3.0,"height_estimated":false}},{"type":"Feature","id":"way/736975901","geometry":{"type":"Polygon","coordinates":[[[-2.5996294,39.945384],[-2.5996278,39.9452857],[-2.5995384,39.9452863],[-2.5995434,39.9453864],[-2.5996294,39.945384]]]},"properties":{"category":"building","name":"","building":"house","building_levels":"2","height":6.0,"height_estimated":false}},{"type":"Feature","id":"way/736975902","geometry":{"type":"Polygon","coordinates":[[[-2.5995384,39.9452863],[-2.599478,39.9452887],[-2.599482,39.9453881],[-2.5995434,39.9453864],[-2.5995384,39.9452863]]]},"properties":{"category":"building","name":"","building":"house","building_levels":"2","height":6.0,"height_estimated":false}},{"type":"Feature","id":"way/736975903","geometry":{"type":"Polygon","coordinates":[[[-2.5992896,39.9452931],[-2.5992969,39.9453945],[-2.5991679,39.9454006],[-2.5991672,39.9453678],[-2.5991809,39.9453678],[-2.5991817,39.945335],[-2.5991495,39.945335],[-2.5991479,39.9452962],[-2.5992896,39.9452931]]]},"properties":{"category":"building","name":"","building":"house","building_levels":"1","height":3.0,"height_estimated":false}},{"type":"Feature","id":"way/736975904","geometry":{"type":"Polygon","coordinates":[[[-2.5991672,39.9453678],[-2.5991205,39.945369],[-2.5991288,39.9454039],[-2.5991679,39.9454006],[-2.5991672,39.9453678]]]},"properties":{"category":"building","name":"","building":"house","building_levels":"1","height":3.0,"height_estimated":false}},{"type":"Feature","id":"way/736975905","geometry":{"type":"Polygon","coordinates":[[[-2.599615,39.9456589],[-2.5996802,39.945648],[-2.5996661,39.9456043],[-2.599602,39.9456159],[-2.599615,39.9456589]]]},"properties":{"category":"building","name":"","building":"house","building_levels":"2","height":6.0,"height_estimated":false}},{"type":"Feature","id":"way/736975906","geometry":{"type":"Polygon","coordinates":[[[-2.5996661,39.9456043],[-2.5996496,39.9455455],[-2.5997289,39.9455318],[-2.5997656,39.9456337],[-2.5996802,39.945648],[-2.5996661,39.9456043]]]},"properties":{"category":"building","name":"","building":"house","building_levels":"2","height":6.0,"height_estimated":false}},{"type":"Feature","id":"way/736975907","geometry":{"type":"Polygon","coordinates":[[[-2.5997289,39.9455318],[-2.5997162,39.9454966],[-2.5996689,39.9455048],[-2.5996282,39.9455119],[-2.5995735,39.9455214],[-2.599602,39.9456159],[-2.5996661,39.9456043],[-2.5996496,39.9455455],[-2.5997289,39.9455318]]]},"properties":{"category":"building","name":"","building":"house","building_levels":"2","height":6.0,"height_estimated":false}},{"type":"Feature","id":"way/736975908","geometry":{"type":"Polygon","coordinates":[[[-2.5996689,39.9455048],[-2.5996617,39.9454834],[-2.5997104,39.9454805],[-2.5996973,39.9454442],[-2.5995856,39.9454503],[-2.5995644,39.9454912],[-2.5996226,39.9454873],[-2.5996282,39.9455119],[-2.5996689,39.9455048]]]},"properties":{"category":"building","name":"","building":"house","building_levels":"1","height":3.0,"height_estimated":false}},{"type":"Feature","id":"way/736975909","geometry":{"type":"Polygon","coordinates":[[[-2.59947,39.9456746],[-2.5994394,39.9455398],[-2.5995315,39.9455285],[-2.5995635,39.9456631],[-2.59947,39.9456746]]]},"properties":{"category":"building","name":"","building":"house","building_levels":"1","height":3.0,"height_estimated":false}},{"type":"Feature","id":"way/736975910","geometry":{"type":"Polygon","coordinates":[[[-2.5992175,39.9456896],[-2.5993382,39.9456731],[-2.5993247,39.9456162],[-2.59932,39.9455967],[-2.5993054,39.9455988],[-2.5992016,39.945614],[-2.5992175,39.9456896]]]},"properties":{"category":"building","name":"","building":"house","building_levels":"2","height":6.0,"height_estimated":false}},{"type":"Feature","id":"way/736975911","geometry":{"type":"Polygon","coordinates":[[[-2.5993247,39.9456162],[-2.5993994,39.945603],[-2.5993891,39.9455499],[-2.5993867,39.9455375],[-2.5993289,39.9455401],[-2.5993327,39.9455688],[-2.5993002,39.9455743],[-2.5993054,39.9455988],[-2.59932,39.9455967],[-2.5993247,39.9456162]]]},"properties":{"category":"building","name":"","building":"house","building_levels":"2","height":6.0,"height_estimated":false}},{"type":"Feature","id":"way/736975912","geometry":{"type":"Polygon","coordinates":[[[-2.5991834,39.9455422],[-2.599181,39.9455181],[-2.5991766,39.9454729],[-2.5992715,39.9454676],[-2.5992693,39.9455417],[-2.5991834,39.9455422]]]},"properties":{"category":"building","name":"","building":"house","building_levels":"1","height":3.0,"height_estimated":false}},{"type":"Feature","id":"way/736975913","geometry":{"type":"Polygon","coordinates":[[[-2.5993247,39.9456162],[-2.5993994,39.945603],[-2.5993891,39.9455499],[-2.5993867,39.9455375],[-2.5993289,39.9455401],[-2.5993327,39.9455688],[-2.5993002,39.9455743],[-2.5993054,39.9455988],[-2.59932,39.9455967],[-2.5993247,39.9456162]]]},"properties":{"category":"building","name":"","building":"house","height":6.0,"height_estimated":true}},{"type":"Feature","id":"way/736975914","geometry":{"type":"Polygon","coordinates":[[[-2.5993891,39.9455499],[-2.5994394,39.9455398],[-2.599431,39.9455063],[-2.599428,39.9454961],[-2.5993222,39.9455058],[-2.5993289,39.9455401],[-2.5993867,39.9455375],[-2.5993891,39.9455499]]]},"properties":{"category":"building","name":"","building":"house","building_levels":"2","height":6.0,"height_estimated":false}},{"type":"Feature","id":"way/736975915","geometry":{"type":"Polygon","coordinates":[[[-2.599428,39.9454961],[-2.5994169,39.9454596],[-2.5993139,39.9454653],[-2.5993222,39.9455058],[-2.599428,39.9454961]]]},"properties":{"category":"building","name":"","building":"house","building_levels":"2","height":6.0,"height_estimated":false}},{"type":"Feature","id":"way/736975916","geometry":{"type":"Polygon","coordinates":[[[-2.5992175,39.9456896],[-2.5991519,39.9456989],[-2.599134,39.9456155],[-2.5991299,39.9455962],[-2.5991932,39.9455865],[-2.5992175,39.9456896]]]},"properties":{"category":"building","name":"","building":"house","building_levels":"2","height":6.0,"height_estimated":false}},{"type":"Feature","id":"way/736975917","geometry":{"type":"Polygon","coordinates":[[[-2.5991519,39.9456989],[-2.5990973,39.9457055],[-2.5990951,39.9456951],[-2.5990879,39.9456635],[-2.5990786,39.9456223],[-2.599134,39.9456155],[-2.5991519,39.9456989]]]},"properties":{"category":"building","name":"","building":"house","building_levels":"2","height":6.0,"height_estimated":false}},{"type":"Feature","id":"way/736975918","geometry":{"type":"Polygon","coordinates":[[[-2.599181,39.9455181],[-2.5991142,39.9455255],[-2.5991134,39.9455225],[-2.599104,39.9454778],[-2.5991396,39.9454749],[-2.5991766,39.9454729],[-2.599181,39.9455181]]]},"properties":{"category":"building","name":"","building":"house","building_levels":"1","height":3.0,"height_estimated":false}},{"type":"Feature","id":"way/736975919","geometry":{"type":"Polygon","coordinates":[[[-2.599104,39.9454778],[-2.5990607,39.9454808],[-2.5990687,39.9455273],[-2.5991134,39.9455225],[-2.599104,39.9454778]]]},"properties":{"category":"building","name":"","building":"house","building_levels":"1","height":3.0,"height_estimated":false}},{"type":"Feature","id":"way/736975920","geometry":{"type":"LineString","coordinates":[[-2.5990346,39.9452099],[-2.5990924,39.9452074],[-2.5997031,39.945183]]},"properties":{"category":"road","name":"","highway":"service","surface":"asphalt"}},{"type":"Feature","id":"way/736992466","geometry":{"type":"Polygon","coordinates":[[[-2.5984709,39.9451925],[-2.5985166,39.9451912],[-2.5986257,39.9451901],[-2.598613,39.9450416],[-2.5984962,39.9450448],[-2.5984709,39.9451925]]]},"properties":{"category":"landuse","name":"","amenity":"parking"}},{"type":"Feature","id":"way/736992469","geometry":{"type":"LineString","coordinates":[[-2.5991569,39.9454412],[-2.5997513,39.9454114]]},"properties":{"category":"road","name":"","highway":"service"}},{"type":"Feature","id":"way/736992471","geometry":{"type":"LineString","coordinates":[[-2.5990924,39.9452074],[-2.5991335,39.945348]]},"properties":{"category":"road","name":"","highway":"service","surface":"ground"}},{"type":"Feature","id":"way/736992473","geometry":{"type":"Polygon","coordinates":[[[-2.5991065,39.9457434],[-2.5989871,39.945753],[-2.5989811,39.9457058],[-2.5990951,39.9456951],[-2.5990973,39.9457055],[-2.5991065,39.9457434]]]},"properties":{"category":"building","name":"","building":"house","building_levels":"3","height":9.0,"height_estimated":false}},{"type":"Feature","id":"way/736992474","geometry":{"type":"Polygon","coordinates":[[[-2.5989871,39.945753],[-2.5989154,39.9457597],[-2.5989084,39.9457129],[-2.5989811,39.9457058],[-2.5989871,39.945753]]]},"properties":{"category":"building","name":"","building":"house","building_levels":"2","height":6.0,"height_estimated":false}},{"type":"Feature","id":"way/736992475","geometry":{"type":"Polygon","coordinates":[[[-2.5989154,39.9457597],[-2.5988409,39.9457643],[-2.5988296,39.9456925],[-2.5988455,39.9456927],[-2.5989056,39.9456863],[-2.5989084,39.9457129],[-2.5989154,39.9457597]]]},"properties":{"category":"building","name":"","building":"house","building_levels":"2","height":6.0,"height_estimated":false}},{"type":"Feature","id":"way/736992476","geometry":{"type":"Polygon","coordinates":[[[-2.5990879,39.9456635],[-2.5990951,39.9456951],[-2.5989811,39.9457058],[-2.5989767,39.9456736],[-2.5990879,39.9456635]]]},"properties":{"category":"building","name":"","building":"house","building_levels":"4","height":12.0,"height_estimated":false}},{"type":"Feature","id":"way/736992477","geometry":{"type":"Polygon","coordinates":[[[-2.5989811,39.9457058],[-2.5989084,39.9457129],[-2.5989056,39.9456863],[-2.5989045,39.94568],[-2.5989767,39.9456736],[-2.5989811,39.9457058]]]},"properties":{"category":"building","name":"","building":"house","building_levels":"3","height":9.0,"height_estimated":false}},{"type":"Feature","id":"way/736992478","geometry":{"type":"Polygon","coordinates":[[[-2.5990879,39.9456635],[-2.5989767,39.9456736],[-2.5989701,39.9456192],[-2.5990341,39.9456138],[-2.5990754,39.9456103],[-2.5990879,39.9456635]]]},"properties":{"category":"building","name":"","building":"house","building_levels":"3","height":9.0,"height_estimated":false}},{"type":"Feature","id":"way/736992479","geometry":{"type":"Polygon","coordinates":[[[-2.5989767,39.9456736],[-2.5989701,39.9456192],[-2.5988968,39.9456255],[-2.5989045,39.94568],[-2.5989767,39.9456736]]]},"properties":{"category":"building","name":"","building":"house","building_levels":"2","height":6.0,"height_estimated":false}},{"type":"Feature","id":"way/736992480","geometry":{"type":"Polygon","coordinates":[[[-2.5988455,39.9456927],[-2.5989056,39.9456863],[-2.5989045,39.94568],[-2.5988968,39.9456255],[-2.5988897,39.9455942],[-2.5988286,39.9456017],[-2.5988455,39.9456927]]]},"properties":{"category":"building","name":"","building":"house","building_levels":"3","height":9.0,"height_estimated":false}},{"type":"Feature","id":"way/736992481","geometry":{"type":"Polygon","coordinates":[[[-2.5990754,39.9456103],[-2.5990682,39.9455752],[-2.5990247,39.9455811],[-2.5990341,39.9456138],[-2.5990754,39.9456103]]]},"properties":{"category":"building","name":"","building":"house","building_levels":"1","height":3.0,"height_estimated":false}},{"type":"Feature","id":"way/736992482","geometry":{"type":"Polygon","coordinates":[[[-2.5990247,39.9455811],[-2.5990153,39.945541],[-2.599061,39.9455397],[-2.5990682,39.9455752],[-2.5990247,39.9455811]]]},"properties":{"category":"building","name":"","building":"house","building_levels":"2","height":6.0,"height_estimated":false}},{"type":"Feature","id":"way/736992483","geometry":{"type":"Polygon","coordinates":[[[-2.599061,39.9455397],[-2.5990401,39.9454493],[-2.5989679,39.9454599],[-2.5989856,39.9455418],[-2.5990153,39.945541],[-2.599061,39.9455397]]]},"properties":{"category":"building","name":"","building":"house","building_levels":"1","height":3.0,"height_estimated":false}},{"type":"Feature","id":"way/736992484","geometry":{"type":"Polygon","coordinates":[[[-2.5987102,39.9457338],[-2.5987183,39.9457814],[-2.5988066,39.9457774],[-2.598801,39.9457264],[-2.5987686,39.9457296],[-2.5987102,39.9457338]]]},"properties":{"category":"building","name":"","building":"house","building_levels":"3","height":9.0,"height_estimated":false}},{"type":"Feature","id":"way/736992485","geometry":{"type":"Polygon","coordinates":[[[-2.5987102,39.9457338],[-2.5986919,39.9457341],[-2.5986697,39.9457836],[-2.5987183,39.9457814],[-2.5987102,39.9457338]]]},"properties":{"category":"building","name":"","building":"house","building_levels":"1","height":3.0,"height_estimated":false}},{"type":"Feature","id":"way/736992486","geometry":{"type":"Polygon","coordinates":[[[-2.5986697,39.9457836],[-2.5985442,39.9457471],[-2.5985616,39.9457016],[-2.5986919,39.9457341],[-2.5986697,39.9457836]]]},"properties":{"category":"building","name":"","building":"house","building_levels":"2","height":6.0,"height_estimated":false}},{"type":"Feature","id":"way/736992487","geometry":{"type":"Polygon","coordinates":[[[-2.5986919,39.9457341],[-2.5987102,39.9457338],[-2.5987686,39.9457296],[-2.5987606,39.9456849],[-2.5987229,39.945688],[-2.5987207,39.9456461],[-2.5986965,39.9456471],[-2.5986955,39.9456653],[-2.5986919,39.9457341]]]},"properties":{"category":"building","name":"","building":"house","building_levels":"3","height":9.0,"height_estimated":false}},{"type":"Feature","id":"way/736992488","geometry":{"type":"Polygon","coordinates":[[[-2.5987606,39.9456849],[-2.5987534,39.9456447],[-2.5987207,39.9456461],[-2.5987229,39.945688],[-2.5987606,39.9456849]]]},"properties":{"category":"building","name":"","building":"house","building_levels":"1","height":3.0,"height_estimated":false}},{"type":"Feature","id":"way/736992489","geometry":{"type":"Polygon","coordinates":[[[-2.5987534,39.9456447],[-2.5987511,39.9456317],[-2.5987226,39.9456103],[-2.5986969,39.9456111],[-2.5986965,39.9456471],[-2.5987534,39.9456447]]]},"properties":{"category":"building","name":"","building":"house","building_levels":"2","height":6.0,"height_estimated":false}},{"type":"Feature","id":"way/736992490","geometry":{"type":"Polygon","coordinates":[[[-2.5986965,39.9456471],[-2.5986955,39.9456653],[-2.5986053,39.9456635],[-2.5986062,39.9456296],[-2.5986655,39.9456314],[-2.5986664,39.9456108],[-2.5986969,39.9456111],[-2.5986965,39.9456471]]]},"properties":{"category":"building","name":"","building":"house","building_levels":"1","height":3.0,"height_estimated":false}},{"type":"Feature","id":"way/736992491","geometry":{"type":"Polygon","coordinates":[[[-2.5984444,39.9456717],[-2.5985543,39.9456566],[-2.5985491,39.9455967],[-2.5985456,39.9455559],[-2.5984399,39.9455587],[-2.5984444,39.9456717]]]},"properties":{"category":"building","name":"","building":"house","building_levels":"2","height":6.0,"height_estimated":false}},{"type":"Feature","id":"way/736992492","geometry":{"type":"Polygon","coordinates":[[[-2.5985491,39.9455967],[-2.5985916,39.945595],[-2.5985921,39.9455545],[-2.5985807,39.9455549],[-2.5985456,39.9455559],[-2.5985491,39.9455967]]]},"properties":{"category":"building","name":"","building":"house","building_levels":"1","height":3.0,"height_estimated":false}},{"type":"Feature","id":"way/736992493","geometry":{"type":"Polygon","coordinates":[[[-2.5984399,39.9455587],[-2.5985456,39.9455559],[-2.5985807,39.9455549],[-2.5985802,39.9455196],[-2.5985379,39.9455199],[-2.5984385,39.9455234],[-2.5984399,39.9455587]]]},"properties":{"category":"building","name":"","building":"house","building_levels":"1","height":3.0,"height_estimated":false}},{"type":"Feature","id":"way/736992494","geometry":{"type":"Polygon","coordinates":[[[-2.5984385,39.9455234],[-2.5985379,39.9455199],[-2.5985374,39.9454874],[-2.5984398,39.9454878],[-2.5984385,39.9455234]]]},"properties":{"category":"building","name":"","building":"house","building_levels":"1","height":3.0,"height_estimated":false}},{"type":"Feature","id":"way/736992495","geometry":{"type":"Polygon","coordinates":[[[-2.5985374,39.9454874],[-2.5985397,39.9454759],[-2.5985397,39.9454367],[-2.5985602,39.9454357],[-2.5985602,39.9453948],[-2.5986495,39.9453923],[-2.59865,39.9453832],[-2.5986514,39.9453529],[-2.598602,39.9453548],[-2.5984764,39.9453597],[-2.5984456,39.9453603],[-2.5984398,39.9454878],[-2.5985374,39.9454874]]]},"properties":{"category":"building","name":"","building":"house","building_levels":"2","height":6.0,"height_estimated":false}},{"type":"Feature","id":"way/736992496","geometry":{"type":"Polygon","coordinates":[[[-2.59865,39.9453832],[-2.5987275,39.9453829],[-2.5987275,39.9453503],[-2.5986592,39.9453523],[-2.5986514,39.9453529],[-2.59865,39.9453832]]]},"properties":{"category":"building","name":"","building":"house","building_levels":"1","height":3.0,"height_estimated":false}},{"type":"Feature","id":"way/736992497","geometry":{"type":"Polygon","coordinates":[[[-2.5985397,39.9454759],[-2.5986277,39.9454784],[-2.5986632,39.9454794],[-2.5986682,39.9454245],[-2.5986217,39.9454238],[-2.5986204,39.945436],[-2.5985397,39.9454367],[-2.5985397,39.9454759]]]},"properties":{"category":"building","name":"","building":"house","building_levels":"1","height":3.0,"height_estimated":false}},{"type":"Feature","id":"way/736992498","geometry":{"type":"Polygon","coordinates":[[[-2.5986632,39.9454794],[-2.5987243,39.9454867],[-2.5987257,39.9455147],[-2.5987535,39.945515],[-2.5987485,39.9454283],[-2.5986682,39.9454245],[-2.5986632,39.9454794]]]},"properties":{"category":"building","name":"","building":"house","building_levels":"1","height":3.0,"height_estimated":false}},{"type":"Feature","id":"way/736992499","geometry":{"type":"Polygon","coordinates":[[[-2.5986632,39.9454794],[-2.5986664,39.9455926],[-2.598629,39.9455929],[-2.5986277,39.9454784],[-2.5986632,39.9454794]]]},"properties":{"category":"building","name":"","building":"house","building_levels":"1","height":3.0,"height_estimated":false}},{"type":"Feature","id":"way/736992500","geometry":{"type":"Polygon","coordinates":[[[-2.5987609,39.9456072],[-2.5987512,39.945558],[-2.5987293,39.9455587],[-2.5987257,39.9455147],[-2.5987535,39.945515],[-2.598872,39.9455136],[-2.5988897,39.9455942],[-2.5988286,39.9456017],[-2.5987609,39.9456072]]]},"properties":{"category":"building","name":"","building":"house","building_levels":"2","height":6.0,"height_estimated":false}},{"type":"Feature","id":"way/736992501","geometry":{"type":"LineString","coordinates":[[-2.5988344,39.945811],[-2.5987924,39.9456228]]},"properties":{"category":"road","name":"","highway":"service","surface":"asphalt"}},{"type":"Feature","id":"way/736992502","geometry":{"type":"Polygon","coordinates":[[[-2.5985442,39.9457471],[-2.59845,39.9457197],[-2.5984444,39.9456717],[-2.5985543,39.9456566],[-2.5985596,39.9456698],[-2.5986056,39.9456705],[-2.5986053,39.9456635],[-2.5986955,39.9456653],[-2.5986919,39.9457341],[-2.5985616,39.9457016],[-2.5985442,39.9457471]]]},"properties":{"category":"building","name":"","building":"house","building_levels":"3","height":9.0,"height_estimated":false}},{"type":"Feature","id":"way/736992503","geometry":{"type":"Polygon","coordinates":[[[-2.5977066,39.944295],[-2.5978111,39.9442739],[-2.5978622,39.9442636],[-2.5979304,39.9442484],[-2.5979869,39.9442358],[-2.5980115,39.9442318],[-2.5981193,39.9441896],[-2.5982413,39.9441685],[-2.598231,39.9437401],[-2.5982878,39.9437375],[-2.5982893,39.9438083],[-2.5982924,39.9439609],[-2.5982953,39.9441019],[-2.5982964,39.944154],[-2.5986798,39.9440881],[-2.5987443,39.9439247],[-2.5988289,39.9437101],[-2.5988681,39.9436109],[-2.598638,39.9436194],[-2.5985889,39.9436201],[-2.5985865,39.9436044],[-2.5985791,39.9435551],[-2.5986908,39.9435506],[-2.5988829,39.9435408],[-2.5988938,39.9435408],[-2.5990082,39.9432788],[-2.5989551,39.94328],[-2.5988256,39.9432829],[-2.5987817,39.9432839],[-2.5986646,39.9432882],[-2.5985939,39.943291],[-2.5985304,39.9432924],[-2.5985014,39.9432929],[-2.5983777,39.9432949],[-2.5983194,39.9432959],[-2.5982763,39.9432966],[-2.5982163,39.9432976],[-2.5981894,39.943298],[-2.5980851,39.943302],[-2.5979236,39.9433077],[-2.5978769,39.94331],[-2.5977909,39.9433143],[-2.5976281,39.9433288],[-2.5975536,39.9433354],[-2.5972373,39.9433751],[-2.5971857,39.9433816],[-2.5970592,39.9434098],[-2.5969934,39.9434345],[-2.5970246,39.9434951],[-2.5970482,39.9434919],[-2.5970823,39.9435294],[-2.5971599,39.9435778],[-2.5972272,39.9435364],[-2.5972474,39.943524],[-2.5973019,39.9436187],[-2.5973611,39.9437216],[-2.5974271,39.943815],[-2.5975593,39.9439667],[-2.5975709,39.943966],[-2.5976031,39.9440125],[-2.5976178,39.9440518],[-2.5976318,39.9440892],[-2.5976585,39.9441606],[-2.5976831,39.9442308],[-2.5977066,39.944295]]]},"properties":{"category":"landuse","name":"","landuse":"residential"}},{"type":"Feature","id":"way/737067690","geometry":{"type":"LineString","coordinates":[[-2.5982713,39.9441951],[-2.5982591,39.9437551]]},"properties":{"category":"road","name":"","highway":"service","surface":"unpaved"}},{"type":"Feature","id":"way/737067691","geometry":{"type":"Polygon","coordinates":[[[-2.5984976,39.9438825],[-2.5984486,39.9438748],[-2.5984661,39.94381],[-2.5984775,39.9438122],[-2.5984807,39.9438078],[-2.5984853,39.9438055],[-2.5984896,39.9438049],[-2.5984957,39.9438058],[-2.5985001,39.9438082],[-2.5985017,39.9438123],[-2.5985021,39.9438161],[-2.5985134,39.943818],[-2.5984976,39.9438825]]]},"properties":{"category":"landuse","name":"","leisure":"swimming_pool"}},{"type":"Feature","id":"way/737067692","geometry":{"type":"Polygon","coordinates":[[[-2.5988289,39.9437101],[-2.5987043,39.9437167],[-2.5986416,39.94372],[-2.598638,39.9436194],[-2.5988681,39.9436109],[-2.5988289,39.9437101]]]},"properties":{"category":"building","name":"","building":"house","building_levels":"1","height":3.0,"height_estimated":false}},{"type":"Feature","id":"way/737067693","geometry":{"type":"Polygon","coordinates":[[[-2.5986416,39.94372],[-2.5985865,39.9437219],[-2.5985398,39.9437236],[-2.5985374,39.9436456],[-2.5985904,39.9436415],[-2.5985889,39.9436201],[-2.598638,39.9436194],[-2.5986416,39.94372]]]},"properties":{"category":"building","name":"","building":"house","building_levels":"1","height":3.0,"height_estimated":false}},{"type":"Feature","id":"way/737067694","geometry":{"type":"Polygon","coordinates":[[[-2.5985865,39.9436044],[-2.5985889,39.9436201],[-2.5985904,39.9436415],[-2.5985374,39.9436456],[-2.5985145,39.9436456],[-2.5985098,39.9436117],[-2.5985865,39.9436044]]]},"properties":{"category":"building","name":"","building":"house","building_levels":"1","height":3.0,"height_estimated":false}},{"type":"Feature","id":"way/737067695","geometry":{"type":"Polygon","coordinates":[[[-2.5984204,39.9437304],[-2.5984157,39.9436523],[-2.5983627,39.9436546],[-2.5983674,39.9437326],[-2.5984204,39.9437304]]]},"properties":{"category":"building","name":"","building":"house","building_levels":"1","height":3.0,"height_estimated":false}},{"type":"Feature","id":"way/737067696","geometry":{"type":"Polygon","coordinates":[[[-2.5983674,39.9437326],[-2.5982307,39.9437399],[-2.5981156,39.9437461],[-2.5981118,39.9436943],[-2.5981068,39.9436266],[-2.5983092,39.9436185],[-2.5983627,39.9436546],[-2.5983674,39.9437326]]]},"properties":{"category":"building","name":"","building":"house","building_levels":"1","height":3.0,"height_estimated":false}},{"type":"Feature","id":"way/737067697","geometry":{"type":"Polygon","coordinates":[[[-2.5981156,39.9437461],[-2.5980774,39.943747],[-2.5980727,39.9436956],[-2.5981118,39.9436943],[-2.5981156,39.9437461]]]},"properties":{"category":"building","name":"","building":"yes","building_levels":"1","height":3.0,"height_estimated":false}},{"type":"Feature","id":"way/737067698","geometry":{"type":"Polygon","coordinates":[[[-2.5982878,39.9437375],[-2.5982893,39.9438083],[-2.5984434,39.9438038],[-2.5984543,39.943762],[-2.5984629,39.9437288],[-2.5982878,39.9437375]]]},"properties":{"category":"building","name":"","building":"house","building_levels":"1","height":3.0,"height_estimated":false}},{"type":"Feature","id":"way/737067699","geometry":{"type":"Polygon","coordinates":[[[-2.5985865,39.9437219],[-2.5985875,39.943762],[-2.5984543,39.943762],[-2.5984629,39.9437288],[-2.5985865,39.9437219]]]},"properties":{"category":"building","name":"","building":"house","building_levels":"2","height":6.0,"height_estimated":false}},{"type":"Feature","id":"way/737067700","geometry":{"type":"Polygon","coordinates":[[[-2.5987443,39.9439247],[-2.5986215,39.9439359],[-2.5987043,39.9437167],[-2.5988289,39.9437101],[-2.5987443,39.9439247]]]},"properties":{"category":"building","name":"","building":"house","building_levels":"1","height":3.0,"height_estimated":false}},{"type":"Feature","id":"way/737067701","geometry":{"type":"Polygon","coordinates":[[[-2.5984045,39.9439575],[-2.5984162,39.943912],[-2.59857,39.9438967],[-2.5985777,39.9439407],[-2.598469,39.9439513],[-2.5984045,39.9439575]]]},"properties":{"category":"building","name":"","building":"house","building_levels":"1","height":3.0,"height_estimated":false}},{"type":"Feature","id":"way/737067702","geometry":{"type":"Polygon","coordinates":[[[-2.5989551,39.94328],[-2.5989575,39.9433315],[-2.598939,39.9433326],[-2.5989409,39.9433789],[-2.5988275,39.943383],[-2.5988256,39.9432829],[-2.5989551,39.94328]]]},"properties":{"category":"building","name":"","building":"house","height":2.5,"height_estimated":false}},{"type":"Feature","id":"way/737067703","geometry":{"type":"Polygon","coordinates":[[[-2.5988275,39.943383],[-2.5987862,39.9433841],[-2.5987817,39.9432839],[-2.5988256,39.9432829],[-2.5988275,39.943383]]]},"properties":{"category":"building","name":"","building":"house","height":2.5,"height_estimated":false}},{"type":"Feature","id":"way/737067704","geometry":{"type":"Polygon","coordinates":[[[-2.5989575,39.9433315],[-2.598958,39.9433778],[-2.5989409,39.9433789],[-2.598939,39.9433326],[-2.5989575,39.9433315]]]},"properties":{"category":"building","name":"","building":"house","height":2.5,"height_estimated":false}},{"type":"Feature","id":"way/737067705","geometry":{"type":"Polygon","coordinates":[[[-2.5987862,39.9433841],[-2.5987156,39.9433878],[-2.5987117,39.9433177],[-2.5986655,39.9433177],[-2.5986646,39.9432882],[-2.5987817,39.9432839],[-2.5987862,39.9433841]]]},"properties":{"category":"building","name":"","building":"house","building_levels":"1","height":3.0,"height_estimated":false}},{"type":"Feature","id":"way/737067706","geometry":{"type":"Polygon","coordinates":[[[-2.5986596,39.9433897],[-2.5986582,39.9433617],[-2.5985993,39.9433628],[-2.5986012,39.9433927],[-2.5986596,39.9433897]]]},"properties":{"category":"building","name":"","building":"house","building_levels":"1","height":3.0,"height_estimated":false}},{"type":"Feature","id":"way/737067707","geometry":{"type":"Polygon","coordinates":[[[-2.5986012,39.9433927],[-2.5985876,39.9433931],[-2.5985881,39.9434401],[-2.5986918,39.9434405],[-2.5986927,39.9433893],[-2.5986596,39.9433897],[-2.5986012,39.9433927]]]},"properties":{"category":"building","name":"","building":"house","building_levels":"1","height":3.0,"height_estimated":false}},{"type":"Feature","id":"way/737067708","geometry":{"type":"Polygon","coordinates":[[[-2.5986582,39.9433617],[-2.5986679,39.9433617],[-2.5986655,39.9433177],[-2.5986646,39.9432882],[-2.5985939,39.943291],[-2.5985959,39.9433147],[-2.5985993,39.9433628],[-2.5986582,39.9433617]]]},"properties":{"category":"building","name":"","building":"house","building_levels":"2","height":6.0,"height_estimated":false}},{"type":"Feature","id":"way/737067709","geometry":{"type":"Polygon","coordinates":[[[-2.5985876,39.9433931],[-2.5985341,39.9433953],[-2.5985312,39.9433162],[-2.5985959,39.9433147],[-2.5985993,39.9433628],[-2.5986012,39.9433927],[-2.5985876,39.9433931]]]},"properties":{"category":"building","name":"","building":"house","building_levels":"3","height":9.0,"height_estimated":false}},{"type":"Feature","id":"way/737067710","geometry":{"type":"Polygon","coordinates":[[[-2.5985959,39.9433147],[-2.5985939,39.943291],[-2.5985304,39.9432924],[-2.5985312,39.9433162],[-2.5985959,39.9433147]]]},"properties":{"category":"building","name":"","building":"house","building_levels":"2","height":6.0,"height_estimated":false}},{"type":"Feature","id":"way/737067711","geometry":{"type":"Polygon","coordinates":[[[-2.5985304,39.9432924],[-2.5985312,39.9433162],[-2.5985341,39.9433953],[-2.5984627,39.9433996],[-2.5984631,39.9433684],[-2.5985046,39.9433675],[-2.598502,39.9433075],[-2.5985014,39.9432929],[-2.5985304,39.9432924]]]},"properties":{"category":"building","name":"","building":"house","building_levels":"1","height":3.0,"height_estimated":false}},{"type":"Feature","id":"way/737067712","geometry":{"type":"Polygon","coordinates":[[[-2.5984631,39.9433684],[-2.5983778,39.9433693],[-2.598377,39.9433104],[-2.598502,39.9433075],[-2.5985046,39.9433675],[-2.5984631,39.9433684]]]},"properties":{"category":"building","name":"","building":"house","building_levels":"3","height":9.0,"height_estimated":false}},{"type":"Feature","id":"way/737067713","geometry":{"type":"Polygon","coordinates":[[[-2.598502,39.9433075],[-2.5985014,39.9432929],[-2.5983777,39.9432949],[-2.598377,39.9433104],[-2.598502,39.9433075]]]},"properties":{"category":"building","name":"","building":"house","building_levels":"2","height":6.0,"height_estimated":false}},{"type":"Feature","id":"way/737067714","geometry":{"type":"Polygon","coordinates":[[[-2.598377,39.9433104],[-2.5983198,39.9433125],[-2.5983194,39.9432959],[-2.5983777,39.9432949],[-2.598377,39.9433104]]]},"properties":{"category":"building","name":"","building":"house","building_levels":"1","height":3.0,"height_estimated":false}},{"type":"Feature","id":"way/737067715","geometry":{"type":"Polygon","coordinates":[[[-2.598377,39.9433104],[-2.5983778,39.9433693],[-2.5983786,39.9434039],[-2.5983266,39.9434073],[-2.5983219,39.9433422],[-2.5983203,39.9433194],[-2.5983198,39.9433125],[-2.598377,39.9433104]]]},"properties":{"category":"building","name":"","building":"house","building_levels":"2","height":6.0,"height_estimated":false}},{"type":"Feature","id":"way/737067716","geometry":{"type":"Polygon","coordinates":[[[-2.5983266,39.9434073],[-2.5982723,39.9434088],[-2.5982707,39.9433659],[-2.5982413,39.9433659],[-2.5982199,39.9433659],[-2.5982163,39.9432976],[-2.5982763,39.9432966],[-2.5982777,39.9433197],[-2.5982791,39.9433425],[-2.5983219,39.9433422],[-2.5983266,39.9434073]]]},"properties":{"category":"building","name":"","building":"house","building_levels":"3","height":9.0,"height_estimated":false}},{"type":"Feature","id":"way/737067717","geometry":{"type":"Polygon","coordinates":[[[-2.5983219,39.9433422],[-2.5983203,39.9433194],[-2.5982777,39.9433197],[-2.5982791,39.9433425],[-2.5983219,39.9433422]]]},"properties":{"category":"building","name":"","building":"house","building_levels":"2","height":6.0,"height_estimated":false}},{"type":"Feature","id":"way/737067718","geometry":{"type":"Polygon","coordinates":[[[-2.5983203,39.9433194],[-2.5983198,39.9433125],[-2.5983194,39.9432959],[-2.5982763,39.9432966],[-2.5982777,39.9433197],[-2.5983203,39.9433194]]]},"properties":{"category":"building","name":"","building":"house","building_levels":"1","height":3.0,"height_estimated":false}},{"type":"Feature","id":"way/737067719","geometry":{"type":"Polygon","coordinates":[[[-2.5982413,39.9433659],[-2.5982429,39.9434107],[-2.5982138,39.9434117],[-2.5981712,39.9434132],[-2.5981704,39.943386],[-2.598193,39.9433857],[-2.5981922,39.9433672],[-2.5982413,39.9433659]]]},"properties":{"category":"building","name":"","building":"house","building_levels":"2","height":6.0,"height_estimated":false}},{"type":"Feature","id":"way/737067720","geometry":{"type":"Polygon","coordinates":[[[-2.5981922,39.9433672],[-2.5981894,39.943298],[-2.5982163,39.9432976],[-2.5982199,39.9433659],[-2.5981922,39.9433672]]]},"properties":{"category":"building","name":"","building":"house","height":2.5,"height_estimated":false}},{"type":"Feature","id":"way/737067721","geometry":{"type":"Polygon","coordinates":[[[-2.5980863,39.9434175],[-2.5980855,39.9433912],[-2.5980581,39.9433919],[-2.5980581,39.9434187],[-2.5980863,39.9434175]]]},"properties":{"category":"building","name":"","building":"yes","building_levels":"1","height":3.0,"height_estimated":false}},{"type":"Feature","id":"way/737067722","geometry":{"type":"Polygon","coordinates":[[[-2.5978685,39.9434286],[-2.5978677,39.9434027],[-2.5978314,39.9434036],[-2.597831,39.9434301],[-2.5978685,39.9434286]]]},"properties":{"category":"building","name":"","building":"yes","building_levels":"1","height":3.0,"height_estimated":false}},{"type":"Feature","id":"way/737067723","geometry":{"type":"Polygon","coordinates":[[[-2.5979236,39.9433077],[-2.5979236,39.9433607],[-2.5978781,39.9433622],[-2.5978769,39.94331],[-2.5979236,39.9433077]]]},"properties":{"category":"building","name":"","building":"house","building_levels":"2","height":6.0,"height_estimated":false}},{"type":"Feature","id":"way/737067724","geometry":{"type":"Polygon","coordinates":[[[-2.5978781,39.9433622],[-2.5978789,39.9433996],[-2.5980581,39.9433919],[-2.5980855,39.9433912],[-2.5980851,39.943302],[-2.5979236,39.9433077],[-2.5979236,39.9433607],[-2.5978781,39.9433622]]]},"properties":{"category":"building","name":"","building":"house","building_levels":"2","height":6.0,"height_estimated":false}},{"type":"Feature","id":"way/737067725","geometry":{"type":"Polygon","coordinates":[[[-2.5975919,39.9434465],[-2.5976696,39.9434412],[-2.5976281,39.9433288],[-2.5975536,39.9433354],[-2.5975736,39.9433934],[-2.5975919,39.9434465]]]},"properties":{"category":"building","name":"","building":"house","building_levels":"2","height":6.0,"height_estimated":false}},{"type":"Feature","id":"way/737067726","geometry":{"type":"Polygon","coordinates":[[[-2.5975919,39.9434465],[-2.5975939,39.9434641],[-2.5975338,39.9434724],[-2.5974304,39.9434866],[-2.5974288,39.9434419],[-2.5975287,39.9434277],[-2.5975247,39.9433996],[-2.5975736,39.9433934],[-2.5975919,39.9434465]]]},"properties":{"category":"building","name":"","building":"house","building_levels":"2","height":6.0,"height_estimated":false}},{"type":"Feature","id":"way/737067727","geometry":{"type":"Polygon","coordinates":[[[-2.5974304,39.9434866],[-2.5974039,39.9434903],[-2.5974011,39.9434453],[-2.5974288,39.9434419],[-2.5974304,39.9434866]]]},"properties":{"category":"building","name":"","building":"yes","height":2.5,"height_estimated":false}},{"type":"Feature","id":"way/737067728","geometry":{"type":"Polygon","coordinates":[[[-2.5973374,39.9435125],[-2.5973395,39.9435227],[-2.5973024,39.9435283],[-2.5972984,39.9435181],[-2.5973374,39.9435125]]]},"properties":{"category":"building","name":"","building":"yes","height":2.5,"height_estimated":false}},{"type":"Feature","id":"way/737067729","geometry":{"type":"Polygon","coordinates":[[[-2.5974043,39.9435036],[-2.5974039,39.9434903],[-2.5974011,39.9434453],[-2.5973986,39.9434203],[-2.5972553,39.9434388],[-2.5972126,39.9434453],[-2.5972159,39.9434527],[-2.5972474,39.943524],[-2.5974043,39.9435036]]]},"properties":{"category":"building","name":"","building":"house","building_levels":"2","height":6.0,"height_estimated":false}},{"type":"Feature","id":"way/737067730","geometry":{"type":"Polygon","coordinates":[[[-2.5972553,39.9434388],[-2.5972373,39.9433751],[-2.5971857,39.9433816],[-2.5972126,39.9434453],[-2.5972553,39.9434388]]]},"properties":{"category":"building","name":"","building":"house","building_levels":"1","height":3.0,"height_estimated":false}},{"type":"Feature","id":"way/737067731","geometry":{"type":"Polygon","coordinates":[[[-2.5972474,39.943524],[-2.5972272,39.9435364],[-2.5971764,39.943474],[-2.5972159,39.9434527],[-2.5972474,39.943524]]]},"properties":{"category":"building","name":"","building":"house","building_levels":"1","height":3.0,"height_estimated":false}},{"type":"Feature","id":"way/737067732","geometry":{"type":"Polygon","coordinates":[[[-2.5972272,39.9435364],[-2.5971599,39.9435778],[-2.5970823,39.9435294],[-2.5971764,39.943474],[-2.5972272,39.9435364]]]},"properties":{"category":"building","name":"","building":"house","building_levels":"2","height":6.0,"height_estimated":false}},{"type":"Feature","id":"way/737067733","geometry":{"type":"Polygon","coordinates":[[[-2.5970823,39.9435294],[-2.5970482,39.9434919],[-2.5970246,39.9434951],[-2.5969934,39.9434345],[-2.5970592,39.9434098],[-2.5971857,39.9433816],[-2.5972126,39.9434453],[-2.5972159,39.9434527],[-2.5971764,39.943474],[-2.5970823,39.9435294]]]},"properties":{"category":"building","name":"","building":"house","building_levels":"2","height":6.0,"height_estimated":false}},{"type":"Feature","id":"way/737067734","geometry":{"type":"Polygon","coordinates":[[[-2.5975426,39.9436771],[-2.5975031,39.9436014],[-2.597448,39.9436165],[-2.5974885,39.9436938],[-2.5975426,39.9436771]]]},"properties":{"category":"landuse","name":"","leisure":"swimming_pool"}},{"type":"Feature","id":"way/737067735","geometry":{"type":"Polygon","coordinates":[[[-2.5974271,39.943815],[-2.597568,39.9437898],[-2.5975659,39.9437811],[-2.5975446,39.9436944],[-2.5973611,39.9437216],[-2.5974271,39.943815]]]},"properties":{"category":"building","name":"","building":"house","building_levels":"1","height":3.0,"height_estimated":false}},{"type":"Feature","id":"way/737067736","geometry":{"type":"Polygon","coordinates":[[[-2.5975659,39.9437811],[-2.5976441,39.9437696],[-2.5976264,39.9436813],[-2.5975446,39.9436944],[-2.5975659,39.9437811]]]},"properties":{"category":"building","name":"","building":"house","building_levels":"1","height":3.0,"height_estimated":false}},{"type":"Feature","id":"way/737067737","geometry":{"type":"Polygon","coordinates":[[[-2.5982953,39.9441019],[-2.5983668,39.9441019],[-2.5983676,39.9440644],[-2.598457,39.9440644],[-2.5984544,39.944013],[-2.5984708,39.9440136],[-2.598469,39.9439513],[-2.5984045,39.9439575],[-2.5982924,39.9439609],[-2.5982953,39.9441019]]]},"properties":{"category":"building","name":"","building":"house","building_levels":"1","height":3.0,"height_estimated":false}},{"type":"Feature","id":"way/737067738","geometry":{"type":"Polygon","coordinates":[[[-2.5988829,39.9435408],[-2.5986908,39.9435506],[-2.5986877,39.9435267],[-2.5987159,39.943524],[-2.5987089,39.9434307],[-2.5988901,39.9434203],[-2.5988954,39.9434703],[-2.5988807,39.9434726],[-2.5988829,39.9435408]]]},"properties":{"category":"building","name":"","building":"house","building_levels":"1","height":3.0,"height_estimated":false}},{"type":"Feature","id":"way/737067739","geometry":{"type":"Polygon","coordinates":[[[-2.5975338,39.9434724],[-2.5975484,39.9435738],[-2.5976044,39.9435701],[-2.5975939,39.9434641],[-2.5975338,39.9434724]]]},"properties":{"category":"building","name":"","building":"house","height":2.5,"height_estimated":false}},{"type":"Feature","id":"way/737067740","geometry":{"type":"Polygon","coordinates":[[[-2.5982138,39.9434117],[-2.5982183,39.9434699],[-2.5985359,39.9434549],[-2.5985873,39.9434524],[-2.5985881,39.9434401],[-2.5985876,39.9433931],[-2.5985341,39.9433953],[-2.5984627,39.9433996],[-2.5983786,39.9434039],[-2.5983266,39.9434073],[-2.5982723,39.9434088],[-2.5982707,39.9433659],[-2.5982413,39.9433659],[-2.5982429,39.9434107],[-2.5982138,39.9434117]]]},"properties":{"category":"building","name":"","building":"yes","height":2.5,"height_estimated":false}},{"type":"Feature","id":"way/737067743","geometry":{"type":"Polygon","coordinates":[[[-2.598545,39.9435569],[-2.5985359,39.9434549],[-2.5985873,39.9434524],[-2.5985881,39.9434401],[-2.5986918,39.9434405],[-2.5987089,39.9434307],[-2.5987159,39.943524],[-2.5986877,39.9435267],[-2.5986908,39.9435506],[-2.598545,39.9435569]]]},"properties":{"category":"landuse","name":"","amenity":"parking"}},{"type":"Feature","id":"way/737067745","geometry":{"type":"Polygon","coordinates":[[[-2.5979524,39.9437535],[-2.5979723,39.9438657],[-2.5976884,39.9438948],[-2.5976713,39.9437682],[-2.5979524,39.9437535]]]},"properties":{"category":"landuse","name":"","landuse":"orchard"}},{"type":"Feature","id":"way/737067747","geometry":{"type":"Polygon","coordinates":[[[-2.5975484,39.9435738],[-2.5973019,39.9436187],[-2.5972474,39.943524],[-2.5972984,39.9435181],[-2.5973024,39.9435283],[-2.5973395,39.9435227],[-2.5973374,39.9435125],[-2.5974043,39.9435036],[-2.5974039,39.9434903],[-2.5974304,39.9434866],[-2.5975338,39.9434724],[-2.5975484,39.9435738]]]},"properties":{"category":"landuse","name":"","amenity":"parking"}},{"type":"Feature","id":"way/737615913","geometry":{"type":"Polygon","coordinates":[[[-2.5978111,39.9442739],[-2.5977807,39.9442041],[-2.5976831,39.9442308],[-2.5977066,39.944295],[-2.5978111,39.9442739]]]},"properties":{"category":"building","name":"","building":"house","building_levels":"2","height":6.0,"height_estimated":false}},{"type":"Feature","id":"way/737615914","geometry":{"type":"Polygon","coordinates":[[[-2.5978111,39.9442739],[-2.5978622,39.9442636],[-2.5978337,39.9441928],[-2.5977807,39.9442041],[-2.5978111,39.9442739]]]},"properties":{"category":"building","name":"","building":"house","building_levels":"1","height":3.0,"height_estimated":false}},{"type":"Feature","id":"way/737615915","geometry":{"type":"Polygon","coordinates":[[[-2.5978337,39.9441928],[-2.5978149,39.9441434],[-2.5977593,39.9441522],[-2.5977807,39.9442041],[-2.5978337,39.9441928]]]},"properties":{"category":"building","name":"","building":"house","building_levels":"2","height":6.0,"height_estimated":false}},{"type":"Feature","id":"way/737615916","geometry":{"type":"Polygon","coordinates":[[[-2.5979869,39.9442358],[-2.5979705,39.9442046],[-2.5979933,39.9441979],[-2.5980115,39.9442318],[-2.5979869,39.9442358]]]},"properties":{"category":"building","name":"","building":"yes","building_levels":"1","height":3.0,"height_estimated":false}},{"type":"Feature","id":"way/737615917","geometry":{"type":"Polygon","coordinates":[[[-2.5980115,39.9442318],[-2.5981193,39.9441896],[-2.5980718,39.9441023],[-2.5979631,39.9441455],[-2.5979933,39.9441979],[-2.5980115,39.9442318]]]},"properties":{"category":"building","name":"","building":"house","building_levels":"3","height":9.0,"height_estimated":false}},{"type":"Feature","id":"way/737615918","geometry":{"type":"Polygon","coordinates":[[[-2.5977519,39.9441527],[-2.5977445,39.9441275],[-2.5978062,39.9441187],[-2.5978149,39.9441434],[-2.5977593,39.9441522],[-2.5977519,39.9441527]]]},"properties":{"category":"building","name":"","building":"house","building_levels":"2","height":6.0,"height_estimated":false}},{"type":"Feature","id":"way/737615919","geometry":{"type":"Polygon","coordinates":[[[-2.597703,39.9441578],[-2.5976949,39.9441352],[-2.5977445,39.9441275],[-2.5977519,39.9441527],[-2.597703,39.9441578]]]},"properties":{"category":"building","name":"","building":"house","building_levels":"1","height":3.0,"height_estimated":false}},{"type":"Feature","id":"way/737615920","geometry":{"type":"Polygon","coordinates":[[[-2.5976585,39.9441606],[-2.597703,39.9441578],[-2.5976781,39.9440843],[-2.597661,39.9440861],[-2.5976318,39.9440892],[-2.5976585,39.9441606]]]},"properties":{"category":"building","name":"","building":"house","building_levels":"2","height":6.0,"height_estimated":false}},{"type":"Feature","id":"way/737615921","geometry":{"type":"Polygon","coordinates":[[[-2.5977673,39.9439985],[-2.5977888,39.9440643],[-2.5978605,39.944056],[-2.5979269,39.944055],[-2.5979264,39.9440298],[-2.5979256,39.9439861],[-2.5978558,39.9439913],[-2.5977673,39.9439985]]]},"properties":{"category":"building","name":"","building":"house","building_levels":"1","height":3.0,"height_estimated":false}},{"type":"Feature","id":"way/737615922","geometry":{"type":"Polygon","coordinates":[[[-2.5979264,39.9440298],[-2.5980282,39.9440257],[-2.598002,39.943981],[-2.5979256,39.9439861],[-2.5979264,39.9440298]]]},"properties":{"category":"building","name":"","building":"house","building_levels":"1","height":3.0,"height_estimated":false}},{"type":"Feature","id":"way/737615923","geometry":{"type":"Polygon","coordinates":[[[-2.5976318,39.9440892],[-2.597661,39.9440861],[-2.5976473,39.9440488],[-2.5976178,39.9440518],[-2.5976318,39.9440892]]]},"properties":{"category":"building","name":"","building":"house","building_levels":"2","height":6.0,"height_estimated":false}},{"type":"Feature","id":"way/737615924","geometry":{"type":"Polygon","coordinates":[[[-2.5976178,39.9440518],[-2.5976031,39.9440125],[-2.5976346,39.9440113],[-2.5976473,39.9440488],[-2.5976178,39.9440518]]]},"properties":{"category":"building","name":"","building":"house","building_levels":"2","height":6.0,"height_estimated":false}},{"type":"Feature","id":"way/737615925","geometry":{"type":"Polygon","coordinates":[[[-2.597661,39.9440861],[-2.5976473,39.9440488],[-2.5977157,39.9440391],[-2.5977278,39.9440766],[-2.5976781,39.9440843],[-2.597661,39.9440861]]]},"properties":{"category":"building","name":"","building":"house","building_levels":"3","height":9.0,"height_estimated":false}},{"type":"Feature","id":"way/737615926","geometry":{"type":"Polygon","coordinates":[[[-2.5976473,39.9440488],[-2.5977157,39.9440391],[-2.597705,39.9440046],[-2.5976346,39.9440113],[-2.5976473,39.9440488]]]},"properties":{"category":"building","name":"","building":"house","building_levels":"3","height":9.0,"height_estimated":false}},{"type":"Feature","id":"way/737615927","geometry":{"type":"Polygon","coordinates":[[[-2.5977278,39.9440766],[-2.5977559,39.9440735],[-2.5977445,39.9440355],[-2.5977157,39.9440391],[-2.5977278,39.9440766]]]},"properties":{"category":"building","name":"","building":"house","building_levels":"2","height":6.0,"height_estimated":false}},{"type":"Feature","id":"way/737615928","geometry":{"type":"Polygon","coordinates":[[[-2.5977157,39.9440391],[-2.597705,39.9440046],[-2.5977351,39.9440015],[-2.5977445,39.9440355],[-2.5977157,39.9440391]]]},"properties":{"category":"building","name":"","building":"house","building_levels":"2","height":6.0,"height_estimated":false}},{"type":"Feature","id":"way/737615929","geometry":{"type":"Polygon","coordinates":[[[-2.5976031,39.9440125],[-2.5976346,39.9440113],[-2.597705,39.9440046],[-2.5977351,39.9440015],[-2.5977264,39.9439491],[-2.5975709,39.943966],[-2.5976031,39.9440125]]]},"properties":{"category":"building","name":"","building":"house","building_levels":"1","height":3.0,"height_estimated":false}},{"type":"Feature","id":"way/737615930","geometry":{"type":"Polygon","coordinates":[[[-2.5978558,39.9439913],[-2.5978485,39.9439039],[-2.5980168,39.9438936],[-2.5980315,39.9439815],[-2.598002,39.943981],[-2.5978558,39.9439913]]]},"properties":{"category":"building","name":"","building":"house","building_levels":"1","height":3.0,"height_estimated":false}},{"type":"Feature","id":"way/737615933","geometry":{"type":"LineString","coordinates":[[-2.5986164,39.9435863],[-2.5989518,39.9435702]]},"properties":{"category":"road","name":"","highway":"service","surface":"paved"}},{"type":"Feature","id":"way/737615934","geometry":{"type":"LineString","coordinates":[[-2.5976713,39.942308],[-2.5977998,39.9421903],[-2.5979056,39.9420047],[-2.5979953,39.9418707],[-2.5981053,39.9417467],[-2.5982873,39.9415746],[-2.5986535,39.9412727],[-2.5988516,39.9411056],[-2.5989365,39.9410369],[-2.5990998,39.9408818],[-2.5992375,39.9407631],[-2.599277,39.9407256]]},"properties":{"category":"road","name":"","highway":"track","surface":"unpaved"}},{"type":"Feature","id":"way/737615935","geometry":{"type":"LineString","coordinates":[[-2.5970362,39.9433695],[-2.5970807,39.9433018],[-2.5975666,39.9425734],[-2.5976404,39.9424155],[-2.5976713,39.942308]]},"properties":{"category":"road","name":"","highway":"residential","surface":"asphalt"}},{"type":"Feature","id":"way/737615936","geometry":{"type":"Polygon","coordinates":[[[-2.5985906,39.9432137],[-2.5986403,39.9429983],[-2.5986566,39.9429277],[-2.5987125,39.9426857],[-2.5987802,39.9423926],[-2.5988382,39.9421414],[-2.5986957,39.942145],[-2.5985677,39.9426985],[-2.598532,39.9428528],[-2.5984871,39.9430473],[-2.5984522,39.9431984],[-2.5984482,39.9432155],[-2.5985906,39.9432137]]]},"properties":{"category":"landuse","name":"","landuse":"farmland"}},{"type":"Feature","id":"way/737615937","geometry":{"type":"Polygon","coordinates":[[[-2.5992655,39.9426534],[-2.5988615,39.942677],[-2.5987125,39.9426857],[-2.5987802,39.9423926],[-2.5993729,39.9423634],[-2.5992655,39.9426534]]]},"properties":{"category":"landuse","name":"","landuse":"farmland"}},{"type":"Feature","id":"way/737615938","geometry":{"type":"Polygon","coordinates":[[[-2.5979765,39.9428253],[-2.598217,39.9428539],[-2.5982707,39.9426319],[-2.5983141,39.9426367],[-2.5983501,39.9424959],[-2.5980116,39.9424601],[-2.5979695,39.9425711],[-2.5979438,39.9426051],[-2.5978995,39.9426248],[-2.5979575,39.9427757],[-2.5979765,39.9428253]]]},"properties":{"category":"landuse","name":"","landuse":"farmland"}},{"type":"Feature","id":"way/737615939","geometry":{"type":"Polygon","coordinates":[[[-2.5980116,39.9424601],[-2.5980489,39.9421736],[-2.5984389,39.9421593],[-2.5983501,39.9424959],[-2.5980116,39.9424601]]]},"properties":{"category":"landuse","name":"","landuse":"orchard"}},{"type":"Feature","id":"way/737615940","geometry":{"type":"Polygon","coordinates":[[[-2.5985677,39.9426985],[-2.5984412,39.9426874],[-2.5984482,39.9426516],[-2.5983629,39.9426421],[-2.5983141,39.9426367],[-2.5983501,39.9424959],[-2.5984389,39.9421593],[-2.5986957,39.942145],[-2.5985677,39.9426985]]]},"properties":{"category":"landuse","name":"","landuse":"farmland"}},{"type":"Feature","id":"way/737615941","geometry":{"type":"Polygon","coordinates":[[[-2.5984482,39.9432155],[-2.5983394,39.9432206],[-2.5982402,39.9432103],[-2.5982481,39.9431738],[-2.5982676,39.9430836],[-2.598323,39.9428268],[-2.5983629,39.9426421],[-2.5984482,39.9426516],[-2.5984412,39.9426874],[-2.5985677,39.9426985],[-2.598532,39.9428528],[-2.5984871,39.9430473],[-2.5984522,39.9431984],[-2.5984482,39.9432155]]]},"properties":{"category":"landuse","name":"","landuse":"residential"}},{"type":"Feature","id":"way/737615942","geometry":{"type":"Polygon","coordinates":[[[-2.5990475,39.9432042],[-2.5987437,39.9432105],[-2.5985906,39.9432137],[-2.5986403,39.9429983],[-2.5986566,39.9429277],[-2.5987125,39.9426857],[-2.5988615,39.942677],[-2.5992655,39.9426534],[-2.5991736,39.9428856],[-2.5990889,39.9430997],[-2.5990475,39.9432042]]]},"properties":{"category":"landuse","name":"","landuse":"residential"}},{"type":"Feature","id":"way/737615943","geometry":{"type":"Polygon","coordinates":[[[-2.5987802,39.9423926],[-2.5988382,39.9421414],[-2.599415,39.9421101],[-2.599474,39.9421122],[-2.5994326,39.9422151],[-2.5993729,39.9423634],[-2.5987802,39.9423926]]]},"properties":{"category":"landuse","name":"","landuse":"residential"}},{"type":"Feature","id":"way/737615944","geometry":{"type":"Polygon","coordinates":[[[-2.598217,39.9428539],[-2.5981924,39.9429834],[-2.5981502,39.9432049],[-2.5981217,39.9432283],[-2.5980201,39.9432345],[-2.5978688,39.9432404],[-2.5978615,39.9432407],[-2.5977965,39.9432485],[-2.5977699,39.9432516],[-2.5977262,39.9432567],[-2.5975771,39.9432742],[-2.5975566,39.9432766],[-2.5974822,39.9432852],[-2.59743,39.9432911],[-2.5973329,39.9433023],[-2.5971501,39.9433233],[-2.5971427,39.9432672],[-2.5971562,39.9432454],[-2.5971868,39.9432035],[-2.5972883,39.9430646],[-2.5973076,39.9430324],[-2.5974469,39.9428371],[-2.5975465,39.9426968],[-2.5976582,39.9424853],[-2.5976766,39.9424506],[-2.5977044,39.9423863],[-2.5977496,39.9423093],[-2.5977517,39.9423057],[-2.5977985,39.9422355],[-2.5978351,39.942209],[-2.5979225,39.9421903],[-2.5979998,39.9421794],[-2.5980489,39.9421736],[-2.5980116,39.9424601],[-2.5979695,39.9425711],[-2.5979438,39.9426051],[-2.5978995,39.9426248],[-2.5979575,39.9427757],[-2.5979765,39.9428253],[-2.598217,39.9428539]]]},"properties":{"category":"landuse","name":"","landuse":"residential"}},{"type":"Feature","id":"way/737623394","geometry":{"type":"LineString","coordinates":[[-2.5973788,39.9420961],[-2.5972255,39.9418982],[-2.597183,39.941772],[-2.5971529,39.941635],[-2.5971104,39.941559]]},"properties":{"category":"road","name":"","highway":"track","surface":"unpaved"}},{"type":"Feature","id":"way/737623395","geometry":{"type":"Polygon","coordinates":[[[-2.5967009,39.943452],[-2.5966823,39.9434038],[-2.5966519,39.943302],[-2.5966408,39.9432647],[-2.5966108,39.943164],[-2.5965965,39.9431162],[-2.5966855,39.9431087],[-2.5967165,39.9431061],[-2.5967794,39.9431008],[-2.5968619,39.9430938],[-2.596846,39.9430199],[-2.5969669,39.9430094],[-2.5970885,39.9429988],[-2.5971044,39.9430904],[-2.59713,39.9430877],[-2.5971318,39.9431359],[-2.5971294,39.9431445],[-2.5971273,39.943152],[-2.5971237,39.9431647],[-2.5971194,39.94318],[-2.597113,39.9431942],[-2.5971043,39.9432132],[-2.5970982,39.9432268],[-2.5970958,39.94323],[-2.5970879,39.9432408],[-2.5970788,39.9432533],[-2.5970654,39.9432715],[-2.5970462,39.9432895],[-2.5970168,39.943317],[-2.5969681,39.9433523],[-2.5969159,39.9433841],[-2.5968849,39.9433991],[-2.5968566,39.943412],[-2.5968221,39.9434221],[-2.5967965,39.9434286],[-2.5967682,39.9434357],[-2.5967009,39.943452]]]},"properties":{"category":"landuse","name":"","landuse":"residential"}},{"type":"Feature","id":"way/737623396","geometry":{"type":"Polygon","coordinates":[[[-2.5963601,39.9411949],[-2.5963601,39.9410945],[-2.5962723,39.9410945],[-2.5962723,39.9411943],[-2.5963601,39.9411949]]]},"properties":{"category":"landuse","name":"","landuse":"industrial"}},{"type":"Feature","id":"way/737623397","geometry":{"type":"Polygon","coordinates":[[[-2.5963337,39.9411345],[-2.5963332,39.9411067],[-2.5962968,39.9411063],[-2.5962973,39.9411341],[-2.5963337,39.9411345]]]},"properties":{"category":"building","name":"","building":"yes","building_levels":"1","height":3.0,"height_estimated":false}},{"type":"Feature","id":"way/737623398","geometry":{"type":"Polygon","coordinates":[[[-2.5963182,39.9411222],[-2.5963197,39.9411203],[-2.5963179,39.9411174],[-2.5963149,39.9411168],[-2.5963113,39.941118],[-2.5963103,39.9411209],[-2.5963128,39.941123],[-2.5963151,39.9411234],[-2.5963182,39.9411222]]]},"properties":{"category":"building","name":"","building":"yes","height":12.0,"height_estimated":false}},{"type":"Feature","id":"way/737623400","geometry":{"type":"Polygon","coordinates":[[[-2.5963827,39.9409745],[-2.5963612,39.9408686],[-2.5961078,39.9409005],[-2.5961292,39.9410074],[-2.5963827,39.9409745]]]},"properties":{"category":"building","name":"","building":"yes","building_levels":"1","height":3.0,"height_estimated":false}},{"type":"Feature","id":"way/737623401","geometry":{"type":"Polygon","coordinates":[[[-2.5962395,39.9413765],[-2.5960566,39.9413758],[-2.5960505,39.9413337],[-2.5962355,39.9413337],[-2.5962395,39.9413765]]]},"properties":{"category":"building","name":"","building":"yes","building_levels":"1","height":3.0,"height_estimated":false}},{"type":"Feature","id":"way/737623402","geometry":{"type":"Polygon","coordinates":[[[-2.5970571,39.9421695],[-2.5969057,39.9420082],[-2.5969517,39.9419906],[-2.5971862,39.9419007],[-2.5973082,39.942069],[-2.5970571,39.9421695]]]},"properties":{"category":"building","name":"","building":"yes","building_levels":"1","height":3.0,"height_estimated":false}},{"type":"Feature","id":"way/737623403","geometry":{"type":"Polygon","coordinates":[[[-2.5967682,39.9434357],[-2.5967507,39.9433903],[-2.5966823,39.9434038],[-2.5967009,39.943452],[-2.5967682,39.9434357]]]},"properties":{"category":"building","name":"","building":"house","building_levels":"2","height":6.0,"height_estimated":false}},{"type":"Feature","id":"way/737623404","geometry":{"type":"Polygon","coordinates":[[[-2.5966823,39.9434038],[-2.5966519,39.943302],[-2.596683,39.9432997],[-2.5967085,39.9432979],[-2.5967507,39.9433903],[-2.5966823,39.9434038]]]},"properties":{"category":"building","name":"","building":"house","building_levels":"2","height":6.0,"height_estimated":false}},{"type":"Feature","id":"way/737623405","geometry":{"type":"Polygon","coordinates":[[[-2.596683,39.9432997],[-2.5966724,39.9432598],[-2.5966408,39.9432647],[-2.5966519,39.943302],[-2.596683,39.9432997]]]},"properties":{"category":"building","name":"","building":"house","building_levels":"1","height":3.0,"height_estimated":false}},{"type":"Feature","id":"way/737623406","geometry":{"type":"Polygon","coordinates":[[[-2.5967682,39.9434357],[-2.5967965,39.9434286],[-2.5968221,39.9434221],[-2.596804,39.9433786],[-2.5967507,39.9433903],[-2.5967682,39.9434357]]]},"properties":{"category":"building","name":"","building":"house","building_levels":"1","height":3.0,"height_estimated":false}},{"type":"Feature","id":"way/737623407","geometry":{"type":"Polygon","coordinates":[[[-2.596804,39.9433786],[-2.5967969,39.9433568],[-2.5968396,39.9433478],[-2.5968279,39.9433139],[-2.5967751,39.9433225],[-2.5967613,39.9432913],[-2.5967461,39.9432933],[-2.5967085,39.9432979],[-2.5967507,39.9433903],[-2.596804,39.9433786]]]},"properties":{"category":"building","name":"","building":"house","building_levels":"1","height":3.0,"height_estimated":false}},{"type":"Feature","id":"way/737623408","geometry":{"type":"Polygon","coordinates":[[[-2.5968221,39.9434221],[-2.596804,39.9433786],[-2.5967969,39.9433568],[-2.5968396,39.9433478],[-2.5968566,39.943412],[-2.5968221,39.9434221]]]},"properties":{"category":"building","name":"","building":"house","building_levels":"1","height":3.0,"height_estimated":false}},{"type":"Feature","id":"way/737623409","geometry":{"type":"Polygon","coordinates":[[[-2.5969159,39.9433841],[-2.596894,39.9433466],[-2.5969295,39.9433307],[-2.5969204,39.9433069],[-2.5969488,39.9433003],[-2.5969681,39.9433523],[-2.5969159,39.9433841]]]},"properties":{"category":"building","name":"","building":"house","building_levels":"2","height":6.0,"height_estimated":false}},{"type":"Feature","id":"way/737623410","geometry":{"type":"Polygon","coordinates":[[[-2.5967461,39.9432933],[-2.5967395,39.9432489],[-2.5967522,39.9432473],[-2.596836,39.9432426],[-2.5968355,39.9432843],[-2.5967461,39.9432933]]]},"properties":{"category":"building","name":"","building":"house","building_levels":"2","height":6.0,"height_estimated":false}},{"type":"Feature","id":"way/737623411","geometry":{"type":"Polygon","coordinates":[[[-2.5966108,39.943164],[-2.5966576,39.9431565],[-2.5966724,39.9431542],[-2.5966876,39.9432138],[-2.5966744,39.9432157],[-2.5966831,39.9432582],[-2.596708,39.9432543],[-2.5966785,39.9431366],[-2.5966922,39.9431343],[-2.5966855,39.9431087],[-2.5965965,39.9431162],[-2.5966108,39.943164]]]},"properties":{"category":"building","name":"","building":"yes","building_levels":"1","height":3.0,"height_estimated":false}},{"type":"Feature","id":"way/737623412","geometry":{"type":"Polygon","coordinates":[[[-2.5966744,39.9432157],[-2.5966576,39.9431565],[-2.5966724,39.9431542],[-2.5966876,39.9432138],[-2.5966744,39.9432157]]]},"properties":{"category":"building","name":"","building":"yes","height":2.5,"height_estimated":false}},{"type":"Feature","id":"way/737623413","geometry":{"type":"Polygon","coordinates":[[[-2.596708,39.9432543],[-2.5967395,39.9432489],[-2.5967522,39.9432473],[-2.5967908,39.9432411],[-2.5967629,39.9431382],[-2.5967252,39.9431437],[-2.5967165,39.9431061],[-2.5966855,39.9431087],[-2.5966922,39.9431343],[-2.5966785,39.9431366],[-2.596708,39.9432543]]]},"properties":{"category":"building","name":"","building":"house","building_levels":"2","height":6.0,"height_estimated":false}},{"type":"Feature","id":"way/737623414","geometry":{"type":"Polygon","coordinates":[[[-2.5967908,39.9432411],[-2.5968157,39.9432379],[-2.5967794,39.9431008],[-2.5967165,39.9431061],[-2.5967252,39.9431437],[-2.5967629,39.9431382],[-2.5967908,39.9432411]]]},"properties":{"category":"building","name":"","building":"yes","height":2.5,"height_estimated":false}},{"type":"Feature","id":"way/737623415","geometry":{"type":"Polygon","coordinates":[[[-2.5970124,39.9432337],[-2.5970462,39.9432895],[-2.5970654,39.9432715],[-2.5970788,39.9432533],[-2.5970879,39.9432408],[-2.5970958,39.94323],[-2.5970124,39.9432337]]]},"properties":{"category":"building","name":"","building":"yes","building_levels":"1","height":3.0,"height_estimated":false}},{"type":"Feature","id":"way/737623416","geometry":{"type":"Polygon","coordinates":[[[-2.5968904,39.9432391],[-2.5970124,39.9432337],[-2.5970958,39.94323],[-2.5970982,39.9432268],[-2.5971043,39.9432132],[-2.597113,39.9431942],[-2.5971194,39.94318],[-2.5971237,39.9431647],[-2.5971273,39.943152],[-2.5971294,39.9431445],[-2.5971318,39.9431359],[-2.59713,39.9430877],[-2.5971044,39.9430904],[-2.5969351,39.9431055],[-2.5969417,39.9431511],[-2.5970007,39.9431479],[-2.5970068,39.943183],[-2.5968813,39.9431912],[-2.5968904,39.9432391]]]},"properties":{"category":"building","name":"","building":"yes","building_levels":"1","height":3.0,"height_estimated":false}},{"type":"Feature","id":"way/737623417","geometry":{"type":"Polygon","coordinates":[[[-2.5969351,39.9431055],[-2.596879,39.943111],[-2.596864,39.9431125],[-2.5968619,39.9430938],[-2.596846,39.9430199],[-2.5969669,39.9430094],[-2.5970885,39.9429988],[-2.5971044,39.9430904],[-2.5969351,39.9431055]]]},"properties":{"category":"building","name":"","building":"yes","building_levels":"1","height":3.0,"height_estimated":false}},{"type":"Feature","id":"way/737623422","geometry":{"type":"Polygon","coordinates":[[[-2.5959458,39.9402757],[-2.5959336,39.9400871],[-2.5959336,39.9399421],[-2.5959499,39.9399063],[-2.5959844,39.9398845],[-2.5960393,39.9398813],[-2.596519,39.9399686],[-2.5967792,39.9400201],[-2.5969032,39.9400497],[-2.5970069,39.9400543],[-2.5970211,39.9400964],[-2.5959458,39.9402757]]]},"properties":{"category":"landuse","name":"","landuse":"farmland"}},{"type":"Feature","id":"way/737623423","geometry":{"type":"Polygon","coordinates":[[[-2.5970211,39.9400964],[-2.5970841,39.9400824],[-2.5973523,39.9400779],[-2.5977407,39.9400715],[-2.5975781,39.9400559],[-2.5973016,39.9400481],[-2.5971207,39.9400481],[-2.5970679,39.9400497],[-2.5970069,39.9400543],[-2.5970211,39.9400964]]]},"properties":{"category":"landuse","name":"","landuse":"farmland"}},{"type":"Feature","id":"way/737623424","geometry":{"type":"Polygon","coordinates":[[[-2.5970211,39.9400964],[-2.5970374,39.940179],[-2.5970557,39.9402414],[-2.5971146,39.9406279],[-2.5971288,39.940765],[-2.5971309,39.9408305],[-2.597141,39.9408804],[-2.5974886,39.9408476],[-2.597572,39.9408414],[-2.5978127,39.9408124],[-2.5979216,39.9407993],[-2.5980375,39.9407853],[-2.5981107,39.9407931],[-2.5982001,39.9407791],[-2.5981676,39.9407635],[-2.5981432,39.9406715],[-2.5981391,39.9405811],[-2.5981432,39.9404518],[-2.5981554,39.9403208],[-2.5981554,39.9401853],[-2.5981208,39.9401214],[-2.5980314,39.9400855],[-2.5978586,39.9400793],[-2.5977407,39.9400715],[-2.5973523,39.9400779],[-2.5970211,39.9400964]]]},"properties":{"category":"landuse","name":"","landuse":"farmland"}},{"type":"Feature","id":"way/737623425","geometry":{"type":"Polygon","coordinates":[[[-2.5959984,39.9406896],[-2.5959458,39.9402757],[-2.5970211,39.9400964],[-2.5970374,39.940179],[-2.5970557,39.9402414],[-2.5971146,39.9406279],[-2.5971288,39.940765],[-2.5971309,39.9408305],[-2.597141,39.9408804],[-2.5967225,39.9409334],[-2.5964943,39.9409623],[-2.5964252,39.9406631],[-2.5963927,39.9406429],[-2.5960584,39.9406825],[-2.5959984,39.9406896]]]},"properties":{"category":"landuse","name":"","landuse":"farmland"}},{"type":"Feature","id":"way/737623426","geometry":{"type":"Polygon","coordinates":[[[-2.5992052,39.9407572],[-2.5990796,39.9407341],[-2.5989256,39.9407314],[-2.5989097,39.9410408],[-2.599092,39.940863],[-2.5992052,39.9407572]]]},"properties":{"category":"landuse","name":"","landuse":"farmland"}},{"type":"Feature","id":"way/737623427","geometry":{"type":"Polygon","coordinates":[[[-2.5989097,39.9410408],[-2.598823,39.9411113],[-2.5987583,39.941115],[-2.5985363,39.9411276],[-2.5982726,39.9411412],[-2.5978992,39.9411764],[-2.5978745,39.9410218],[-2.597832,39.9408685],[-2.5978127,39.9408124],[-2.5979216,39.9407993],[-2.5980375,39.9407853],[-2.5981107,39.9407931],[-2.5982001,39.9407791],[-2.5983823,39.9407504],[-2.598692,39.9407396],[-2.5988212,39.9407341],[-2.5989256,39.9407314],[-2.5989097,39.9410408]]]},"properties":{"category":"landuse","name":"","landuse":"farmland"}},{"type":"Feature","id":"way/737623428","geometry":{"type":"Polygon","coordinates":[[[-2.5978992,39.9411764],[-2.5975509,39.9412094],[-2.5975407,39.9411845],[-2.5975671,39.9410598],[-2.5975732,39.9409242],[-2.597572,39.9408414],[-2.5978127,39.9408124],[-2.597832,39.9408685],[-2.5978745,39.9410218],[-2.5978992,39.9411764]]]},"properties":{"category":"landuse","name":"","landuse":"farmland"}},{"type":"Feature","id":"way/737623429","geometry":{"type":"Polygon","coordinates":[[[-2.5975509,39.9412094],[-2.5969573,39.9412656],[-2.5968313,39.941278],[-2.5967951,39.9412763],[-2.5967662,39.9412749],[-2.5966504,39.9412656],[-2.596504,39.9412671],[-2.5964943,39.9409623],[-2.5967225,39.9409334],[-2.597141,39.9408804],[-2.5974886,39.9408476],[-2.597572,39.9408414],[-2.5975732,39.9409242],[-2.5975671,39.9410598],[-2.5975509,39.9412094]]]},"properties":{"category":"landuse","name":"","landuse":"farmland"}},{"type":"Feature","id":"way/737623430","geometry":{"type":"Polygon","coordinates":[[[-2.5964943,39.9409623],[-2.5962382,39.9409967],[-2.5960857,39.9410222],[-2.5960354,39.9410299],[-2.5960203,39.9408799],[-2.5960086,39.9407761],[-2.5959984,39.9406896],[-2.5960584,39.9406825],[-2.5963927,39.9406429],[-2.5964252,39.9406631],[-2.5964943,39.9409623]]]},"properties":{"category":"landuse","name":"","landuse":"farmyard"}},{"type":"Feature","id":"way/737623431","geometry":{"type":"Polygon","coordinates":[[[-2.596504,39.9412671],[-2.5964458,39.9412676],[-2.5963794,39.9412681],[-2.5962808,39.9412696],[-2.5962351,39.9412642],[-2.5962361,39.9411403],[-2.5962432,39.9410397],[-2.5962382,39.9409967],[-2.5964943,39.9409623],[-2.596504,39.9412671]]]},"properties":{"category":"landuse","name":"","landuse":"farmland"}},{"type":"Feature","id":"way/737623432","geometry":{"type":"Polygon","coordinates":[[[-2.5962351,39.9412642],[-2.5962015,39.9412603],[-2.5961243,39.9412642],[-2.5960806,39.9412642],[-2.596044,39.9412626],[-2.5960359,39.9411753],[-2.5960298,39.9411301],[-2.5960308,39.9410499],[-2.5960354,39.9410299],[-2.5960857,39.9410222],[-2.5962382,39.9409967],[-2.5962432,39.9410397],[-2.5962361,39.9411403],[-2.5962351,39.9412642]]]},"properties":{"category":"landuse","name":"","landuse":"farmland"}},{"type":"Feature","id":"way/737667204","geometry":{"type":"Polygon","coordinates":[[[-2.5995054,39.9420434],[-2.5992978,39.9420478],[-2.598379,39.9421197],[-2.5980376,39.9421394],[-2.5979381,39.9421416],[-2.5978698,39.9421088],[-2.5979507,39.9419631],[-2.5980847,39.9417947],[-2.5982707,39.9416108],[-2.5988991,39.941566],[-2.5989152,39.9416558],[-2.5989502,39.9418514],[-2.5989604,39.9419082],[-2.5991241,39.9419077],[-2.5994468,39.9419139],[-2.5995173,39.941653],[-2.5995789,39.941425],[-2.5996547,39.9411441],[-2.5996834,39.941038],[-2.5999214,39.9410379],[-2.5995054,39.9420434]]]},"properties":{"category":"landuse","name":"","landuse":"farmland"}},{"type":"Feature","id":"way/737667205","geometry":{"type":"Polygon","coordinates":[[[-2.5965965,39.9431162],[-2.5964013,39.9425331],[-2.5968004,39.9424742],[-2.5969669,39.9430094],[-2.596846,39.9430199],[-2.5968619,39.9430938],[-2.5965965,39.9431162]]]},"properties":{"category":"landuse","name":"","landuse":"farmland"}},{"type":"Feature","id":"way/737667206","geometry":{"type":"Polygon","coordinates":[[[-2.5969669,39.9430094],[-2.5970885,39.9429988],[-2.5971828,39.943016],[-2.5974322,39.9426861],[-2.5975008,39.9425714],[-2.5975465,39.9424965],[-2.5973865,39.942471],[-2.5972929,39.942412],[-2.5968004,39.9424742],[-2.5969669,39.9430094]]]},"properties":{"category":"landuse","name":"","landuse":"farmland"}},{"type":"Feature","id":"way/737667207","geometry":{"type":"Polygon","coordinates":[[[-2.5975465,39.9424965],[-2.5975901,39.9423929],[-2.5975839,39.9423148],[-2.5975403,39.9422575],[-2.597401,39.9421667],[-2.5973532,39.9421252],[-2.5973082,39.942069],[-2.5970571,39.9421695],[-2.5971546,39.9422803],[-2.5971766,39.9423053],[-2.5972043,39.9423314],[-2.5972431,39.9423679],[-2.597268,39.9423913],[-2.5972929,39.942412],[-2.5973865,39.942471],[-2.5975465,39.9424965]]]},"properties":{"category":"landuse","name":"","landuse":"farmland"}},{"type":"Feature","id":"way/737667208","geometry":{"type":"Polygon","coordinates":[[[-2.5968004,39.9424742],[-2.5966377,39.9419743],[-2.5966912,39.941962],[-2.5967579,39.9419532],[-2.5968234,39.9419604],[-2.5968537,39.9419671],[-2.5969057,39.9420082],[-2.5970571,39.9421695],[-2.5971546,39.9422803],[-2.5972043,39.9423314],[-2.5972431,39.9423679],[-2.597268,39.9423913],[-2.5972929,39.942412],[-2.5968004,39.9424742]]]},"properties":{"category":"landuse","name":"","landuse":"farmland"}},{"type":"Feature","id":"way/737667209","geometry":{"type":"Polygon","coordinates":[[[-2.5968004,39.9424742],[-2.5964013,39.9425331],[-2.5962475,39.9420877],[-2.5964052,39.9420354],[-2.5965658,39.9419907],[-2.5966377,39.9419743],[-2.5968004,39.9424742]]]},"properties":{"category":"landuse","name":"","landuse":"farmland"}},{"type":"Feature","id":"way/737677751","geometry":{"type":"Polygon","coordinates":[[[-2.5987299,39.944319],[-2.5988448,39.9443125],[-2.5989926,39.9443041],[-2.599103,39.9442979],[-2.5991175,39.9442241],[-2.5991288,39.9441666],[-2.5991947,39.9441613],[-2.5991782,39.9442205],[-2.5991587,39.9442905],[-2.5992277,39.9442867],[-2.5993082,39.9442822],[-2.5994234,39.9442758],[-2.5994625,39.9442736],[-2.5996591,39.9442631],[-2.5997742,39.9442584],[-2.6000194,39.9442452],[-2.6002776,39.9442299],[-2.6003136,39.9442278],[-2.6003753,39.9442241],[-2.6004377,39.9442217],[-2.6004842,39.9442199],[-2.6005802,39.9442135],[-2.6006796,39.9442096],[-2.6007811,39.9442034],[-2.6007632,39.9439419],[-2.600757,39.9438498],[-2.6007219,39.9438517],[-2.6006584,39.9438552],[-2.6005546,39.9438609],[-2.6005335,39.9438621],[-2.6004513,39.9438666],[-2.6003495,39.9438722],[-2.6003306,39.9436468],[-2.6001948,39.943656],[-2.6001948,39.9436336],[-2.5998251,39.9436481],[-2.5998217,39.9436679],[-2.5996805,39.9436704],[-2.5996243,39.9436714],[-2.5995243,39.9436731],[-2.5994423,39.9436745],[-2.5992939,39.9436771],[-2.5992686,39.943775],[-2.5992509,39.9438432],[-2.599287,39.9438748],[-2.5995242,39.9438616],[-2.5995242,39.943921],[-2.5988829,39.9439368],[-2.5987883,39.9441753],[-2.598758,39.9442498],[-2.5987299,39.944319]]]},"properties":{"category":"landuse","name":"","landuse":"residential"}},{"type":"Feature","id":"way/737677752","geometry":{"type":"Polygon","coordinates":[[[-2.599189,39.9438775],[-2.5991281,39.9438803],[-2.5990583,39.9438835],[-2.5989053,39.9438906],[-2.5989437,39.9437847],[-2.5989775,39.9436916],[-2.5991066,39.9436873],[-2.5991581,39.9436856],[-2.5992148,39.9436837],[-2.5992016,39.9437832],[-2.599189,39.9438775]]]},"properties":{"category":"landuse","name":"","landuse":"residential"}},{"type":"Feature","id":"way/737677753","geometry":{"type":"Polygon","coordinates":[[[-2.6007811,39.9442034],[-2.6012583,39.9441816],[-2.6012795,39.9438154],[-2.600757,39.9438498],[-2.6007632,39.9439419],[-2.6007811,39.9442034]]]},"properties":{"category":"landuse","name":"","landuse":"farmland"}},{"type":"Feature","id":"way/737677754","geometry":{"type":"Polygon","coordinates":[[[-2.6005335,39.9438621],[-2.6005171,39.9436187],[-2.6003288,39.9436295],[-2.6003306,39.9436468],[-2.6003495,39.9438722],[-2.6004513,39.9438666],[-2.6005335,39.9438621]]]},"properties":{"category":"landuse","name":"","landuse":"farmland"}},{"type":"Feature","id":"way/737677755","geometry":{"type":"Polygon","coordinates":[[[-2.6007219,39.9438517],[-2.6007112,39.9437143],[-2.6006971,39.9436124],[-2.6005171,39.9436187],[-2.6005335,39.9438621],[-2.6005546,39.9438609],[-2.6006584,39.9438552],[-2.6007219,39.9438517]]]},"properties":{"category":"landuse","name":"","landuse":"farmland"}},{"type":"Feature","id":"way/737677756","geometry":{"type":"Polygon","coordinates":[[[-2.6012795,39.9438154],[-2.6012454,39.9435898],[-2.6006971,39.9436124],[-2.6007112,39.9437143],[-2.6007219,39.9438517],[-2.6007578,39.9438494],[-2.6012795,39.9438154]]]},"properties":{"category":"landuse","name":"","landuse":"farmland"}},{"type":"Feature","id":"way/737677757","geometry":{"type":"Polygon","coordinates":[[[-2.6012583,39.9441816],[-2.6014289,39.9441717],[-2.6014654,39.9441464],[-2.6015054,39.9439804],[-2.6015031,39.9439074],[-2.6014831,39.9438388],[-2.6014301,39.9437666],[-2.6013972,39.9437333],[-2.6012795,39.9438154],[-2.6012583,39.9441816]]]},"properties":{"category":"landuse","name":"","landuse":"farmland"}},{"type":"Feature","id":"way/737677758","geometry":{"type":"Polygon","coordinates":[[[-2.6013972,39.9437333],[-2.6012454,39.9435898],[-2.6012795,39.9438154],[-2.6013972,39.9437333]]]},"properties":{"category":"landuse","name":"","landuse":"farmland"}},{"type":"Feature","id":"way/737677759","geometry":{"type":"Polygon","coordinates":[[[-2.5986566,39.9429277],[-2.5988076,39.9429158],[-2.5988615,39.942677],[-2.5987125,39.9426857],[-2.5986566,39.9429277]]]},"properties":{"category":"building","name":"","building":"yes","building_levels":"1","height":3.0,"height_estimated":false}},{"type":"Feature","id":"way/737677760","geometry":{"type":"Polygon","coordinates":[[[-2.5987437,39.9432105],[-2.5987863,39.9430139],[-2.5986403,39.9429983],[-2.5985906,39.9432137],[-2.5987437,39.9432105]]]},"properties":{"category":"building","name":"","building":"yes","building_levels":"1","height":3.0,"height_estimated":false}},{"type":"Feature","id":"way/737677761","geometry":{"type":"Polygon","coordinates":[[[-2.5983496,39.9431851],[-2.5983394,39.9432206],[-2.5982402,39.9432103],[-2.5982481,39.9431738],[-2.5983496,39.9431851]]]},"properties":{"category":"building","name":"","building":"yes","building_levels":"2","height":6.0,"height_estimated":false}},{"type":"Feature","id":"way/737677762","geometry":{"type":"Polygon","coordinates":[[[-2.5983496,39.9431851],[-2.5984522,39.9431984],[-2.5984871,39.9430473],[-2.5984392,39.9430423],[-2.598425,39.9431022],[-2.5982676,39.9430836],[-2.5982481,39.9431738],[-2.5983496,39.9431851]]]},"properties":{"category":"building","name":"","building":"yes","building_levels":"1","height":3.0,"height_estimated":false}},{"type":"Feature","id":"way/737677763","geometry":{"type":"Polygon","coordinates":[[[-2.598532,39.9428528],[-2.598323,39.9428268],[-2.5983629,39.9426421],[-2.5984482,39.9426516],[-2.5984412,39.9426874],[-2.5985677,39.9426985],[-2.598532,39.9428528]]]},"properties":{"category":"building","name":"","building":"yes","building_levels":"1","height":3.0,"height_estimated":false}},{"type":"Feature","id":"way/737677765","geometry":{"type":"Polygon","coordinates":[[[-2.5962475,39.9420877],[-2.5961824,39.9419064],[-2.59616,39.9418504],[-2.596085,39.941587],[-2.596159,39.941584],[-2.5962291,39.9415728],[-2.5962544,39.9415713],[-2.5964812,39.9415579],[-2.5965698,39.9415452],[-2.596633,39.9415773],[-2.5967138,39.9416385],[-2.5967479,39.9416728],[-2.596779,39.9417079],[-2.5967936,39.941743],[-2.5968209,39.9417945],[-2.596925,39.9419519],[-2.5969517,39.9419906],[-2.5969057,39.9420082],[-2.5968537,39.9419671],[-2.5968234,39.9419604],[-2.5967579,39.9419532],[-2.5966912,39.941962],[-2.5966377,39.9419743],[-2.5965658,39.9419907],[-2.5964052,39.9420354],[-2.5962475,39.9420877]]]},"properties":{"category":"landuse","name":"","landuse":"farmland"}},{"type":"Feature","id":"way/737677766","geometry":{"type":"Polygon","coordinates":[[[-2.5969517,39.9419906],[-2.5971862,39.9419007],[-2.5971172,39.9416529],[-2.5967936,39.941743],[-2.5968209,39.9417945],[-2.596925,39.9419519],[-2.5969517,39.9419906]]]},"properties":{"category":"landuse","name":"","landuse":"farmland"}},{"type":"Feature","id":"way/737677767","geometry":{"type":"Polygon","coordinates":[[[-2.5967936,39.941743],[-2.596779,39.9417079],[-2.5967479,39.9416728],[-2.5967138,39.9416385],[-2.596633,39.9415773],[-2.5965698,39.9415452],[-2.596587,39.9415453],[-2.5966707,39.9415297],[-2.5967604,39.9415036],[-2.5968412,39.9414801],[-2.5968712,39.9414714],[-2.596951,39.9414722],[-2.5970659,39.9415491],[-2.5971048,39.9415834],[-2.5971172,39.9416529],[-2.5967936,39.941743]]]},"properties":{"category":"landuse","name":"","landuse":"farmland"}},{"type":"Feature","id":"way/737677768","geometry":{"type":"Polygon","coordinates":[[[-2.5964812,39.9415579],[-2.5965698,39.9415452],[-2.596587,39.9415453],[-2.5966707,39.9415297],[-2.5967604,39.9415036],[-2.5968412,39.9414801],[-2.5968712,39.9414714],[-2.596951,39.9414722],[-2.5969199,39.941411],[-2.5968313,39.941278],[-2.5967951,39.9412763],[-2.5967662,39.9412749],[-2.5966504,39.9412656],[-2.596504,39.9412671],[-2.5964458,39.9412676],[-2.5964624,39.9414386],[-2.5964812,39.9415579]]]},"properties":{"category":"landuse","name":"","landuse":"farmland"}},{"type":"Feature","id":"way/737677769","geometry":{"type":"Polygon","coordinates":[[[-2.5964812,39.9415579],[-2.5962544,39.9415713],[-2.5962395,39.9413765],[-2.5962355,39.9413337],[-2.5962351,39.9412642],[-2.5962808,39.9412696],[-2.5963794,39.9412681],[-2.5964458,39.9412676],[-2.5964624,39.9414386],[-2.5964812,39.9415579]]]},"properties":{"category":"landuse","name":"","landuse":"farmland"}},{"type":"Feature","id":"way/737677770","geometry":{"type":"Polygon","coordinates":[[[-2.596085,39.941587],[-2.5960566,39.9413758],[-2.5962395,39.9413765],[-2.5962544,39.9415713],[-2.596159,39.941584],[-2.596085,39.941587]]]},"properties":{"category":"landuse","name":"","landuse":"farmland"}},{"type":"Feature","id":"way/737677771","geometry":{"type":"Polygon","coordinates":[[[-2.5960505,39.9413337],[-2.5962355,39.9413337],[-2.5962351,39.9412642],[-2.5962015,39.9412603],[-2.5961243,39.9412642],[-2.5960806,39.9412642],[-2.596044,39.9412626],[-2.5960505,39.9413337]]]},"properties":{"category":"landuse","name":"","landuse":"farmland"}},{"type":"Feature","id":"way/737677772","geometry":{"type":"Polygon","coordinates":[[[-2.5971501,39.9433233],[-2.5971427,39.9432672],[-2.5971562,39.9432454],[-2.5971868,39.9432035],[-2.5973193,39.9431913],[-2.5973241,39.9432301],[-2.5973329,39.9433023],[-2.5971501,39.9433233]]]},"properties":{"category":"building","name":"","building":"yes","building_levels":"1","height":3.0,"height_estimated":false}},{"type":"Feature","id":"way/737677773","geometry":{"type":"Polygon","coordinates":[[[-2.5973329,39.9433023],[-2.59743,39.9432911],[-2.5974245,39.9432174],[-2.5973241,39.9432301],[-2.5973329,39.9433023]]]},"properties":{"category":"building","name":"","building":"house","building_levels":"2","height":6.0,"height_estimated":false}},{"type":"Feature","id":"way/737677774","geometry":{"type":"Polygon","coordinates":[[[-2.59743,39.9432911],[-2.5974245,39.9432174],[-2.5974235,39.9432047],[-2.5974761,39.9431972],[-2.5974822,39.9432852],[-2.59743,39.9432911]]]},"properties":{"category":"building","name":"","building":"yes","building_levels":"1","height":3.0,"height_estimated":false}},{"type":"Feature","id":"way/737677775","geometry":{"type":"Polygon","coordinates":[[[-2.5974822,39.9432852],[-2.5975566,39.9432766],[-2.5975771,39.9432742],[-2.5975666,39.943189],[-2.5974761,39.9431972],[-2.5974822,39.9432852]]]},"properties":{"category":"building","name":"","building":"house","building_levels":"2","height":6.0,"height_estimated":false}},{"type":"Feature","id":"way/737677776","geometry":{"type":"Polygon","coordinates":[[[-2.5977502,39.9430999],[-2.5977469,39.9430208],[-2.5977029,39.9430208],[-2.5977063,39.9431015],[-2.5977502,39.9430999]]]},"properties":{"category":"landuse","name":"","leisure":"swimming_pool"}},{"type":"Feature","id":"way/737677777","geometry":{"type":"Polygon","coordinates":[[[-2.5980201,39.9432345],[-2.5980187,39.943149],[-2.5979128,39.9431535],[-2.5978641,39.9431556],[-2.5978688,39.9432404],[-2.5980201,39.9432345]]]},"properties":{"category":"building","name":"","building":"house","building_levels":"2","height":6.0,"height_estimated":false}},{"type":"Feature","id":"way/737677778","geometry":{"type":"Polygon","coordinates":[[[-2.5979128,39.9431535],[-2.5979094,39.9431275],[-2.5978635,39.9431342],[-2.5978641,39.9431556],[-2.5979128,39.9431535]]]},"properties":{"category":"building","name":"","building":"yes","building_levels":"2","height":6.0,"height_estimated":false}},{"type":"Feature","id":"way/737677779","geometry":{"type":"Polygon","coordinates":[[[-2.5977699,39.9432516],[-2.5977616,39.9431454],[-2.5977149,39.9431505],[-2.5977262,39.9432567],[-2.5977699,39.9432516]]]},"properties":{"category":"building","name":"","building":"house","building_levels":"1","height":3.0,"height_estimated":false}},{"type":"Feature","id":"way/737677780","geometry":{"type":"Polygon","coordinates":[[[-2.5978688,39.9432404],[-2.5977965,39.9432485],[-2.5977895,39.9431418],[-2.5978635,39.9431342],[-2.5978688,39.9432404]]]},"properties":{"category":"building","name":"","building":"house","building_levels":"1","height":3.0,"height_estimated":false}},{"type":"Feature","id":"way/737677781","geometry":{"type":"Polygon","coordinates":[[[-2.5972327,39.9446542],[-2.5972004,39.9446317],[-2.5970917,39.9445558],[-2.5970011,39.9444931],[-2.5969698,39.9444739],[-2.5969401,39.9444543],[-2.5968839,39.9444183],[-2.5968754,39.9444129],[-2.596805,39.9443682],[-2.5967389,39.9443294],[-2.5966686,39.944288],[-2.5965776,39.944236],[-2.5965297,39.9442059],[-2.596475,39.944173],[-2.5964216,39.9441408],[-2.5963833,39.9441177],[-2.5963803,39.9441158],[-2.5963046,39.9440697],[-2.5962385,39.9440293],[-2.5962087,39.9440111],[-2.5961768,39.9439916],[-2.5962265,39.9439409],[-2.5962917,39.9438743],[-2.5963387,39.9438264],[-2.5963566,39.9438373],[-2.5963852,39.9438092],[-2.5963588,39.9437906],[-2.5964019,39.9437599],[-2.5964225,39.9437458],[-2.5964854,39.9436998],[-2.5965233,39.9436774],[-2.5965682,39.9436481],[-2.596612,39.9436195],[-2.5967017,39.9437635],[-2.5967392,39.9438238],[-2.5966,39.9439068],[-2.5966345,39.9439373],[-2.5966609,39.9439185],[-2.5967507,39.9438551],[-2.5967779,39.9438986],[-2.5968105,39.9439534],[-2.5968483,39.9440187],[-2.5968899,39.9440906],[-2.5969149,39.9441304],[-2.596949,39.9441757],[-2.5969517,39.9441788],[-2.5969935,39.9442269],[-2.5970412,39.9442817],[-2.5971103,39.9443756],[-2.5971599,39.9444525],[-2.5971828,39.9444899],[-2.5972492,39.9446064],[-2.5972673,39.9446381],[-2.5972327,39.9446542]]]},"properties":{"category":"landuse","name":"","landuse":"residential"}},{"type":"Feature","id":"way/737677783","geometry":{"type":"Polygon","coordinates":[[[-2.5974734,39.9430774],[-2.5975526,39.9430758],[-2.59755,39.9430268],[-2.5974714,39.9430289],[-2.5974734,39.9430774]]]},"properties":{"category":"building","name":"","building":"house","building_levels":"1","height":3.0,"height_estimated":false}},{"type":"Feature","id":"way/737677784","geometry":{"type":"Polygon","coordinates":[[[-2.5974734,39.9430774],[-2.5974774,39.943156],[-2.5974048,39.9431565],[-2.5974044,39.9431458],[-2.5974008,39.9430283],[-2.5974714,39.9430289],[-2.5974734,39.9430774]]]},"properties":{"category":"building","name":"","building":"house","building_levels":"2","height":6.0,"height_estimated":false}},{"type":"Feature","id":"way/737677785","geometry":{"type":"Polygon","coordinates":[[[-2.5974044,39.9431458],[-2.5973461,39.9431468],[-2.5973445,39.943107],[-2.5973425,39.9430554],[-2.5973415,39.9430304],[-2.5974008,39.9430283],[-2.5974044,39.9431458]]]},"properties":{"category":"building","name":"","building":"house","building_levels":"2","height":6.0,"height_estimated":false}},{"type":"Feature","id":"way/737677786","geometry":{"type":"Polygon","coordinates":[[[-2.5973445,39.943107],[-2.5973135,39.943108],[-2.5973102,39.9430554],[-2.5973425,39.9430554],[-2.5973445,39.943107]]]},"properties":{"category":"building","name":"","building":"yes","height":2.5,"height_estimated":false}},{"type":"Feature","id":"way/737677787","geometry":{"type":"Polygon","coordinates":[[[-2.5979075,39.9430979],[-2.5978848,39.9429686],[-2.5977673,39.942977],[-2.5977829,39.9431143],[-2.5979075,39.9430979]]]},"properties":{"category":"landuse","name":"","landuse":"orchard"}},{"type":"Feature","id":"way/737677791","geometry":{"type":"Polygon","coordinates":[[[-2.5979278,39.9427591],[-2.5978739,39.9427657],[-2.5978592,39.9426973],[-2.5979125,39.9426902],[-2.5979278,39.9427591]]]},"properties":{"category":"landuse","name":"","leisure":"swimming_pool"}},{"type":"Feature","id":"way/737956918","geometry":{"type":"Polygon","coordinates":[[[-2.5989017,39.9410814],[-2.5989087,39.9411844],[-2.5988994,39.9414592],[-2.5990266,39.9414726],[-2.5991515,39.9414905],[-2.5991679,39.941478],[-2.5991644,39.9413509],[-2.5991691,39.9412569],[-2.5991714,39.9410152],[-2.5991702,39.9409669],[-2.5991959,39.9408209],[-2.5989017,39.9410814]]]},"properties":{"category":"landuse","name":"","landuse":"farmland"}},{"type":"Feature","id":"way/737956919","geometry":{"type":"Polygon","coordinates":[[[-2.5988991,39.941566],[-2.5988994,39.9414592],[-2.5989087,39.9411844],[-2.5989017,39.9410814],[-2.5987571,39.9412003],[-2.5985703,39.9413597],[-2.5983777,39.9415208],[-2.5983006,39.9415843],[-2.5982707,39.9416108],[-2.5988991,39.941566]]]},"properties":{"category":"landuse","name":"","landuse":"farmland"}},{"type":"Feature","id":"way/737956920","geometry":{"type":"Polygon","coordinates":[[[-2.5991702,39.9409669],[-2.5991714,39.9410152],[-2.5991691,39.9412569],[-2.5991644,39.9413509],[-2.5991679,39.941478],[-2.5991515,39.9414905],[-2.5990266,39.9414726],[-2.5988994,39.9414592],[-2.5988991,39.941566],[-2.5989152,39.9416558],[-2.5989502,39.9418514],[-2.5989604,39.9419082],[-2.5991241,39.9419077],[-2.5994468,39.9419139],[-2.5995173,39.941653],[-2.5995789,39.941425],[-2.5996547,39.9411441],[-2.5996834,39.941038],[-2.5999214,39.9410379],[-2.5999599,39.9409496],[-2.6000317,39.9407505],[-2.6000692,39.9406331],[-2.6000728,39.9405565],[-2.6000747,39.9405021],[-2.6000017,39.9404955],[-2.5999041,39.9404913],[-2.5998169,39.940491],[-2.5997231,39.940492],[-2.599665,39.9404933],[-2.5995944,39.9405038],[-2.5995256,39.9405469],[-2.5994745,39.9405979],[-2.5993518,39.9407001],[-2.599315,39.9407316],[-2.5992316,39.9407914],[-2.5991959,39.9408209],[-2.5991702,39.9409669]]]},"properties":{"category":"landuse","name":"","landuse":"farmland"}},{"type":"Feature","id":"way/737956921","geometry":{"type":"Polygon","coordinates":[[[-2.5982164,39.9416113],[-2.5981732,39.9416614],[-2.5980576,39.9417661],[-2.5979945,39.9418377],[-2.5979595,39.9418861],[-2.5978766,39.9420212],[-2.5978101,39.9421439],[-2.5977856,39.9421832],[-2.5977307,39.942202],[-2.5976735,39.9422271],[-2.5976443,39.9422307],[-2.5975953,39.9422235],[-2.5974458,39.9421143],[-2.5974003,39.942066],[-2.5973162,39.941963],[-2.5973256,39.9418959],[-2.5973454,39.9418162],[-2.5973688,39.9417688],[-2.5974295,39.9417142],[-2.597454,39.9416918],[-2.5975334,39.9416533],[-2.5976887,39.9416417],[-2.5978731,39.9416247],[-2.5982164,39.9416113]]]},"properties":{"category":"landuse","name":"","landuse":"farmland"}},{"type":"Feature","id":"way/737956922","geometry":{"type":"Polygon","coordinates":[[[-2.5982164,39.9416113],[-2.598823,39.9411113],[-2.5987583,39.941115],[-2.5985363,39.9411276],[-2.5982726,39.9411412],[-2.5978992,39.9411764],[-2.5978864,39.9413137],[-2.5978918,39.9413949],[-2.5978703,39.9415451],[-2.5978744,39.9415697],[-2.5978731,39.9416247],[-2.5982164,39.9416113]]]},"properties":{"category":"landuse","name":"","landuse":"farmland"}},{"type":"Feature","id":"way/737956923","geometry":{"type":"Polygon","coordinates":[[[-2.5978731,39.9416247],[-2.5978744,39.9415697],[-2.5978703,39.9415451],[-2.5978918,39.9413949],[-2.5978864,39.9413137],[-2.5978992,39.9411764],[-2.5975509,39.9412094],[-2.5975538,39.9412571],[-2.5975552,39.9413692],[-2.5975673,39.9414412],[-2.597574,39.9414669],[-2.5975927,39.9414988],[-2.5976719,39.9415399],[-2.5976893,39.9415852],[-2.5976887,39.9416417],[-2.5978731,39.9416247]]]},"properties":{"category":"landuse","name":"","landuse":"farmland"}},{"type":"Feature","id":"way/737956924","geometry":{"type":"Polygon","coordinates":[[[-2.5973162,39.941963],[-2.5972548,39.9418772],[-2.5972293,39.9418432],[-2.5972105,39.9417785],[-2.5972038,39.9417013],[-2.5971797,39.9416088],[-2.5971354,39.9415368],[-2.5969199,39.941411],[-2.5968313,39.941278],[-2.5969573,39.9412656],[-2.5975509,39.9412094],[-2.5975538,39.9412571],[-2.5975552,39.9413692],[-2.5975673,39.9414412],[-2.597574,39.9414669],[-2.5975927,39.9414988],[-2.5976719,39.9415399],[-2.5976893,39.9415852],[-2.5976887,39.9416417],[-2.5975334,39.9416533],[-2.597454,39.9416918],[-2.5974295,39.9417142],[-2.5973688,39.9417688],[-2.5973454,39.9418162],[-2.5973256,39.9418959],[-2.5973162,39.941963]]]},"properties":{"category":"landuse","name":"","landuse":"farmland"}},{"type":"Feature","id":"way/737956925","geometry":{"type":"Polygon","coordinates":[[[-2.5976492,39.9429272],[-2.5976421,39.9428794],[-2.5976093,39.942882],[-2.5974665,39.9428933],[-2.5974682,39.9429106],[-2.5974504,39.9429116],[-2.5974435,39.942912],[-2.5974488,39.9429442],[-2.5976492,39.9429272]]]},"properties":{"category":"building","name":"","building":"house","building_levels":"1","height":3.0,"height_estimated":false}},{"type":"Feature","id":"way/737956926","geometry":{"type":"Polygon","coordinates":[[[-2.5976093,39.942882],[-2.5976045,39.9428452],[-2.5974612,39.9428557],[-2.5974665,39.9428933],[-2.5976093,39.942882]]]},"properties":{"category":"building","name":"","building":"house","building_levels":"1","height":3.0,"height_estimated":false}},{"type":"Feature","id":"way/737956928","geometry":{"type":"Polygon","coordinates":[[[-2.597712,39.9427916],[-2.5977027,39.9427241],[-2.5976453,39.9427285],[-2.5976213,39.9427304],[-2.5975625,39.9427349],[-2.5975718,39.9428021],[-2.597712,39.9427916]]]},"properties":{"category":"building","name":"","building":"house","building_levels":"1","height":3.0,"height_estimated":false}},{"type":"Feature","id":"way/737956930","geometry":{"type":"Polygon","coordinates":[[[-2.5976213,39.9427304],[-2.5976182,39.9427064],[-2.5975598,39.9427108],[-2.5975625,39.9427349],[-2.5976213,39.9427304]]]},"properties":{"category":"building","name":"","building":"house","building_levels":"1","height":3.0,"height_estimated":false}},{"type":"Feature","id":"way/737956932","geometry":{"type":"Polygon","coordinates":[[[-2.5976165,39.9425746],[-2.597703,39.9425967],[-2.5977473,39.9425063],[-2.597714,39.9424985],[-2.5976582,39.9424853],[-2.5976165,39.9425746]]]},"properties":{"category":"building","name":"","building":"farm_auxiliary","building_levels":"2","height":6.0,"height_estimated":false}},{"type":"Feature","id":"way/737956933","geometry":{"type":"Polygon","coordinates":[[[-2.5977473,39.9425063],[-2.5978505,39.9425171],[-2.5978599,39.9424276],[-2.5977902,39.9424106],[-2.5977473,39.9425063]]]},"properties":{"category":"building","name":"","building":"farm_auxiliary","building_levels":"1","height":3.0,"height_estimated":false}},{"type":"Feature","id":"way/737956934","geometry":{"type":"Polygon","coordinates":[[[-2.597714,39.9424985],[-2.597758,39.9424019],[-2.5977044,39.9423863],[-2.5976582,39.9424853],[-2.597714,39.9424985]]]},"properties":{"category":"building","name":"","building":"farm_auxiliary","building_levels":"1","height":3.0,"height_estimated":false}},{"type":"Feature","id":"way/737956935","geometry":{"type":"Polygon","coordinates":[[[-2.5978706,39.9424312],[-2.5979068,39.942352],[-2.5977496,39.9423093],[-2.5977044,39.9423863],[-2.597758,39.9424019],[-2.5977902,39.9424106],[-2.5978706,39.9424312]]]},"properties":{"category":"building","name":"","building":"farm_auxiliary","building_levels":"1","height":3.0,"height_estimated":false}},{"type":"Feature","id":"way/737956938","geometry":{"type":"Polygon","coordinates":[[[-2.5981924,39.9429834],[-2.5980262,39.9429657],[-2.5980262,39.9429509],[-2.5980139,39.9429208],[-2.5979765,39.9428253],[-2.598217,39.9428539],[-2.5981924,39.9429834]]]},"properties":{"category":"building","name":"","building":"yes","building_levels":"1","height":3.0,"height_estimated":false}},{"type":"Feature","id":"way/737956939","geometry":{"type":"Polygon","coordinates":[[[-2.5980139,39.9429208],[-2.5979684,39.9429261],[-2.597913,39.9427803],[-2.5979575,39.9427757],[-2.5979765,39.9428253],[-2.5980139,39.9429208]]]},"properties":{"category":"building","name":"","building":"yes","building_levels":"1","height":3.0,"height_estimated":false}},{"type":"Feature","id":"way/737956941","geometry":{"type":"Polygon","coordinates":[[[-2.6018548,39.942582],[-2.6019929,39.9425142],[-2.6021344,39.9424382],[-2.6023574,39.9423911],[-2.6024588,39.9423613],[-2.6024958,39.9423346],[-2.6025188,39.9423007],[-2.6024055,39.9417396],[-2.6023651,39.9416717],[-2.6023043,39.9416513],[-2.6020353,39.9415753],[-2.6016814,39.9415482],[-2.6018548,39.942582]]]},"properties":{"category":"landuse","name":"","landuse":"farmland"}},{"type":"Feature","id":"way/737956942","geometry":{"type":"Polygon","coordinates":[[[-2.5997353,39.9419501],[-2.5998874,39.9415593],[-2.5999405,39.9414101],[-2.6004714,39.9414413],[-2.6004608,39.9416122],[-2.6004396,39.9416177],[-2.6004626,39.9416597],[-2.6004626,39.9416781],[-2.6004626,39.9417086],[-2.6004413,39.9417303],[-2.6003935,39.9418144],[-2.6003776,39.9418388],[-2.6003298,39.9418605],[-2.6003422,39.9417805],[-2.6003281,39.9417438],[-2.6003157,39.9417316],[-2.6002821,39.9417248],[-2.6002325,39.9417058],[-2.6000963,39.9417031],[-2.6000591,39.9416963],[-2.6000042,39.9417113],[-2.5999246,39.9417343],[-2.5998892,39.9417628],[-2.5998627,39.9418157],[-2.5998591,39.9418564],[-2.5998715,39.9418822],[-2.5998751,39.9419026],[-2.5997353,39.9419501]]]},"properties":{"category":"landuse","name":"","landuse":"farmyard"}},{"type":"Feature","id":"way/737956943","geometry":{"type":"Polygon","coordinates":[[[-2.5999724,39.9416109],[-2.5999724,39.9414494],[-2.6004378,39.9414494],[-2.600438,39.9416125],[-2.5999724,39.9416109]]]},"properties":{"category":"building","name":"","building":"farm_auxiliary","building_levels":"1","height":8.0,"height_estimated":false}},{"type":"Feature","id":"way/737956944","geometry":{"type":"Polygon","coordinates":[[[-2.6003298,39.9418605],[-2.6002911,39.9418948],[-2.6001999,39.94194],[-2.6000885,39.9419667],[-2.5999947,39.9419688],[-2.5999222,39.9419431],[-2.5998751,39.9419026],[-2.5998715,39.9418822],[-2.5998591,39.9418564],[-2.5998627,39.9418157],[-2.5998892,39.9417628],[-2.5999246,39.9417343],[-2.6000042,39.9417113],[-2.6000591,39.9416963],[-2.6000963,39.9417031],[-2.6002325,39.9417058],[-2.6002821,39.9417248],[-2.6003157,39.9417316],[-2.6003281,39.9417438],[-2.6003422,39.9417805],[-2.6003298,39.9418605]]]},"properties":{"category":"landuse","name":"","landuse":"farmland"}},{"type":"Feature","id":"way/737956945","geometry":{"type":"Polygon","coordinates":[[[-2.5993114,39.9429724],[-2.6001325,39.9429018],[-2.6006315,39.9428313],[-2.6012402,39.9427445],[-2.6017039,39.9426495],[-2.6018171,39.9426142],[-2.6018548,39.942582],[-2.6016814,39.9415482],[-2.6016083,39.941537],[-2.6010955,39.941484],[-2.6004714,39.9414413],[-2.6004608,39.9416122],[-2.6004396,39.9416177],[-2.6004626,39.9416781],[-2.6004413,39.9417303],[-2.6003776,39.9418388],[-2.6003298,39.9418605],[-2.6002911,39.9418948],[-2.6001999,39.94194],[-2.6000885,39.9419667],[-2.5999947,39.9419688],[-2.5999222,39.9419431],[-2.5998751,39.9419026],[-2.5997353,39.9419501],[-2.5993114,39.9429724]]]},"properties":{"category":"landuse","name":"","landuse":"farmland"}},{"type":"Feature","id":"way/737956946","geometry":{"type":"Polygon","coordinates":[[[-2.5994326,39.9422151],[-2.5993723,39.9421997],[-2.599415,39.9421101],[-2.599474,39.9421122],[-2.5994326,39.9422151]]]},"properties":{"category":"building","name":"","building":"farm_auxiliary","building_levels":"1","height":3.0,"height_estimated":false}},{"type":"Feature","id":"way/737956947","geometry":{"type":"Polygon","coordinates":[[[-2.6005983,39.9435357],[-2.6009344,39.9435256],[-2.6010006,39.9435236],[-2.6011354,39.9435196],[-2.6010628,39.9433368],[-2.6010416,39.9432835],[-2.6009719,39.9431079],[-2.6008085,39.9431134],[-2.6006007,39.9431204],[-2.6005994,39.9433512],[-2.6005991,39.9433964],[-2.6005984,39.9435141],[-2.6005983,39.9435357]]]},"properties":{"category":"landuse","name":"","landuse":"farmyard"}},{"type":"Feature","id":"way/737956948","geometry":{"type":"Polygon","coordinates":[[[-2.5990502,39.9436038],[-2.5990525,39.9435196],[-2.5990976,39.943439],[-2.5992824,39.9434381],[-2.5994049,39.9434359],[-2.5994796,39.9434346],[-2.5999679,39.9434194],[-2.599993,39.9434297],[-2.6000371,39.9434264],[-2.6000622,39.9434011],[-2.6000659,39.9433764],[-2.6000653,39.9433348],[-2.6000332,39.9433342],[-2.5999732,39.9433332],[-2.5999728,39.9433504],[-2.5999217,39.9433515],[-2.5995229,39.9433619],[-2.599428,39.9433644],[-2.5993896,39.9433654],[-2.5992711,39.9433685],[-2.5992463,39.9433687],[-2.599235,39.9433696],[-2.5991236,39.9433716],[-2.5991842,39.9432194],[-2.5991994,39.9431951],[-2.59923,39.9431777],[-2.5994467,39.9431725],[-2.5994565,39.9431723],[-2.5995098,39.9431706],[-2.5999191,39.9431577],[-2.6001353,39.9431477],[-2.6002025,39.9431463],[-2.6002022,39.9432219],[-2.6002001,39.943308],[-2.6002002,39.9433325],[-2.6002005,39.9433758],[-2.6001947,39.9434939],[-2.600192,39.9435483],[-2.6001918,39.9435636],[-2.6000695,39.9435696],[-2.6000309,39.9435715],[-2.5996822,39.9435856],[-2.599676,39.9435859],[-2.5994974,39.9435938],[-2.5994835,39.9435944],[-2.5994752,39.9435948],[-2.5994288,39.9435958],[-2.5992848,39.9435988],[-2.5992031,39.9436018],[-2.5990502,39.9436038]]]},"properties":{"category":"landuse","name":"","landuse":"residential"}},{"type":"Feature","id":"way/738018922","geometry":{"type":"Polygon","coordinates":[[[-2.5987883,39.9441753],[-2.5989013,39.9441717],[-2.5989795,39.9441692],[-2.5990581,39.9441679],[-2.5991288,39.9441666],[-2.5991947,39.9441613],[-2.5993032,39.9441572],[-2.5994213,39.9441524],[-2.5996499,39.9441408],[-2.599768,39.944137],[-2.5997676,39.9441274],[-2.5997635,39.9440341],[-2.599758,39.9439078],[-2.5996271,39.9439137],[-2.5995242,39.943921],[-2.5988829,39.9439368],[-2.5987883,39.9441753]]]},"properties":{"category":"landuse","name":"","landuse":"farmland"}},{"type":"Feature","id":"way/738018923","geometry":{"type":"Polygon","coordinates":[[[-2.6000469,39.9442121],[-2.6000318,39.9440108],[-2.5998748,39.9440214],[-2.5998886,39.9441447],[-2.5997843,39.9441505],[-2.5997831,39.9441274],[-2.5997676,39.9441274],[-2.599768,39.9441351],[-2.5997693,39.9441592],[-2.599773,39.9442256],[-2.6000469,39.9442121]]]},"properties":{"category":"landuse","name":"","landuse":"orchard"}},{"type":"Feature","id":"way/738018924","geometry":{"type":"LineString","coordinates":[[-2.5988037,39.9439144],[-2.5992141,39.943907],[-2.5992622,39.9436339]]},"properties":{"category":"road","name":"","highway":"service","surface":"paved"}},{"type":"Feature","id":"way/738018925","geometry":{"type":"Polygon","coordinates":[[[-2.5990583,39.9438835],[-2.5990692,39.9438069],[-2.5990722,39.9437838],[-2.5989437,39.9437847],[-2.5989053,39.9438906],[-2.5990583,39.9438835]]]},"properties":{"category":"building","name":"","building":"house","building_levels":"1","height":3.0,"height_estimated":false}},{"type":"Feature","id":"way/738018926","geometry":{"type":"Polygon","coordinates":[[[-2.5990722,39.9437838],[-2.5991066,39.9437838],[-2.5991066,39.9436873],[-2.5989775,39.9436916],[-2.5989437,39.9437847],[-2.5990722,39.9437838]]]},"properties":{"category":"building","name":"","building":"yes","building_levels":"1","height":3.0,"height_estimated":false}},{"type":"Feature","id":"way/738018927","geometry":{"type":"Polygon","coordinates":[[[-2.5990692,39.9438069],[-2.5991393,39.9438062],[-2.5991281,39.9438803],[-2.5990583,39.9438835],[-2.5990692,39.9438069]]]},"properties":{"category":"building","name":"","building":"yes","building_levels":"1","height":3.0,"height_estimated":false}},{"type":"Feature","id":"way/738018928","geometry":{"type":"Polygon","coordinates":[[[-2.5992016,39.9437832],[-2.599189,39.9438775],[-2.5991281,39.9438803],[-2.5991393,39.9438062],[-2.599141,39.9437831],[-2.5992016,39.9437832]]]},"properties":{"category":"building","name":"","building":"yes","building_levels":"1","height":3.0,"height_estimated":false}},{"type":"Feature","id":"way/738018929","geometry":{"type":"Polygon","coordinates":[[[-2.5992016,39.9437832],[-2.5992148,39.9436837],[-2.5991581,39.9436856],[-2.599141,39.9437831],[-2.5992016,39.9437832]]]},"properties":{"category":"building","name":"","building":"yes","building_levels":"1","height":3.0,"height_estimated":false}},{"type":"Feature","id":"way/738018930","geometry":{"type":"Polygon","coordinates":[[[-2.5995233,39.9437659],[-2.5994434,39.9437688],[-2.5992686,39.943775],[-2.5992509,39.9438432],[-2.599287,39.9438748],[-2.5995242,39.9438616],[-2.5995233,39.9437659]]]},"properties":{"category":"building","name":"","building":"farm_auxiliary","building_levels":"1","height":3.0,"height_estimated":false}},{"type":"Feature","id":"way/738018931","geometry":{"type":"Polygon","coordinates":[[[-2.5995233,39.9437659],[-2.5995243,39.9436731],[-2.5994423,39.9436745],[-2.5994434,39.9437688],[-2.5995233,39.9437659]]]},"properties":{"category":"building","name":"","building":"farm_auxiliary","building_levels":"1","height":3.0,"height_estimated":false}},{"type":"Feature","id":"way/738018932","geometry":{"type":"Polygon","coordinates":[[[-2.599993,39.9439298],[-2.599993,39.9438992],[-2.5999183,39.9439007],[-2.5999187,39.9439317],[-2.599993,39.9439298]]]},"properties":{"category":"landuse","name":"","leisure":"swimming_pool"}},{"type":"Feature","id":"way/738281357","geometry":{"type":"Polygon","coordinates":[[[-2.604497,39.9440493],[-2.6042449,39.9418051],[-2.6045986,39.9418862],[-2.6048507,39.9419641],[-2.605058,39.9421075],[-2.6051759,39.9422696],[-2.6055987,39.9433886],[-2.6056434,39.9434914],[-2.6056394,39.9435195],[-2.604497,39.9440493]]]},"properties":{"category":"landuse","name":"","landuse":"farmland"}},{"type":"Feature","id":"way/738281358","geometry":{"type":"Polygon","coordinates":[[[-2.6037901,39.9444727],[-2.6039107,39.9443608],[-2.604075,39.9442507],[-2.6043272,39.9441218],[-2.604497,39.9440493],[-2.6042449,39.9418051],[-2.6039582,39.9417408],[-2.6037107,39.9417158],[-2.6034305,39.9416943],[-2.603456,39.9418598],[-2.6034776,39.9420335],[-2.603503,39.9422381],[-2.6035257,39.9424197],[-2.6037329,39.94402],[-2.6037901,39.9444727]]]},"properties":{"category":"landuse","name":"","landuse":"farmland"}},{"type":"Feature","id":"way/738281359","geometry":{"type":"LineString","coordinates":[[-2.6025489,39.9423415],[-2.6026052,39.9423604],[-2.6027468,39.9423618],[-2.6029397,39.9423767],[-2.6031184,39.9423984],[-2.603267,39.9424201],[-2.6033927,39.9424052],[-2.6034334,39.942395],[-2.6034741,39.9423713],[-2.6034829,39.9423143],[-2.6034758,39.9422668]]},"properties":{"category":"road","name":"","highway":"track","surface":"unpaved"}},{"type":"Feature","id":"way/738281360","geometry":{"type":"Polygon","coordinates":[[[-2.6030698,39.9423781],[-2.6030035,39.941712],[-2.6030667,39.9417108],[-2.6031453,39.941699],[-2.6031899,39.9420805],[-2.6031906,39.9420882],[-2.6032177,39.9423982],[-2.6030698,39.9423781]]]},"properties":{"category":"landuse","name":"","landuse":"farmyard"}},{"type":"Feature","id":"way/738281361","geometry":{"type":"Polygon","coordinates":[[[-2.6032177,39.9423982],[-2.6033717,39.9423947],[-2.6033521,39.9422493],[-2.6033477,39.9422163],[-2.603324,39.9420413],[-2.6033008,39.941869],[-2.6032787,39.9416782],[-2.6031453,39.941699],[-2.6031906,39.9420882],[-2.6032177,39.9423982]]]},"properties":{"category":"landuse","name":"","landuse":"farmyard"}},{"type":"Feature","id":"way/738281362","geometry":{"type":"Polygon","coordinates":[[[-2.603456,39.9418598],[-2.6033008,39.941869],[-2.6032787,39.9416782],[-2.6034358,39.9416818],[-2.603456,39.9418598]]]},"properties":{"category":"landuse","name":"","landuse":"farmyard"}},{"type":"Feature","id":"way/738281363","geometry":{"type":"Polygon","coordinates":[[[-2.6034776,39.9420335],[-2.603324,39.9420413],[-2.6033008,39.941869],[-2.603456,39.9418598],[-2.6034776,39.9420335]]]},"properties":{"category":"building","name":"","building":"farm_auxiliary","building_levels":"1","height":3.0,"height_estimated":false}},{"type":"Feature","id":"way/738281364","geometry":{"type":"Polygon","coordinates":[[[-2.6034105,39.9422441],[-2.6034038,39.9422132],[-2.6033477,39.9422163],[-2.6033521,39.9422493],[-2.6034105,39.9422441]]]},"properties":{"category":"building","name":"","building":"yes","building_levels":"1","height":3.0,"height_estimated":false}},{"type":"Feature","id":"way/738281368","geometry":{"type":"Polygon","coordinates":[[[-2.603503,39.9422381],[-2.6033521,39.9422493],[-2.603324,39.9420413],[-2.6034776,39.9420335],[-2.603503,39.9422381]]]},"properties":{"category":"landuse","name":"","landuse":"farmyard"}},{"type":"Feature","id":"way/738281369","geometry":{"type":"Polygon","coordinates":[[[-2.6030698,39.9423781],[-2.6028705,39.9423432],[-2.6028191,39.942344],[-2.6027245,39.9417005],[-2.6028191,39.9417049],[-2.6029825,39.9417014],[-2.6030035,39.941712],[-2.6030698,39.9423781]]]},"properties":{"category":"landuse","name":"","landuse":"farmland"}},{"type":"Feature","id":"way/738281370","geometry":{"type":"Polygon","coordinates":[[[-2.6028191,39.942344],[-2.6027771,39.9423378],[-2.6026054,39.9423458],[-2.6025798,39.9423082],[-2.6024758,39.9417139],[-2.6025144,39.9416996],[-2.6025914,39.9416978],[-2.6027245,39.9417005],[-2.6028191,39.942344]]]},"properties":{"category":"landuse","name":"","landuse":"farmland"}},{"type":"Feature","id":"way/738281371","geometry":{"type":"Polygon","coordinates":[[[-2.6028199,39.9452609],[-2.602741,39.9449457],[-2.6026904,39.9447408],[-2.6026763,39.9446934],[-2.6026317,39.9445591],[-2.6025958,39.9444292],[-2.602558,39.9442997],[-2.6025458,39.9441774],[-2.6025573,39.9440689],[-2.6025632,39.9440253],[-2.6026486,39.9439812],[-2.6028077,39.9439612],[-2.6028251,39.9439577],[-2.6029227,39.9439385],[-2.6030517,39.9439126],[-2.6031881,39.9451059],[-2.6031126,39.9451736],[-2.6030246,39.9452164],[-2.602946,39.945236],[-2.6028199,39.9452609]]]},"properties":{"category":"landuse","name":"","landuse":"farmland"}},{"type":"Feature","id":"way/738281372","geometry":{"type":"Polygon","coordinates":[[[-2.6025632,39.9440253],[-2.6025446,39.9439639],[-2.6024759,39.9438567],[-2.6023671,39.9437205],[-2.6023229,39.9436651],[-2.602231,39.94369],[-2.6021045,39.9435477],[-2.6020021,39.9434388],[-2.6019627,39.9433632],[-2.601943,39.9431628],[-2.6018977,39.9427652],[-2.6023024,39.942722],[-2.6023726,39.9429773],[-2.6026486,39.9439812],[-2.6025632,39.9440253]]]},"properties":{"category":"landuse","name":"","landuse":"farmland"}},{"type":"Feature","id":"way/738281373","geometry":{"type":"Polygon","coordinates":[[[-2.6037901,39.9444727],[-2.6037329,39.94402],[-2.6035257,39.9424197],[-2.6033728,39.9424261],[-2.6034094,39.942732],[-2.6034115,39.942777],[-2.6034521,39.9430333],[-2.6034582,39.9431087],[-2.6034908,39.9432412],[-2.6034997,39.9433605],[-2.6035232,39.9435061],[-2.6036818,39.9445886],[-2.6037901,39.9444727]]]},"properties":{"category":"landuse","name":"","landuse":"farmland"}},{"type":"Feature","id":"way/738281374","geometry":{"type":"Polygon","coordinates":[[[-2.603544,39.9447365],[-2.6033816,39.9449189],[-2.6031604,39.9431095],[-2.6030694,39.9424089],[-2.6031816,39.9424319],[-2.6032168,39.9424319],[-2.6032814,39.9428907],[-2.6033937,39.9436895],[-2.603544,39.9447365]]]},"properties":{"category":"landuse","name":"","landuse":"farmland"}},{"type":"Feature","id":"way/738281375","geometry":{"type":"Polygon","coordinates":[[[-2.6033816,39.9449189],[-2.6032584,39.9450534],[-2.6031881,39.9451059],[-2.6030517,39.9439126],[-2.6029821,39.9434451],[-2.6029152,39.9429955],[-2.6029069,39.9429391],[-2.6028241,39.9423766],[-2.6030694,39.9424089],[-2.6031604,39.9431095],[-2.6033816,39.9449189]]]},"properties":{"category":"landuse","name":"","landuse":"farmland"}},{"type":"Feature","id":"way/738281376","geometry":{"type":"Polygon","coordinates":[[[-2.6018977,39.9427652],[-2.6018844,39.9426466],[-2.6019112,39.9426189],[-2.6020268,39.9425455],[-2.6021483,39.9424935],[-2.6022311,39.9424667],[-2.6023024,39.942722],[-2.6018977,39.9427652]]]},"properties":{"category":"landuse","name":"","landuse":"farmland"}},{"type":"Feature","id":"way/738281377","geometry":{"type":"Polygon","coordinates":[[[-2.6028241,39.9423766],[-2.6027001,39.9423713],[-2.6025808,39.9423734],[-2.6026478,39.9426911],[-2.6027015,39.9428947],[-2.6027189,39.9429656],[-2.6028232,39.943527],[-2.6029227,39.9439385],[-2.6030517,39.9439126],[-2.6029821,39.9434451],[-2.6029069,39.9429391],[-2.6028241,39.9423766]]]},"properties":{"category":"landuse","name":"","landuse":"farmland"}},{"type":"Feature","id":"way/738281378","geometry":{"type":"Polygon","coordinates":[[[-2.6027189,39.9429656],[-2.6028232,39.943527],[-2.6029227,39.9439385],[-2.6028251,39.9439577],[-2.6026486,39.9439812],[-2.6023726,39.9429773],[-2.6023024,39.942722],[-2.6022311,39.9424667],[-2.6024058,39.9424145],[-2.6025412,39.9423832],[-2.6025808,39.9423734],[-2.6027189,39.9429656]]]},"properties":{"category":"landuse","name":"","landuse":"farmland"}},{"type":"Feature","id":"way/738281379","geometry":{"type":"Polygon","coordinates":[[[-2.6036818,39.9445886],[-2.603544,39.9447365],[-2.6033937,39.9436895],[-2.6032814,39.9428907],[-2.6032168,39.9424319],[-2.6032663,39.9424402],[-2.6033271,39.9424353],[-2.6033728,39.9424261],[-2.6034521,39.9430333],[-2.6034582,39.9431087],[-2.6034908,39.9432412],[-2.6034997,39.9433605],[-2.6035232,39.9435061],[-2.6036818,39.9445886]]]},"properties":{"category":"landuse","name":"","landuse":"farmland"}},{"type":"Feature","id":"way/738281380","geometry":{"type":"Polygon","coordinates":[[[-2.6012681,39.9434954],[-2.601493,39.9434387],[-2.6016147,39.9434116],[-2.6015788,39.9433648],[-2.6014833,39.9432415],[-2.6013574,39.9432545],[-2.6011294,39.9432498],[-2.6011664,39.9433832],[-2.6012681,39.9434954]]]},"properties":{"category":"landuse","name":"","landuse":"farmyard"}},{"type":"Feature","id":"way/738281381","geometry":{"type":"Polygon","coordinates":[[[-2.6011294,39.9432498],[-2.6011002,39.9431517],[-2.6010509,39.9430573],[-2.6009045,39.9428765],[-2.6009215,39.9428435],[-2.6012311,39.9427974],[-2.6012402,39.9428126],[-2.6014048,39.9430885],[-2.6014521,39.9431809],[-2.6014833,39.9432415],[-2.6013574,39.9432545],[-2.6011294,39.9432498]]]},"properties":{"category":"landuse","name":"","landuse":"farmland"}},{"type":"Feature","id":"way/738281382","geometry":{"type":"Polygon","coordinates":[[[-2.6014833,39.9432415],[-2.6015788,39.9433648],[-2.6016994,39.9432817],[-2.6018227,39.9431695],[-2.601943,39.9431628],[-2.6018977,39.9427652],[-2.6018844,39.9426466],[-2.6017795,39.9426852],[-2.6012311,39.9427974],[-2.6012402,39.9428126],[-2.6014048,39.9430885],[-2.6014521,39.9431809],[-2.6014833,39.9432415]]]},"properties":{"category":"landuse","name":"","landuse":"farmland"}},{"type":"Feature","id":"way/738281383","geometry":{"type":"Polygon","coordinates":[[[-2.601493,39.9434387],[-2.6013574,39.9432545],[-2.6014833,39.9432415],[-2.6015788,39.9433648],[-2.6016147,39.9434116],[-2.601493,39.9434387]]]},"properties":{"category":"building","name":"","building":"farm_auxiliary","building_levels":"2","height":6.0,"height_estimated":false}},{"type":"Feature","id":"way/738281387","geometry":{"type":"Polygon","coordinates":[[[-2.6014843,39.9436954],[-2.6013649,39.943607],[-2.6012681,39.9434954],[-2.601493,39.9434387],[-2.6016147,39.9434116],[-2.6016855,39.9434877],[-2.6017423,39.9435599],[-2.6017686,39.9435854],[-2.6018227,39.9436225],[-2.6015083,39.9436902],[-2.6014843,39.9436954]]]},"properties":{"category":"landuse","name":"","landuse":"farmyard"}},{"type":"Feature","id":"way/738281388","geometry":{"type":"Polygon","coordinates":[[[-2.601599,39.9440279],[-2.6017809,39.9440547],[-2.6019078,39.9440734],[-2.6021494,39.9441958],[-2.6021482,39.9442074],[-2.6021227,39.9443277],[-2.6018826,39.9443],[-2.6015165,39.9442558],[-2.601599,39.9440279]]]},"properties":{"category":"landuse","name":"","landuse":"farmyard"}},{"type":"Feature","id":"way/738281389","geometry":{"type":"Polygon","coordinates":[[[-2.6021494,39.9441958],[-2.6021884,39.9442156],[-2.6021066,39.9440563],[-2.602061,39.9439997],[-2.6020248,39.9439422],[-2.6019912,39.9438373],[-2.6019197,39.943721],[-2.601853,39.943616],[-2.6018227,39.9436225],[-2.6017771,39.9436323],[-2.6016944,39.9436496],[-2.6015083,39.9436902],[-2.6014843,39.9436954],[-2.6015044,39.9437242],[-2.6015527,39.9438249],[-2.6015919,39.9439058],[-2.6015971,39.9439366],[-2.6016008,39.9439587],[-2.6016043,39.9440022],[-2.601599,39.9440279],[-2.6017809,39.9440547],[-2.6019078,39.9440734],[-2.6021494,39.9441958]]]},"properties":{"category":"landuse","name":"","landuse":"farmyard"}},{"type":"Feature","id":"way/738281390","geometry":{"type":"Polygon","coordinates":[[[-2.6016944,39.9436496],[-2.6017284,39.943753],[-2.6015473,39.9437931],[-2.6015083,39.9436902],[-2.6016944,39.9436496]]]},"properties":{"category":"building","name":"","building":"farm_auxiliary","building_levels":"2","height":6.0,"height_estimated":false}},{"type":"Feature","id":"way/738281392","geometry":{"type":"Polygon","coordinates":[[[-2.6025958,39.9444292],[-2.6023537,39.9442993],[-2.6021884,39.9442156],[-2.6021066,39.9440563],[-2.602061,39.9439997],[-2.6020248,39.9439422],[-2.6019912,39.9438373],[-2.6022184,39.9437262],[-2.602231,39.94369],[-2.6023229,39.9436651],[-2.6023671,39.9437205],[-2.6024759,39.9438567],[-2.6025446,39.9439639],[-2.6025632,39.9440253],[-2.6025573,39.9440689],[-2.6025458,39.9441774],[-2.602558,39.9442997],[-2.6025958,39.9444292]]]},"properties":{"category":"landuse","name":"","landuse":"farmyard"}},{"type":"Feature","id":"way/738281393","geometry":{"type":"Polygon","coordinates":[[[-2.602231,39.94369],[-2.6022184,39.9437262],[-2.6019912,39.9438373],[-2.6019197,39.943721],[-2.601853,39.943616],[-2.6018227,39.9436225],[-2.6017686,39.9435854],[-2.6017423,39.9435599],[-2.6016855,39.9434877],[-2.6016147,39.9434116],[-2.6015788,39.9433648],[-2.6016994,39.9432817],[-2.6018227,39.9431695],[-2.601943,39.9431628],[-2.6019627,39.9433632],[-2.6020021,39.9434388],[-2.6021045,39.9435477],[-2.602231,39.94369]]]},"properties":{"category":"landuse","name":"","landuse":"farmland"}},{"type":"Feature","id":"way/738281394","geometry":{"type":"Polygon","coordinates":[[[-2.6021227,39.9443277],[-2.6021482,39.9442074],[-2.6019062,39.9441804],[-2.6018826,39.9443],[-2.6021227,39.9443277]]]},"properties":{"category":"building","name":"","building":"farm_auxiliary","building_levels":"2","height":6.0,"height_estimated":false}},{"type":"Feature","id":"way/738281395","geometry":{"type":"Polygon","coordinates":[[[-2.6023493,39.9441874],[-2.6022731,39.9440565],[-2.6021501,39.9440986],[-2.6022314,39.9442287],[-2.6023493,39.9441874]]]},"properties":{"category":"building","name":"","building":"farm_auxiliary","building_levels":"1","height":3.0,"height_estimated":false}},{"type":"Feature","id":"way/738281396","geometry":{"type":"Polygon","coordinates":[[[-2.6001223,39.9432065],[-2.60012,39.9431589],[-2.5999734,39.9431638],[-2.5999741,39.9432112],[-2.6001126,39.9432065],[-2.6001223,39.9432065]]]},"properties":{"category":"landuse","name":"","leisure":"swimming_pool"}},{"type":"Feature","id":"way/738281397","geometry":{"type":"Polygon","coordinates":[[[-2.6009719,39.9431079],[-2.6009562,39.9430527],[-2.6009455,39.9430147],[-2.6009243,39.9429849],[-2.5994555,39.9430826],[-2.5992273,39.943088],[-2.59923,39.9431777],[-2.5994467,39.9431725],[-2.5994565,39.9431723],[-2.5995098,39.9431706],[-2.5999191,39.9431577],[-2.6001353,39.9431477],[-2.6002025,39.9431463],[-2.600397,39.9431341],[-2.6006007,39.9431204],[-2.6008085,39.9431134],[-2.6009719,39.9431079]]]},"properties":{"category":"landuse","name":"","landuse":"farmland"}},{"type":"Feature","id":"way/738281398","geometry":{"type":"Polygon","coordinates":[[[-2.6009243,39.9429849],[-2.6008305,39.9429021],[-2.600758,39.9428736],[-2.6004554,39.9429116],[-2.6001244,39.9429591],[-2.5996307,39.9430079],[-2.5994255,39.9430283],[-2.5993016,39.9430473],[-2.5992503,39.9430609],[-2.5992273,39.943088],[-2.5994555,39.9430826],[-2.6009243,39.9429849]]]},"properties":{"category":"landuse","name":"","landuse":"farmland"}},{"type":"Feature","id":"way/738281399","geometry":{"type":"Polygon","coordinates":[[[-2.59923,39.9431777],[-2.5992273,39.943088],[-2.5994555,39.9430826],[-2.5994565,39.9431723],[-2.5994467,39.9431725],[-2.59923,39.9431777]]]},"properties":{"category":"building","name":"","building":"farm_auxiliary","building_levels":"1","height":3.0,"height_estimated":false}},{"type":"Feature","id":"way/738281400","geometry":{"type":"Polygon","coordinates":[[[-2.6005983,39.9435357],[-2.6005984,39.9435141],[-2.6005991,39.9433964],[-2.6005994,39.9433512],[-2.6006007,39.9431204],[-2.600397,39.9431341],[-2.600397,39.9435439],[-2.6005983,39.9435357]]]},"properties":{"category":"landuse","name":"","landuse":"farmland"}},{"type":"Feature","id":"way/738281401","geometry":{"type":"Polygon","coordinates":[[[-2.600397,39.9435439],[-2.600192,39.9435483],[-2.6001947,39.9434939],[-2.6002005,39.9433758],[-2.6002002,39.9433325],[-2.6002001,39.943308],[-2.6002022,39.9432219],[-2.6002025,39.9431463],[-2.600397,39.9431341],[-2.600397,39.9435439]]]},"properties":{"category":"landuse","name":"","landuse":"farmland"}},{"type":"Feature","id":"way/738281402","geometry":{"type":"Polygon","coordinates":[[[-2.6010006,39.9435236],[-2.6009985,39.9434845],[-2.6009314,39.9434899],[-2.6009344,39.9435256],[-2.6010006,39.9435236]]]},"properties":{"category":"building","name":"","building":"yes","building_levels":"3","height":9.0,"height_estimated":false}},{"type":"Feature","id":"way/738281403","geometry":{"type":"Polygon","coordinates":[[[-2.6009253,39.9434447],[-2.6007495,39.9434494],[-2.6007473,39.9433941],[-2.6007454,39.9433473],[-2.6008074,39.9433445],[-2.6009192,39.9433395],[-2.6009253,39.9434447]]]},"properties":{"category":"building","name":"","building":"farm_auxiliary","height":4.0,"height_estimated":false}},{"type":"Feature","id":"way/738281404","geometry":{"type":"Polygon","coordinates":[[[-2.6007473,39.9433941],[-2.6005991,39.9433964],[-2.6005994,39.9433512],[-2.6007454,39.9433473],[-2.6007473,39.9433941]]]},"properties":{"category":"building","name":"","building":"farm_auxiliary","building_levels":"1","height":3.0,"height_estimated":false}},{"type":"Feature","id":"way/738281405","geometry":{"type":"Polygon","coordinates":[[[-2.6008074,39.9433445],[-2.6007454,39.9433473],[-2.6005994,39.9433512],[-2.6006007,39.9431204],[-2.6008085,39.9431134],[-2.6008077,39.9432904],[-2.6008074,39.9433445]]]},"properties":{"category":"building","name":"","building":"farm_auxiliary","building_levels":"2","height":6.0,"height_estimated":false}},{"type":"Feature","id":"way/738281406","geometry":{"type":"Polygon","coordinates":[[[-2.6008074,39.9433445],[-2.6009192,39.9433395],[-2.6010628,39.9433368],[-2.6010416,39.9432835],[-2.6008077,39.9432904],[-2.6008074,39.9433445]]]},"properties":{"category":"building","name":"","building":"farm_auxiliary","building_levels":"1","height":3.0,"height_estimated":false}},{"type":"Feature","id":"way/738281407","geometry":{"type":"Polygon","coordinates":[[[-2.6005991,39.9433964],[-2.6005984,39.9435141],[-2.6007535,39.9435141],[-2.6007495,39.9434494],[-2.6007473,39.9433941],[-2.6005991,39.9433964]]]},"properties":{"category":"landuse","name":"","landuse":"orchard"}},{"type":"Feature","id":"way/738281408","geometry":{"type":"Polygon","coordinates":[[[-2.6012427,39.9428453],[-2.6012402,39.9428126],[-2.6011887,39.9428111],[-2.6011903,39.9428453],[-2.6012427,39.9428453]]]},"properties":{"category":"building","name":"","building":"yes","height":6.0,"height_estimated":true}},{"type":"Feature","id":"way/738281409","geometry":{"type":"LineString","coordinates":[[-2.599945,39.9433846],[-2.5990259,39.9434067]]},"properties":{"category":"road","name":"","highway":"service","surface":"unpaved"}},{"type":"Feature","id":"way/738286419","geometry":{"type":"Polygon","coordinates":[[[-2.6000695,39.9435696],[-2.6000686,39.9435292],[-2.6001695,39.9435288],[-2.6001695,39.9434946],[-2.6001947,39.9434939],[-2.600192,39.9435483],[-2.6001918,39.9435636],[-2.6000695,39.9435696]]]},"properties":{"category":"building","name":"","building":"yes","height":6.0,"height_estimated":true}},{"type":"Feature","id":"way/738286420","geometry":{"type":"Polygon","coordinates":[[[-2.6002005,39.9433758],[-2.6000659,39.9433764],[-2.6000653,39.9433348],[-2.6001332,39.9433325],[-2.6002002,39.9433325],[-2.6002005,39.9433758]]]},"properties":{"category":"building","name":"","building":"house","building_levels":"2","height":6.0,"height_estimated":false}},{"type":"Feature","id":"way/738286421","geometry":{"type":"Polygon","coordinates":[[[-2.6000332,39.9433342],[-2.6000315,39.9432904],[-2.6000642,39.9432911],[-2.6000653,39.9433348],[-2.6000332,39.9433342]]]},"properties":{"category":"building","name":"","building":"house","height":2.5,"height_estimated":false}},{"type":"Feature","id":"way/738286422","geometry":{"type":"Polygon","coordinates":[[[-2.6001332,39.9433325],[-2.6001337,39.943308],[-2.6001341,39.9432918],[-2.6000642,39.9432911],[-2.6000653,39.9433348],[-2.6001332,39.9433325]]]},"properties":{"category":"building","name":"","building":"house","building_levels":"1","height":3.0,"height_estimated":false}},{"type":"Feature","id":"way/738286423","geometry":{"type":"Polygon","coordinates":[[[-2.6001337,39.943308],[-2.6002001,39.943308],[-2.6002022,39.9432219],[-2.6002025,39.9431463],[-2.6001353,39.9431477],[-2.6001357,39.9432046],[-2.6001359,39.9432307],[-2.6001474,39.9432321],[-2.6001482,39.9432612],[-2.600135,39.9432599],[-2.6001341,39.9432918],[-2.6001337,39.943308]]]},"properties":{"category":"building","name":"","building":"house","building_levels":"1","height":3.0,"height_estimated":false}},{"type":"Feature","id":"way/738286424","geometry":{"type":"Polygon","coordinates":[[[-2.5999732,39.9433332],[-2.5999728,39.9433504],[-2.5999217,39.9433515],[-2.5999191,39.9431577],[-2.6001353,39.9431477],[-2.6001357,39.9432046],[-2.6001223,39.9432065],[-2.60012,39.9431589],[-2.5999734,39.9431638],[-2.5999741,39.9432112],[-2.6001126,39.9432065],[-2.6000604,39.9432508],[-2.6000099,39.9432643],[-2.5999595,39.9432698],[-2.599963,39.9433105],[-2.5999732,39.9433332]]]},"properties":{"category":"landuse","name":"","landuse":"grass"}},{"type":"Feature","id":"way/738286426","geometry":{"type":"Polygon","coordinates":[[[-2.5993348,39.9433515],[-2.5992706,39.9433524],[-2.5992711,39.9433685],[-2.5992463,39.9433687],[-2.5992441,39.9433256],[-2.599222,39.9433256],[-2.5992202,39.9432788],[-2.5992344,39.9432785],[-2.5992317,39.9432144],[-2.5992737,39.9432134],[-2.5992755,39.9432222],[-2.599383,39.9432201],[-2.5993826,39.943214],[-2.5994308,39.943213],[-2.5994339,39.9432663],[-2.5993582,39.9432676],[-2.5993602,39.9433019],[-2.5993335,39.9433029],[-2.5993348,39.9433515]]]},"properties":{"category":"building","name":"","building":"house","building_levels":"2","height":6.0,"height_estimated":false}},{"type":"Feature","id":"way/738286427","geometry":{"type":"Polygon","coordinates":[[[-2.5993175,39.9433209],[-2.5993158,39.9432839],[-2.5992715,39.9432849],[-2.5992715,39.9433222],[-2.5993175,39.9433209]]]},"properties":{"category":"building","name":"","building":"house","building_levels":"3","height":9.0,"height_estimated":false}},{"type":"Feature","id":"way/738286428","geometry":{"type":"Polygon","coordinates":[[[-2.5993889,39.9433506],[-2.5993348,39.9433515],[-2.5993335,39.9433029],[-2.5993602,39.9433019],[-2.5993683,39.9433021],[-2.5993701,39.9433415],[-2.5993881,39.9433409],[-2.5993889,39.9433506]]]},"properties":{"category":"building","name":"","building":"house","building_levels":"2","height":6.0,"height_estimated":false}},{"type":"Feature","id":"way/738286429","geometry":{"type":"Polygon","coordinates":[[[-2.5993896,39.9433654],[-2.5993889,39.9433506],[-2.5993881,39.9433409],[-2.5993988,39.9433405],[-2.5993968,39.9433015],[-2.5994349,39.9433],[-2.5994362,39.9433202],[-2.599426,39.943321],[-2.599428,39.9433644],[-2.5993896,39.9433654]]]},"properties":{"category":"building","name":"","building":"house","building_levels":"2","height":6.0,"height_estimated":false}},{"type":"Feature","id":"way/738286430","geometry":{"type":"Polygon","coordinates":[[[-2.5994349,39.9433],[-2.5994339,39.9432663],[-2.5993582,39.9432676],[-2.5993602,39.9433019],[-2.5993683,39.9433021],[-2.5993701,39.9433415],[-2.5993881,39.9433409],[-2.5993988,39.9433405],[-2.5993968,39.9433015],[-2.5994349,39.9433]]]},"properties":{"category":"building","name":"","building":"house","building_levels":"3","height":9.0,"height_estimated":false}},{"type":"Feature","id":"way/738286432","geometry":{"type":"Polygon","coordinates":[[[-2.5995229,39.9433619],[-2.5994562,39.9433426],[-2.5994467,39.9431725],[-2.5995098,39.9431706],[-2.5995142,39.9432208],[-2.5995229,39.9433619]]]},"properties":{"category":"landuse","name":"","leisure":"garden"}},{"type":"Feature","id":"way/738286433","geometry":{"type":"Polygon","coordinates":[[[-2.5996822,39.9435856],[-2.5996792,39.9435339],[-2.5994943,39.9435386],[-2.5994974,39.9435938],[-2.5996822,39.9435856]]]},"properties":{"category":"building","name":"","building":"house","building_levels":"1","height":3.0,"height_estimated":false}},{"type":"Feature","id":"way/738286434","geometry":{"type":"Polygon","coordinates":[[[-2.5994835,39.9435944],[-2.5994812,39.9435191],[-2.5994296,39.9435209],[-2.5994288,39.9435958],[-2.5994835,39.9435944]]]},"properties":{"category":"building","name":"","building":"house","building_levels":"1","height":3.0,"height_estimated":false}},{"type":"Feature","id":"way/738286435","geometry":{"type":"Polygon","coordinates":[[[-2.5994288,39.9435958],[-2.5992848,39.9435988],[-2.599284,39.9435233],[-2.5994296,39.9435209],[-2.5994288,39.9435958]]]},"properties":{"category":"building","name":"","building":"house","building_levels":"2","height":6.0,"height_estimated":false}},{"type":"Feature","id":"way/738286436","geometry":{"type":"Polygon","coordinates":[[[-2.5992848,39.9435988],[-2.5992031,39.9436018],[-2.5992001,39.9435233],[-2.599284,39.9435233],[-2.5992848,39.9435988]]]},"properties":{"category":"building","name":"","building":"house","building_levels":"1","height":3.0,"height_estimated":false}},{"type":"Feature","id":"way/738286437","geometry":{"type":"Polygon","coordinates":[[[-2.5992031,39.9436018],[-2.5990502,39.9436038],[-2.5990525,39.9435196],[-2.5992001,39.9435168],[-2.5992001,39.9435233],[-2.5992031,39.9436018]]]},"properties":{"category":"building","name":"","building":"house","building_levels":"2","height":6.0,"height_estimated":false}},{"type":"Feature","id":"way/738286438","geometry":{"type":"Polygon","coordinates":[[[-2.5992001,39.9435168],[-2.5992001,39.9435233],[-2.599284,39.9435233],[-2.5992836,39.9435036],[-2.5992824,39.9434381],[-2.5990976,39.943439],[-2.5990525,39.9435196],[-2.5992001,39.9435168]]]},"properties":{"category":"building","name":"","building":"house","building_levels":"1","height":3.0,"height_estimated":false}},{"type":"Feature","id":"way/738286439","geometry":{"type":"Polygon","coordinates":[[[-2.5994796,39.9434346],[-2.5994804,39.9434618],[-2.5994049,39.943463],[-2.5994049,39.9434359],[-2.5994796,39.9434346]]]},"properties":{"category":"building","name":"","building":"yes","building_levels":"1","height":3.0,"height_estimated":false}},{"type":"Feature","id":"way/738286441","geometry":{"type":"Polygon","coordinates":[[[-2.5994061,39.9435004],[-2.5994049,39.943463],[-2.5994049,39.9434359],[-2.5992824,39.9434381],[-2.5992836,39.9435036],[-2.5994061,39.9435004]]]},"properties":{"category":"landuse","name":"","leisure":"garden"}},{"type":"Feature","id":"way/738717258","geometry":{"type":"Polygon","coordinates":[[[-2.5997635,39.9440341],[-2.5998071,39.9440324],[-2.5998042,39.9439931],[-2.5998263,39.9439915],[-2.5998206,39.9439037],[-2.599758,39.9439078],[-2.5997635,39.9440341]]]},"properties":{"category":"building","name":"","building":"yes","building_levels":"2","height":6.0,"height_estimated":false}},{"type":"Feature","id":"way/738717259","geometry":{"type":"Polygon","coordinates":[[[-2.5998394,39.9438981],[-2.5998206,39.9439037],[-2.599758,39.9439078],[-2.5996271,39.9439137],[-2.599625,39.9437532],[-2.5996834,39.9437523],[-2.5997737,39.9437508],[-2.5998291,39.94375],[-2.5998394,39.9438981]]]},"properties":{"category":"building","name":"","building":"farm_auxiliary","height":8.0,"height_estimated":false}},{"type":"Feature","id":"way/738717260","geometry":{"type":"Polygon","coordinates":[[[-2.5998291,39.94375],[-2.5998263,39.9436943],[-2.5997744,39.9436949],[-2.5997737,39.9437508],[-2.5998291,39.94375]]]},"properties":{"category":"building","name":"","building":"yes","building_levels":"1","height":3.0,"height_estimated":false}},{"type":"Feature","id":"way/738717261","geometry":{"type":"Polygon","coordinates":[[[-2.5996834,39.9437523],[-2.5996805,39.9436704],[-2.5996243,39.9436714],[-2.599625,39.9437532],[-2.5996834,39.9437523]]]},"properties":{"category":"building","name":"","building":"yes","building_levels":"1","height":3.0,"height_estimated":false}},{"type":"Feature","id":"way/738717262","geometry":{"type":"Polygon","coordinates":[[[-2.6000247,39.9438923],[-2.6000161,39.9437734],[-2.6002053,39.9437669],[-2.6002153,39.9438814],[-2.6000247,39.9438923]]]},"properties":{"category":"building","name":"","building":"yes","height":6.0,"height_estimated":true}},{"type":"Feature","id":"way/738717263","geometry":{"type":"Polygon","coordinates":[[[-2.6006597,39.9439032],[-2.6006584,39.9438552],[-2.6005546,39.9438609],[-2.6005559,39.9439092],[-2.6006597,39.9439032]]]},"properties":{"category":"building","name":"","building":"yes","height":6.0,"height_estimated":true}},{"type":"Feature","id":"way/738717264","geometry":{"type":"Polygon","coordinates":[[[-2.6005559,39.9439092],[-2.6005595,39.943949],[-2.600526,39.9439724],[-2.6004627,39.9439757],[-2.6004513,39.9438666],[-2.6005335,39.9438621],[-2.6005546,39.9438609],[-2.6005559,39.9439092]]]},"properties":{"category":"building","name":"","building":"farm_auxiliary","height":6.0,"height_estimated":true}},{"type":"Feature","id":"way/738717265","geometry":{"type":"Polygon","coordinates":[[[-2.6004627,39.9439757],[-2.6003596,39.9439806],[-2.6003569,39.9439517],[-2.6003495,39.9438722],[-2.6004513,39.9438666],[-2.6004627,39.9439757]]]},"properties":{"category":"building","name":"","building":"farm_auxiliary","height":6.0,"height_estimated":true}},{"type":"Feature","id":"way/738717266","geometry":{"type":"Polygon","coordinates":[[[-2.6003569,39.9439517],[-2.6002551,39.9439571],[-2.600248,39.9438792],[-2.6003495,39.9438722],[-2.6003569,39.9439517]]]},"properties":{"category":"building","name":"","building":"farm_auxiliary","height":6.0,"height_estimated":true}},{"type":"Feature","id":"way/738717267","geometry":{"type":"Polygon","coordinates":[[[-2.600248,39.9438792],[-2.6002153,39.9438814],[-2.6002053,39.9437669],[-2.6001948,39.943656],[-2.6003306,39.9436468],[-2.6003495,39.9438722],[-2.600248,39.9438792]]]},"properties":{"category":"building","name":"","building":"farm_auxiliary","height":6.0,"height_estimated":true}},{"type":"Feature","id":"way/738717268","geometry":{"type":"Polygon","coordinates":[[[-2.6004377,39.9442217],[-2.60043,39.9441615],[-2.6004794,39.9441597],[-2.6004842,39.9442199],[-2.6004377,39.9442217]]]},"properties":{"category":"building","name":"","building":"farm_auxiliary","building_levels":"1","height":3.0,"height_estimated":false}},{"type":"Feature","id":"way/738717269","geometry":{"type":"Polygon","coordinates":[[[-2.6004842,39.9442199],[-2.6004794,39.9441597],[-2.6004741,39.9441204],[-2.6005724,39.9441159],[-2.6005759,39.9441597],[-2.6005802,39.9442135],[-2.6004842,39.9442199]]]},"properties":{"category":"building","name":"","building":"farm_auxiliary","building_levels":"1","height":3.0,"height_estimated":false}},{"type":"Feature","id":"way/738717270","geometry":{"type":"Polygon","coordinates":[[[-2.6006747,39.9441552],[-2.6006796,39.9442096],[-2.6005802,39.9442135],[-2.6005759,39.9441597],[-2.6006747,39.9441552]]]},"properties":{"category":"building","name":"","building":"farm_auxiliary","building_levels":"1","height":3.0,"height_estimated":false}},{"type":"Feature","id":"way/738717271","geometry":{"type":"Polygon","coordinates":[[[-2.6006796,39.9442096],[-2.6007811,39.9442034],[-2.6007632,39.9439419],[-2.6006636,39.9439463],[-2.6006747,39.9441552],[-2.6006796,39.9442096]]]},"properties":{"category":"building","name":"","building":"farm_auxiliary","building_levels":"1","height":3.0,"height_estimated":false}},{"type":"Feature","id":"way/738717272","geometry":{"type":"Polygon","coordinates":[[[-2.6003136,39.9442278],[-2.6003108,39.9441951],[-2.6002753,39.944197],[-2.6002776,39.9442299],[-2.6003136,39.9442278]]]},"properties":{"category":"building","name":"","building":"yes","building_levels":"1","height":3.0,"height_estimated":false}},{"type":"Feature","id":"way/738717273","geometry":{"type":"Polygon","coordinates":[[[-2.6007578,39.9438494],[-2.6007632,39.9439419],[-2.6007811,39.9442034],[-2.6006796,39.9442096],[-2.6005802,39.9442135],[-2.6004842,39.9442199],[-2.6004377,39.9442217],[-2.6003753,39.9442241],[-2.6003136,39.9442278],[-2.6002776,39.9442299],[-2.6002753,39.944197],[-2.6002551,39.9439571],[-2.600248,39.9438792],[-2.6003495,39.9438722],[-2.6004513,39.9438666],[-2.6005335,39.9438621],[-2.6005546,39.9438609],[-2.6006584,39.9438552],[-2.6007219,39.9438517],[-2.6007578,39.9438494]]]},"properties":{"category":"landuse","name":"","landuse":"farmyard"}},{"type":"Feature","id":"way/738717276","geometry":{"type":"Polygon","coordinates":[[[-2.5996541,39.9442002],[-2.5996591,39.9442631],[-2.5997742,39.9442584],[-2.5997693,39.9441592],[-2.5997165,39.9441619],[-2.5997177,39.9441965],[-2.5996541,39.9442002]]]},"properties":{"category":"building","name":"","building":"yes","building_levels":"1","height":3.0,"height_estimated":false}},{"type":"Feature","id":"way/738717277","geometry":{"type":"Polygon","coordinates":[[[-2.5997693,39.9441592],[-2.599768,39.9441351],[-2.5996499,39.9441408],[-2.5996533,39.9441644],[-2.5997693,39.9441592]]]},"properties":{"category":"building","name":"","building":"yes","building_levels":"1","height":3.0,"height_estimated":false}},{"type":"Feature","id":"way/738717278","geometry":{"type":"Polygon","coordinates":[[[-2.5996517,39.9441727],[-2.5996541,39.9442002],[-2.5996591,39.9442631],[-2.5994625,39.9442736],[-2.5994621,39.944182],[-2.5996517,39.9441727]]]},"properties":{"category":"building","name":"","building":"house","building_levels":"2","height":6.0,"height_estimated":false}},{"type":"Feature","id":"way/738717279","geometry":{"type":"Polygon","coordinates":[[[-2.5994621,39.944182],[-2.5994226,39.9441832],[-2.5994234,39.9442758],[-2.5994625,39.9442736],[-2.5994621,39.944182]]]},"properties":{"category":"building","name":"","building":"yes","building_levels":"1","height":3.0,"height_estimated":false}},{"type":"Feature","id":"way/738717280","geometry":{"type":"Polygon","coordinates":[[[-2.5994234,39.9442758],[-2.5994226,39.9441832],[-2.5994213,39.9441524],[-2.5993032,39.9441572],[-2.599304,39.9441774],[-2.5993065,39.9442385],[-2.5993082,39.9442822],[-2.5994234,39.9442758]]]},"properties":{"category":"building","name":"","building":"house","building_levels":"2","height":6.0,"height_estimated":false}},{"type":"Feature","id":"way/738717281","geometry":{"type":"Polygon","coordinates":[[[-2.5993082,39.9442822],[-2.5992277,39.9442867],[-2.5992293,39.9442426],[-2.5993065,39.9442385],[-2.5993082,39.9442822]]]},"properties":{"category":"building","name":"","building":"yes","building_levels":"1","height":3.0,"height_estimated":false}},{"type":"Feature","id":"way/738717282","geometry":{"type":"Polygon","coordinates":[[[-2.5992277,39.9442867],[-2.5991587,39.9442905],[-2.5991782,39.9442205],[-2.5992305,39.9442173],[-2.5992277,39.9442867]]]},"properties":{"category":"building","name":"","building":"yes","building_levels":"1","height":3.0,"height_estimated":false}},{"type":"Feature","id":"way/738717283","geometry":{"type":"Polygon","coordinates":[[[-2.5991782,39.9442205],[-2.5991947,39.9441613],[-2.5993032,39.9441572],[-2.599304,39.9441774],[-2.5992418,39.9441799],[-2.599241,39.9441963],[-2.5992313,39.9441969],[-2.5992305,39.9442173],[-2.5991782,39.9442205]]]},"properties":{"category":"building","name":"","building":"yes","building_levels":"1","height":3.0,"height_estimated":false}},{"type":"Feature","id":"way/738717284","geometry":{"type":"Polygon","coordinates":[[[-2.5989926,39.9443041],[-2.5990002,39.9442658],[-2.5990369,39.9442658],[-2.5990455,39.9442249],[-2.5991175,39.9442241],[-2.599103,39.9442979],[-2.5989926,39.9443041]]]},"properties":{"category":"building","name":"","building":"house","building_levels":"1","height":3.0,"height_estimated":false}},{"type":"Feature","id":"way/738717285","geometry":{"type":"Polygon","coordinates":[[[-2.5989795,39.9441692],[-2.5989722,39.9442027],[-2.5990502,39.9442027],[-2.5990581,39.9441679],[-2.5989795,39.9441692]]]},"properties":{"category":"building","name":"","building":"yes","building_levels":"1","height":3.0,"height_estimated":false}},{"type":"Feature","id":"way/738717286","geometry":{"type":"Polygon","coordinates":[[[-2.5990455,39.9442249],[-2.5991175,39.9442241],[-2.5991288,39.9441666],[-2.5990581,39.9441679],[-2.5990455,39.9442249]]]},"properties":{"category":"building","name":"","building":"house","building_levels":"2","height":6.0,"height_estimated":false}},{"type":"Feature","id":"way/738717287","geometry":{"type":"Polygon","coordinates":[[[-2.5988448,39.9443125],[-2.598871,39.9442474],[-2.598758,39.9442498],[-2.5987299,39.944319],[-2.5988448,39.9443125]]]},"properties":{"category":"building","name":"","building":"house","building_levels":"2","height":6.0,"height_estimated":false}},{"type":"Feature","id":"way/738717288","geometry":{"type":"Polygon","coordinates":[[[-2.5987883,39.9441753],[-2.5989013,39.9441717],[-2.598871,39.9442474],[-2.598758,39.9442498],[-2.5987883,39.9441753]]]},"properties":{"category":"building","name":"","building":"house","building_levels":"2","height":6.0,"height_estimated":false}},{"type":"Feature","id":"way/738717291","geometry":{"type":"Polygon","coordinates":[[[-2.6007957,39.9455408],[-2.6009506,39.9455221],[-2.6009499,39.9455035],[-2.6022519,39.94533],[-2.6022109,39.9451042],[-2.6018784,39.9451112],[-2.6018421,39.9451112],[-2.6017542,39.9451112],[-2.601725,39.9451112],[-2.6016429,39.9451102],[-2.6016217,39.94511],[-2.6015413,39.9450961],[-2.6015321,39.9450402],[-2.6011373,39.945039],[-2.6010948,39.9451275],[-2.6010371,39.9452253],[-2.6009976,39.9452823],[-2.6009339,39.9453591],[-2.6009117,39.9453798],[-2.6007911,39.9454779],[-2.6007957,39.9455408]]]},"properties":{"category":"landuse","name":"","landuse":"residential"}},{"type":"Feature","id":"way/738717292","geometry":{"type":"Polygon","coordinates":[[[-2.6015387,39.9447869],[-2.6017355,39.944775],[-2.6018507,39.9447618],[-2.6018266,39.9444679],[-2.6015456,39.9444643],[-2.6014166,39.9444626],[-2.6012773,39.9447566],[-2.6012876,39.9447651],[-2.6014312,39.9447592],[-2.6015487,39.9447597],[-2.6015816,39.9447599],[-2.6015387,39.9447869]]]},"properties":{"category":"landuse","name":"","landuse":"residential"}},{"type":"Feature","id":"way/738717293","geometry":{"type":"LineString","coordinates":[[-2.6012123,39.9447875],[-2.6014923,39.9447842]]},"properties":{"category":"road","name":"","highway":"service","surface":"unpaved"}},{"type":"Feature","id":"way/738717294","geometry":{"type":"Polygon","coordinates":[[[-2.6022109,39.9451042],[-2.6021583,39.9448049],[-2.6021448,39.9447284],[-2.6018507,39.9447618],[-2.6018784,39.9451112],[-2.6022109,39.9451042]]]},"properties":{"category":"landuse","name":"","landuse":"farmland"}},{"type":"Feature","id":"way/738717295","geometry":{"type":"Polygon","coordinates":[[[-2.6018784,39.9451112],[-2.6018421,39.9451112],[-2.6017542,39.9451112],[-2.601725,39.9451112],[-2.6016429,39.9451102],[-2.6016217,39.94511],[-2.6015413,39.9450961],[-2.6015321,39.9450402],[-2.6014979,39.9448141],[-2.6015387,39.9447869],[-2.6017355,39.944775],[-2.6018507,39.9447618],[-2.6018784,39.9451112]]]},"properties":{"category":"landuse","name":"","landuse":"farmland"}},{"type":"Feature","id":"way/738717296","geometry":{"type":"Polygon","coordinates":[[[-2.6015321,39.9450402],[-2.6011373,39.945039],[-2.6011813,39.9449769],[-2.6012178,39.9448979],[-2.6012479,39.9448161],[-2.6014979,39.9448141],[-2.6015321,39.9450402]]]},"properties":{"category":"landuse","name":"","landuse":"farmland"}},{"type":"Feature","id":"way/738717298","geometry":{"type":"Polygon","coordinates":[[[-2.6015387,39.9447869],[-2.6017355,39.944775],[-2.6018507,39.9447618],[-2.6018266,39.9444679],[-2.6015456,39.9444643],[-2.6015466,39.9445699],[-2.6015487,39.9445802],[-2.6015497,39.9446878],[-2.6015487,39.9447597],[-2.6015816,39.9447599],[-2.6015387,39.9447869]]]},"properties":{"category":"landuse","name":"","landuse":"farmyard"}},{"type":"Feature","id":"way/738717299","geometry":{"type":"Polygon","coordinates":[[[-2.6015487,39.9447597],[-2.6014312,39.9447592],[-2.6012876,39.9447651],[-2.6012773,39.9447566],[-2.6014166,39.9444626],[-2.6015456,39.9444643],[-2.6015467,39.9445702],[-2.6015468,39.9445795],[-2.601548,39.9446918],[-2.6015487,39.9447597]]]},"properties":{"category":"landuse","name":"","landuse":"farmyard"}},{"type":"Feature","id":"way/738717300","geometry":{"type":"Polygon","coordinates":[[[-2.6014312,39.9447592],[-2.6015487,39.9447597],[-2.601548,39.9446918],[-2.6015468,39.9445795],[-2.6015467,39.9445702],[-2.6014275,39.9445719],[-2.6014312,39.9447592]]]},"properties":{"category":"building","name":"","building":"farm_auxiliary","building_levels":"1","height":3.0,"height_estimated":false}},{"type":"Feature","id":"way/738717301","geometry":{"type":"Polygon","coordinates":[[[-2.6015487,39.9447597],[-2.6015816,39.9447599],[-2.6016138,39.9447594],[-2.6016131,39.9446913],[-2.601548,39.9446918],[-2.6015487,39.9447597]]]},"properties":{"category":"building","name":"","building":"farm_auxiliary","building_levels":"1","height":3.0,"height_estimated":false}},{"type":"Feature","id":"way/738717302","geometry":{"type":"Polygon","coordinates":[[[-2.6016458,39.9446918],[-2.6016131,39.9446913],[-2.601548,39.9446918],[-2.6015487,39.9445802],[-2.6016437,39.9445773],[-2.6016458,39.9446918]]]},"properties":{"category":"building","name":"","building":"farm_auxiliary","building_levels":"1","height":3.0,"height_estimated":false}},{"type":"Feature","id":"way/738717303","geometry":{"type":"Polygon","coordinates":[[[-2.6009506,39.9455221],[-2.6007957,39.9455408],[-2.6007911,39.9454779],[-2.6009455,39.9454618],[-2.6009499,39.9455035],[-2.6009506,39.9455221]]]},"properties":{"category":"building","name":"","building":"yes","building_levels":"1","height":3.0,"height_estimated":false}},{"type":"Feature","id":"way/738906687","geometry":{"type":"LineString","coordinates":[[-2.6025518,39.9453534],[-2.6024182,39.9447863],[-2.6023899,39.9447021],[-2.6023174,39.9446438],[-2.6022608,39.9446153]]},"properties":{"category":"road","name":"","highway":"path","surface":"unpaved"}},{"type":"Feature","id":"way/738906688","geometry":{"type":"Polygon","coordinates":[[[-2.6022917,39.9445779],[-2.6022917,39.9444261],[-2.6022224,39.9444267],[-2.6022224,39.9445779],[-2.6022917,39.9445779]]]},"properties":{"category":"landuse","name":"","landuse":"farmyard"}},{"type":"Feature","id":"way/738906689","geometry":{"type":"Polygon","coordinates":[[[-2.6022224,39.9445779],[-2.6021479,39.944578],[-2.6021479,39.9443086],[-2.6022232,39.9443086],[-2.6022224,39.9444267],[-2.6022224,39.9445779]]]},"properties":{"category":"building","name":"","building":"farm_auxiliary","building_levels":"1","height":3.0,"height_estimated":false}},{"type":"Feature","id":"way/738906690","geometry":{"type":"Polygon","coordinates":[[[-2.6022917,39.9445779],[-2.602358,39.9445789],[-2.6023568,39.9444267],[-2.6022917,39.9444261],[-2.6022917,39.9445779]]]},"properties":{"category":"building","name":"","building":"farm_auxiliary","building_levels":"1","height":3.0,"height_estimated":false}},{"type":"Feature","id":"way/738906691","geometry":{"type":"Polygon","coordinates":[[[-2.602358,39.9445789],[-2.6024958,39.9445802],[-2.6024958,39.9444276],[-2.6023568,39.9444267],[-2.602358,39.9445789]]]},"properties":{"category":"building","name":"","building":"farm_auxiliary","building_levels":"1","height":3.0,"height_estimated":false}},{"type":"Feature","id":"way/738906692","geometry":{"type":"Polygon","coordinates":[[[-2.6014166,39.9444626],[-2.6015456,39.9444643],[-2.6018266,39.9444679],[-2.6018507,39.9447618],[-2.6021448,39.9447284],[-2.602143,39.9443367],[-2.6021227,39.9443277],[-2.6018826,39.9443],[-2.6015165,39.9442558],[-2.6014861,39.9443302],[-2.6014166,39.9444626]]]},"properties":{"category":"landuse","name":"","landuse":"farmland"}},{"type":"Feature","id":"way/738916227","geometry":{"type":"Polygon","coordinates":[[[-2.6025589,39.945298],[-2.6024208,39.9447159],[-2.6024668,39.9446725],[-2.6026317,39.9445591],[-2.6026763,39.9446934],[-2.6026904,39.9447408],[-2.602741,39.9449457],[-2.6028199,39.9452609],[-2.6025589,39.945298]]]},"properties":{"category":"landuse","name":"","landuse":"farmland"}},{"type":"Feature","id":"way/738916228","geometry":{"type":"Polygon","coordinates":[[[-2.6022519,39.94533],[-2.6025143,39.945302],[-2.6024358,39.9450103],[-2.6023973,39.9448437],[-2.6023803,39.9447374],[-2.6023464,39.9447032],[-2.6021583,39.9448049],[-2.6022109,39.9451042],[-2.6022519,39.94533]]]},"properties":{"category":"landuse","name":"","landuse":"farmland"}},{"type":"Feature","id":"way/738916229","geometry":{"type":"Polygon","coordinates":[[[-2.6021583,39.9448049],[-2.6023464,39.9447032],[-2.6023803,39.9447374],[-2.6024208,39.9447159],[-2.6024668,39.9446725],[-2.6026317,39.9445591],[-2.6025958,39.9444292],[-2.6021884,39.9442156],[-2.6021494,39.9441958],[-2.6021482,39.9442074],[-2.6021227,39.9443277],[-2.602143,39.9443367],[-2.6021448,39.9447284],[-2.6021583,39.9448049]]]},"properties":{"category":"landuse","name":"","landuse":"farmyard"}},{"type":"Feature","id":"way/738916230","geometry":{"type":"Polygon","coordinates":[[[-2.6015521,39.9452841],[-2.601551,39.9452775],[-2.6015447,39.9451898],[-2.6016661,39.9451887],[-2.6016658,39.9452733],[-2.6015521,39.9452841]]]},"properties":{"category":"building","name":"","building":"house","building_levels":"2","height":6.0,"height_estimated":false}},{"type":"Feature","id":"way/738916231","geometry":{"type":"Polygon","coordinates":[[[-2.6018421,39.9451112],[-2.6018416,39.9452051],[-2.6017542,39.9452044],[-2.6017542,39.9451872],[-2.6017542,39.9451112],[-2.6018421,39.9451112]]]},"properties":{"category":"building","name":"","building":"house","building_levels":"2","height":6.0,"height_estimated":false}},{"type":"Feature","id":"way/738916232","geometry":{"type":"Polygon","coordinates":[[[-2.6017542,39.9451872],[-2.6017248,39.945188],[-2.6017248,39.945179],[-2.601725,39.9451112],[-2.6017542,39.9451112],[-2.6017542,39.9451872]]]},"properties":{"category":"building","name":"","building":"yes","building_levels":"1","height":3.0,"height_estimated":false}},{"type":"Feature","id":"way/738916233","geometry":{"type":"Polygon","coordinates":[[[-2.6012375,39.9451985],[-2.6011551,39.945198],[-2.6011544,39.9451117],[-2.6012369,39.9451117],[-2.6012375,39.9451908],[-2.6012375,39.9451985]]]},"properties":{"category":"building","name":"","building":"house","building_levels":"1","height":3.0,"height_estimated":false}},{"type":"Feature","id":"way/738916234","geometry":{"type":"Polygon","coordinates":[[[-2.6012375,39.9451908],[-2.601324,39.9451924],[-2.6013227,39.945088],[-2.6012389,39.9450885],[-2.6012369,39.9451117],[-2.6012375,39.9451908]]]},"properties":{"category":"building","name":"","building":"house","building_levels":"1","height":3.0,"height_estimated":false}},{"type":"Feature","id":"way/738916236","geometry":{"type":"Polygon","coordinates":[[[-2.6016429,39.9451102],[-2.601725,39.9451112],[-2.6017248,39.945179],[-2.6016429,39.9451796],[-2.6016429,39.9451102]]]},"properties":{"category":"landuse","name":"","landuse":"allotments"}},{"type":"Feature","id":"way/738916237","geometry":{"type":"Polygon","coordinates":[[[-2.6040384,39.9446519],[-2.6040157,39.9445921],[-2.6039738,39.9446037],[-2.6039835,39.9446566],[-2.6040384,39.9446519]]]},"properties":{"category":"building","name":"","building":"yes","building_levels":"1","height":3.0,"height_estimated":false}},{"type":"Feature","id":"way/738916238","geometry":{"type":"Polygon","coordinates":[[[-2.6041826,39.9446363],[-2.604179,39.9446125],[-2.6041304,39.9446166],[-2.6041313,39.944641],[-2.6041826,39.9446363]]]},"properties":{"category":"building","name":"","building":"yes","building_levels":"1","height":3.0,"height_estimated":false}},{"type":"Feature","id":"way/738916243","geometry":{"type":"LineString","coordinates":[[-2.6039705,39.9445832],[-2.6041091,39.9445312],[-2.6049734,39.9442738],[-2.6050335,39.9442596],[-2.6050512,39.9442547],[-2.6051565,39.9442254],[-2.6052583,39.9441972],[-2.6053664,39.9441671],[-2.6054128,39.9441519]]},"properties":{"category":"road","name":"","highway":"footway","surface":"concrete"}},{"type":"Feature","id":"way/738916244","geometry":{"type":"LineString","coordinates":[[-2.6054309,39.9444167],[-2.6053185,39.9444592],[-2.6052106,39.9444746],[-2.6051043,39.9444864],[-2.6050512,39.9442547],[-2.6050011,39.9440364],[-2.6051049,39.9439879],[-2.6051999,39.9439432],[-2.6052969,39.9438982],[-2.6053664,39.9441671],[-2.6054309,39.9444167]]},"properties":{"category":"road","name":"","highway":"footway"}},{"type":"Feature","id":"way/738916245","geometry":{"type":"LineString","coordinates":[[-2.6051999,39.9439432],[-2.6052583,39.9441972],[-2.6053185,39.9444592]]},"properties":{"category":"road","name":"","highway":"footway"}},{"type":"Feature","id":"way/738916246","geometry":{"type":"LineString","coordinates":[[-2.6052106,39.9444746],[-2.6051565,39.9442254],[-2.6051049,39.9439879]]},"properties":{"category":"road","name":"","highway":"footway"}},{"type":"Feature","id":"way/738916247","geometry":{"type":"LineString","coordinates":[[-2.6039705,39.9445832],[-2.6038596,39.9446215],[-2.6036984,39.9446771]]},"properties":{"category":"road","name":"","highway":"footway","surface":"asphalt"}},{"type":"Feature","id":"way/738916248","geometry":{"type":"LineString","coordinates":[[-2.6038596,39.9446215],[-2.6038227,39.944544]]},"properties":{"category":"road","name":"","highway":"footway","surface":"asphalt"}},{"type":"Feature","id":"way/738916251","geometry":{"type":"Polygon","coordinates":[[[-2.6058712,39.944297],[-2.6054899,39.9444488],[-2.6054128,39.9441519],[-2.6053289,39.9438288],[-2.6056862,39.9436705],[-2.6058143,39.9440602],[-2.6058211,39.944098],[-2.6058221,39.9441036],[-2.6058265,39.9441272],[-2.6058712,39.944297]]]},"properties":{"category":"landuse","name":"","surface":"paved","amenity":"parking"}},{"type":"Feature","id":"way/738916260","geometry":{"type":"Polygon","coordinates":[[[-2.6058712,39.944297],[-2.6059089,39.9442963],[-2.6059231,39.9443991],[-2.6059089,39.9445768],[-2.6058336,39.9450022],[-2.6055206,39.9449929],[-2.6052759,39.9445179],[-2.6053377,39.9445112],[-2.6054899,39.9444488],[-2.6058712,39.944297]]]},"properties":{"category":"landuse","name":"","landuse":"farmland"}},{"type":"Feature","id":"way/738916261","geometry":{"type":"Polygon","coordinates":[[[-2.6052759,39.9445179],[-2.6055206,39.9449929],[-2.6050002,39.9449882],[-2.6047339,39.9449976],[-2.6043477,39.9450209],[-2.6040997,39.9450427],[-2.6038782,39.9450677],[-2.6036668,39.945102],[-2.6034574,39.9451425],[-2.6032907,39.9451674],[-2.6035204,39.9449227],[-2.6037867,39.9446796],[-2.6039835,39.9446566],[-2.6040384,39.9446519],[-2.6041313,39.944641],[-2.6041826,39.9446363],[-2.6052759,39.9445179]]]},"properties":{"category":"landuse","name":"","landuse":"farmland"}},{"type":"Feature","id":"way/738916262","geometry":{"type":"Polygon","coordinates":[[[-2.6002116,39.9452658],[-2.6002236,39.9453441],[-2.6002357,39.9454234],[-2.6002483,39.9455061],[-2.6002515,39.945527],[-2.6003535,39.9455203],[-2.6003567,39.9455352],[-2.6004745,39.9455249],[-2.6006864,39.9454879],[-2.6007638,39.9454089],[-2.6007876,39.9453846],[-2.6008822,39.9452925],[-2.6009627,39.9451833],[-2.6009968,39.9451295],[-2.6010717,39.9449846],[-2.6011439,39.9448492],[-2.6011686,39.9447786],[-2.6012631,39.9445091],[-2.6013784,39.9442705],[-2.6013355,39.9442459],[-2.6000882,39.9443096],[-2.6001365,39.9449183],[-2.6001377,39.9449252],[-2.600161,39.9450569],[-2.6001739,39.9451294],[-2.6001856,39.9451956],[-2.6002251,39.9451913],[-2.6004269,39.9451693],[-2.6004783,39.9451636],[-2.6006308,39.9451471],[-2.6006435,39.9452226],[-2.6004307,39.9452439],[-2.6003164,39.9452553],[-2.6002116,39.9452658]]]},"properties":{"category":"landuse","name":"","landuse":"residential"}},{"type":"Feature","id":"way/738916263","geometry":{"type":"Polygon","coordinates":[[[-2.6001645,39.9455758],[-2.5998487,39.9456101],[-2.5998432,39.9455831],[-2.5998386,39.945561],[-2.5998257,39.9454981],[-2.5998176,39.9454589],[-2.5998143,39.9454425],[-2.5997902,39.9453254],[-2.5998596,39.9453179],[-2.5999533,39.9453079],[-2.5999779,39.9453052],[-2.6000862,39.9452936],[-2.6001199,39.94529],[-2.6001276,39.9453394],[-2.600138,39.9454059],[-2.6001404,39.9454214],[-2.6001467,39.9454618],[-2.6001563,39.9455234],[-2.6001598,39.9455457],[-2.6001645,39.9455758]]]},"properties":{"category":"landuse","name":"","landuse":"residential"}},{"type":"Feature","id":"way/738916264","geometry":{"type":"Polygon","coordinates":[[[-2.6000741,39.9452189],[-2.599898,39.9452336],[-2.5997578,39.9452463],[-2.5997423,39.9451458],[-2.5997202,39.9450022],[-2.5997132,39.944958],[-2.5996685,39.9443251],[-2.5999951,39.9443121],[-2.6000382,39.944931],[-2.6000447,39.9449886],[-2.6000741,39.9452189]]]},"properties":{"category":"landuse","name":"","landuse":"residential"}},{"type":"Feature","id":"way/738918426","geometry":{"type":"Polygon","coordinates":[[[-2.6034474,39.9453388],[-2.604136,39.9452656],[-2.6041176,39.9451097],[-2.6034767,39.9452125],[-2.6034397,39.9453058],[-2.6034474,39.9453388]]]},"properties":{"category":"building","name":"","building":"farm_auxiliary","building_levels":"1","height":3.0,"height_estimated":false}},{"type":"Feature","id":"way/738926270","geometry":{"type":"Polygon","coordinates":[[[-2.6004735,39.9455004],[-2.6004571,39.9454044],[-2.6003386,39.9454153],[-2.6003506,39.9454991],[-2.6003523,39.9455106],[-2.6004735,39.9455004]]]},"properties":{"category":"building","name":"","building":"house","building_levels":"2","height":6.0,"height_estimated":false}},{"type":"Feature","id":"way/738926271","geometry":{"type":"Polygon","coordinates":[[[-2.6003506,39.9454991],[-2.6003523,39.9455106],[-2.6003535,39.9455203],[-2.6002515,39.945527],[-2.6002483,39.9455061],[-2.6003506,39.9454991]]]},"properties":{"category":"building","name":"","building":"yes","height":3.0,"height_estimated":false}},{"type":"Feature","id":"way/738926272","geometry":{"type":"Polygon","coordinates":[[[-2.6003506,39.9454991],[-2.6003386,39.9454153],[-2.6002357,39.9454234],[-2.6002483,39.9455061],[-2.6003506,39.9454991]]]},"properties":{"category":"building","name":"","building":"house","building_levels":"2","height":6.0,"height_estimated":false}},{"type":"Feature","id":"way/738926273","geometry":{"type":"Polygon","coordinates":[[[-2.6002236,39.9453441],[-2.6003278,39.9453347],[-2.6003259,39.9453212],[-2.6003164,39.9452553],[-2.6002116,39.9452658],[-2.6002236,39.9453441]]]},"properties":{"category":"building","name":"","building":"yes","building_levels":"1","height":3.0,"height_estimated":false}},{"type":"Feature","id":"way/738926274","geometry":{"type":"Polygon","coordinates":[[[-2.6004307,39.9452439],[-2.6004422,39.9453118],[-2.6003259,39.9453212],[-2.6003164,39.9452553],[-2.6004307,39.9452439]]]},"properties":{"category":"building","name":"","building":"house","building_levels":"1","height":3.0,"height_estimated":false}},{"type":"Feature","id":"way/738926275","geometry":{"type":"Polygon","coordinates":[[[-2.6002251,39.9451913],[-2.6002146,39.9451261],[-2.6001739,39.9451294],[-2.6001856,39.9451956],[-2.6002251,39.9451913]]]},"properties":{"category":"building","name":"","building":"yes","building_levels":"1","height":3.0,"height_estimated":false}},{"type":"Feature","id":"way/738926276","geometry":{"type":"Polygon","coordinates":[[[-2.6004269,39.9451693],[-2.6004072,39.9450379],[-2.600161,39.9450569],[-2.6001739,39.9451294],[-2.6002146,39.9451261],[-2.6002251,39.9451913],[-2.6004269,39.9451693]]]},"properties":{"category":"building","name":"","building":"house","building_levels":"1","height":3.0,"height_estimated":false}},{"type":"Feature","id":"way/738926277","geometry":{"type":"Polygon","coordinates":[[[-2.6004269,39.9451693],[-2.6004783,39.9451636],[-2.6004742,39.9451375],[-2.6004574,39.945033],[-2.6004072,39.9450379],[-2.6004269,39.9451693]]]},"properties":{"category":"building","name":"","building":"yes","building_levels":"1","height":3.0,"height_estimated":false}},{"type":"Feature","id":"way/738926278","geometry":{"type":"Polygon","coordinates":[[[-2.6004742,39.9451375],[-2.6005794,39.9451257],[-2.6005607,39.9450241],[-2.6004574,39.945033],[-2.6004742,39.9451375]]]},"properties":{"category":"building","name":"","building":"house","building_levels":"2","height":6.0,"height_estimated":false}},{"type":"Feature","id":"way/738926279","geometry":{"type":"Polygon","coordinates":[[[-2.6005794,39.9451257],[-2.6006261,39.9451198],[-2.6006104,39.9450214],[-2.6005607,39.9450241],[-2.6005794,39.9451257]]]},"properties":{"category":"building","name":"","building":"yes","building_levels":"1","height":3.0,"height_estimated":false}},{"type":"Feature","id":"way/738926280","geometry":{"type":"Polygon","coordinates":[[[-2.6008642,39.9452753],[-2.6007817,39.945283],[-2.6007763,39.9452612],[-2.600714,39.9452665],[-2.6007063,39.9452234],[-2.6006855,39.9452257],[-2.6006585,39.9450639],[-2.6009674,39.9450344],[-2.6009805,39.9451218],[-2.6007925,39.9451395],[-2.6007971,39.9451767],[-2.6008588,39.945172],[-2.6008665,39.9452175],[-2.6008541,39.945221],[-2.6008642,39.9452753]]]},"properties":{"category":"building","name":"","building":"house","building_levels":"1","height":3.0,"height_estimated":false}},{"type":"Feature","id":"way/738926282","geometry":{"type":"Polygon","coordinates":[[[-2.6004113,39.9450037],[-2.6003737,39.9450175],[-2.6003663,39.9450026],[-2.6003704,39.9449841],[-2.6003556,39.9449348],[-2.6003952,39.9449301],[-2.6004113,39.9450037]]]},"properties":{"category":"landuse","name":"","leisure":"swimming_pool"}},{"type":"Feature","id":"way/738926283","geometry":{"type":"Polygon","coordinates":[[[-2.600314,39.9450268],[-2.600308,39.9449738],[-2.6002919,39.9449754],[-2.6002879,39.9449389],[-2.600192,39.9449445],[-2.6001967,39.9449821],[-2.6001793,39.9449836],[-2.6001873,39.945035],[-2.600314,39.9450268]]]},"properties":{"category":"building","name":"","building":"house","building_levels":"2","height":6.0,"height_estimated":false}},{"type":"Feature","id":"way/738926284","geometry":{"type":"Polygon","coordinates":[[[-2.600314,39.9450268],[-2.6003301,39.9450252],[-2.6003248,39.9449738],[-2.600308,39.9449738],[-2.600314,39.9450268]]]},"properties":{"category":"building","name":"","building":"yes","building_levels":"1","height":3.0,"height_estimated":false}},{"type":"Feature","id":"way/738926285","geometry":{"type":"Polygon","coordinates":[[[-2.6001793,39.9449836],[-2.6001759,39.9449445],[-2.600192,39.9449445],[-2.6001967,39.9449821],[-2.6001793,39.9449836]]]},"properties":{"category":"building","name":"","building":"yes","building_levels":"1","height":3.0,"height_estimated":false}},{"type":"Feature","id":"way/738926286","geometry":{"type":"Polygon","coordinates":[[[-2.600308,39.9449738],[-2.6002919,39.9449754],[-2.6002879,39.9449389],[-2.6003026,39.9449368],[-2.600308,39.9449738]]]},"properties":{"category":"building","name":"","building":"yes","building_levels":"1","height":3.0,"height_estimated":false}},{"type":"Feature","id":"way/738926290","geometry":{"type":"Polygon","coordinates":[[[-2.6004571,39.9454044],[-2.6004422,39.9453118],[-2.6003259,39.9453212],[-2.6003278,39.9453347],[-2.6003386,39.9454153],[-2.6004571,39.9454044]]]},"properties":{"category":"landuse","name":"","leisure":"playground"}},{"type":"Feature","id":"way/738967509","geometry":{"type":"Polygon","coordinates":[[[-2.6006104,39.9450214],[-2.6005991,39.9449642],[-2.6006566,39.9449607],[-2.6008361,39.9449497],[-2.6008409,39.9450019],[-2.6006104,39.9450214]]]},"properties":{"category":"building","name":"","building":"farm_auxiliary","height":6.0,"height_estimated":true}},{"type":"Feature","id":"way/738967510","geometry":{"type":"Polygon","coordinates":[[[-2.6008361,39.9449497],[-2.6008288,39.9448676],[-2.6006438,39.9448829],[-2.6006566,39.9449607],[-2.6008361,39.9449497]]]},"properties":{"category":"building","name":"","building":"farm_auxiliary","height":6.0,"height_estimated":true}},{"type":"Feature","id":"way/738967511","geometry":{"type":"Polygon","coordinates":[[[-2.6006566,39.9449607],[-2.6005991,39.9449642],[-2.6005961,39.9449469],[-2.6005859,39.944887],[-2.6006438,39.9448829],[-2.6006566,39.9449607]]]},"properties":{"category":"building","name":"","building":"farm_auxiliary","height":6.0,"height_estimated":true}},{"type":"Feature","id":"way/738967512","geometry":{"type":"Polygon","coordinates":[[[-2.6005859,39.944887],[-2.6005961,39.9449469],[-2.6005441,39.9449501],[-2.6005441,39.9449359],[-2.6004861,39.944937],[-2.6004891,39.9449725],[-2.6004496,39.9449732],[-2.600438,39.944899],[-2.6005859,39.944887]]]},"properties":{"category":"building","name":"","building":"farm_auxiliary","height":6.0,"height_estimated":true}},{"type":"Feature","id":"way/738967515","geometry":{"type":"Polygon","coordinates":[[[-2.6010383,39.9445247],[-2.6010646,39.9447616],[-2.6010169,39.9447982],[-2.6008976,39.944802],[-2.6008724,39.9445353],[-2.6010383,39.9445247]]]},"properties":{"category":"building","name":"","building":"farm_auxiliary","height":6.0,"height_estimated":true}},{"type":"Feature","id":"way/738969573","geometry":{"type":"Polygon","coordinates":[[[-2.6000266,39.9455401],[-2.6000854,39.9455352],[-2.6000846,39.9455297],[-2.6001563,39.9455234],[-2.6001467,39.9454618],[-2.6001241,39.9454637],[-2.6000765,39.9454676],[-2.6000693,39.9454287],[-2.6000117,39.9454327],[-2.6000266,39.9455401]]]},"properties":{"category":"building","name":"","building":"house","building_levels":"2","height":6.0,"height_estimated":false}},{"type":"Feature","id":"way/738969574","geometry":{"type":"Polygon","coordinates":[[[-2.6000266,39.9455401],[-2.6000298,39.9455568],[-2.6000878,39.9455522],[-2.6000854,39.9455352],[-2.6000266,39.9455401]]]},"properties":{"category":"building","name":"","building":"yes","building_levels":"1","height":3.0,"height_estimated":false}},{"type":"Feature","id":"way/738969575","geometry":{"type":"Polygon","coordinates":[[[-2.6000878,39.9455522],[-2.6001598,39.9455457],[-2.6001563,39.9455234],[-2.6000846,39.9455297],[-2.6000854,39.9455352],[-2.6000878,39.9455522]]]},"properties":{"category":"building","name":"","building":"yes","height":2.5,"height_estimated":false}},{"type":"Feature","id":"way/738969576","geometry":{"type":"Polygon","coordinates":[[[-2.6000693,39.9454287],[-2.6001184,39.9454235],[-2.6001241,39.9454637],[-2.6000765,39.9454676],[-2.6000693,39.9454287]]]},"properties":{"category":"building","name":"","building":"house","building_levels":"2","height":6.0,"height_estimated":false}},{"type":"Feature","id":"way/738969577","geometry":{"type":"Polygon","coordinates":[[[-2.6001467,39.9454618],[-2.6001404,39.9454214],[-2.6001184,39.9454235],[-2.6001241,39.9454637],[-2.6001467,39.9454618]]]},"properties":{"category":"building","name":"","building":"yes","building_levels":"1","height":3.0,"height_estimated":false}},{"type":"Feature","id":"way/738969578","geometry":{"type":"Polygon","coordinates":[[[-2.6001404,39.9454214],[-2.600138,39.9454059],[-2.6000093,39.9454179],[-2.6000117,39.9454327],[-2.6001404,39.9454214]]]},"properties":{"category":"building","name":"","building":"yes","height":2.5,"height_estimated":false}},{"type":"Feature","id":"way/738969579","geometry":{"type":"Polygon","coordinates":[[[-2.5999819,39.9454676],[-2.5999755,39.9454352],[-2.5999928,39.9454334],[-2.5999996,39.9454661],[-2.5999819,39.9454676]]]},"properties":{"category":"building","name":"","building":"yes","height":6.0,"height_estimated":true}},{"type":"Feature","id":"way/738969580","geometry":{"type":"Polygon","coordinates":[[[-2.5999819,39.9454676],[-2.5999638,39.9454701],[-2.5999573,39.9454371],[-2.5999755,39.9454352],[-2.5999819,39.9454676]]]},"properties":{"category":"building","name":"","building":"yes","height":6.0,"height_estimated":true}},{"type":"Feature","id":"way/738969581","geometry":{"type":"Polygon","coordinates":[[[-2.5998386,39.945561],[-2.5999098,39.9455516],[-2.599911,39.9455568],[-2.5999682,39.945551],[-2.5999465,39.9454432],[-2.5998897,39.9454506],[-2.599897,39.9454905],[-2.5998506,39.9454955],[-2.5998257,39.9454981],[-2.5998386,39.945561]]]},"properties":{"category":"building","name":"","building":"house","building_levels":"2","height":6.0,"height_estimated":false}},{"type":"Feature","id":"way/738969582","geometry":{"type":"Polygon","coordinates":[[[-2.599911,39.9455568],[-2.5999147,39.9455744],[-2.5999714,39.9455686],[-2.5999682,39.945551],[-2.599911,39.9455568]]]},"properties":{"category":"building","name":"","building":"yes","building_levels":"1","height":3.0,"height_estimated":false}},{"type":"Feature","id":"way/738969583","geometry":{"type":"Polygon","coordinates":[[[-2.599911,39.9455568],[-2.5999098,39.9455516],[-2.5998386,39.945561],[-2.5998432,39.9455831],[-2.5999147,39.9455744],[-2.599911,39.9455568]]]},"properties":{"category":"building","name":"","building":"yes","height":2.5,"height_estimated":false}},{"type":"Feature","id":"way/738969584","geometry":{"type":"Polygon","coordinates":[[[-2.5998257,39.9454981],[-2.5998176,39.9454589],[-2.5998426,39.9454559],[-2.5998506,39.9454955],[-2.5998257,39.9454981]]]},"properties":{"category":"building","name":"","building":"yes","building_levels":"1","height":3.0,"height_estimated":false}},{"type":"Feature","id":"way/738969585","geometry":{"type":"Polygon","coordinates":[[[-2.599897,39.9454905],[-2.5998506,39.9454955],[-2.5998426,39.9454559],[-2.5998897,39.9454506],[-2.599897,39.9454905]]]},"properties":{"category":"building","name":"","building":"house","building_levels":"2","height":6.0,"height_estimated":false}},{"type":"Feature","id":"way/738969586","geometry":{"type":"Polygon","coordinates":[[[-2.5999465,39.9454432],[-2.5999441,39.9454281],[-2.5998143,39.9454425],[-2.5998176,39.9454589],[-2.5998426,39.9454559],[-2.5999465,39.9454432]]]},"properties":{"category":"building","name":"","building":"yes","height":2.5,"height_estimated":false}},{"type":"Feature","id":"way/738969587","geometry":{"type":"Polygon","coordinates":[[[-2.5999614,39.9453571],[-2.5998684,39.9453661],[-2.5998596,39.9453179],[-2.5999533,39.9453079],[-2.5999614,39.9453571]]]},"properties":{"category":"building","name":"","building":"yes","building_levels":"2","height":6.0,"height_estimated":false}},{"type":"Feature","id":"way/738969588","geometry":{"type":"Polygon","coordinates":[[[-2.5999614,39.9453571],[-2.5999871,39.9453534],[-2.5999779,39.9453052],[-2.5999533,39.9453079],[-2.5999614,39.9453571]]]},"properties":{"category":"building","name":"","building":"yes","height":2.5,"height_estimated":false}},{"type":"Feature","id":"way/738969589","geometry":{"type":"Polygon","coordinates":[[[-2.5999871,39.9453534],[-2.5999896,39.9453685],[-2.6000991,39.9453587],[-2.6000958,39.9453424],[-2.6000862,39.9452936],[-2.5999779,39.9453052],[-2.5999871,39.9453534]]]},"properties":{"category":"building","name":"","building":"house","building_levels":"1","height":3.0,"height_estimated":false}},{"type":"Feature","id":"way/738969590","geometry":{"type":"Polygon","coordinates":[[[-2.6000958,39.9453424],[-2.6001276,39.9453394],[-2.6001199,39.94529],[-2.6000862,39.9452936],[-2.6000958,39.9453424]]]},"properties":{"category":"building","name":"","building":"yes","height":2.5,"height_estimated":false}},{"type":"Feature","id":"way/738969591","geometry":{"type":"Polygon","coordinates":[[[-2.5997423,39.9451458],[-2.5998808,39.9451346],[-2.5998909,39.9451927],[-2.599898,39.9452336],[-2.5997578,39.9452463],[-2.5997423,39.9451458]]]},"properties":{"category":"building","name":"","building":"house","building_levels":"2","height":6.0,"height_estimated":false}},{"type":"Feature","id":"way/738969592","geometry":{"type":"Polygon","coordinates":[[[-2.5997202,39.9450022],[-2.5998076,39.944994],[-2.5998012,39.9449503],[-2.5997132,39.944958],[-2.5997202,39.9450022]]]},"properties":{"category":"building","name":"","building":"yes","building_levels":"1","height":3.0,"height_estimated":false}},{"type":"Feature","id":"way/738969593","geometry":{"type":"Polygon","coordinates":[[[-2.5999527,39.9449373],[-2.5999598,39.944995],[-2.6000447,39.9449886],[-2.6000382,39.944931],[-2.5999527,39.9449373]]]},"properties":{"category":"building","name":"","building":"yes","building_levels":"1","height":3.0,"height_estimated":false}},{"type":"Feature","id":"way/738969594","geometry":{"type":"Polygon","coordinates":[[[-2.5997845,39.9450903],[-2.5997483,39.9450928],[-2.5997399,39.9450184],[-2.5997765,39.9450163],[-2.5997845,39.9450903]]]},"properties":{"category":"landuse","name":"","leisure":"swimming_pool"}},{"type":"Feature","id":"way/738969595","geometry":{"type":"Polygon","coordinates":[[[-2.5998909,39.9451927],[-2.5999943,39.9451829],[-2.5999846,39.9451212],[-2.6000148,39.9451187],[-2.6000096,39.9450854],[-2.5998767,39.9450971],[-2.5998808,39.9451346],[-2.5998909,39.9451927]]]},"properties":{"category":"building","name":"","building":"house","building_levels":"2","height":6.0,"height_estimated":false}},{"type":"Feature","id":"way/738969596","geometry":{"type":"Polygon","coordinates":[[[-2.5999943,39.9451829],[-2.6000124,39.9451817],[-2.6000193,39.9451789],[-2.6000225,39.9451752],[-2.6000229,39.9451706],[-2.6000148,39.9451187],[-2.5999846,39.9451212],[-2.5999943,39.9451829]]]},"properties":{"category":"building","name":"","building":"house","building_levels":"1","height":3.0,"height_estimated":false}},{"type":"Feature","id":"way/738969604","geometry":{"type":"LineString","coordinates":[[-2.6019701,39.9457807],[-2.6023429,39.9457284],[-2.602603,39.9456852],[-2.6026728,39.9456667],[-2.6027747,39.9455556],[-2.6028739,39.9454055]]},"properties":{"category":"road","name":"","highway":"path","surface":"unpaved"}},{"type":"Feature","id":"way/738969605","geometry":{"type":"Polygon","coordinates":[[[-2.6008542,39.9459607],[-2.6007013,39.9457345],[-2.6006504,39.9456338],[-2.6009877,39.9455919],[-2.602257,39.9454343],[-2.6022892,39.9454467],[-2.6027532,39.945385],[-2.6028096,39.9454179],[-2.6027693,39.9454898],[-2.6026996,39.9455803],[-2.6026674,39.9456194],[-2.6026325,39.9456379],[-2.6023134,39.9456975],[-2.6019673,39.9457448],[-2.6016348,39.9457962],[-2.6014121,39.9458291],[-2.6012002,39.9458723],[-2.6012056,39.945897],[-2.6010739,39.9459209],[-2.6008542,39.9459607]]]},"properties":{"category":"landuse","name":"","landuse":"residential"}},{"type":"Feature","id":"way/738969606","geometry":{"type":"Polygon","coordinates":[[[-2.6014693,39.9467799],[-2.6013004,39.9465449],[-2.6011884,39.9463873],[-2.6010618,39.94621],[-2.601199,39.946185],[-2.6012661,39.9461727],[-2.6014785,39.946134],[-2.601517,39.9461269],[-2.6015133,39.9461607],[-2.6015794,39.9462944],[-2.6016308,39.9464042],[-2.6018089,39.9466265],[-2.6017171,39.9466659],[-2.6015923,39.946725],[-2.6014693,39.9467799]]]},"properties":{"category":"landuse","name":"","landuse":"farmyard"}},{"type":"Feature","id":"way/738969607","geometry":{"type":"Polygon","coordinates":[[[-2.6010618,39.94621],[-2.6009241,39.9460059],[-2.6011811,39.9459581],[-2.6014105,39.9459116],[-2.6018107,39.9458483],[-2.6019777,39.9458188],[-2.6019998,39.9458553],[-2.6020141,39.945853],[-2.6020255,39.9458511],[-2.602086,39.94602],[-2.6020725,39.9460225],[-2.6018896,39.9460566],[-2.6017153,39.9460895],[-2.6015587,39.946119],[-2.601517,39.9461269],[-2.6014785,39.946134],[-2.6012661,39.9461727],[-2.601199,39.946185],[-2.6010618,39.94621]]]},"properties":{"category":"landuse","name":"","landuse":"residential"}},{"type":"Feature","id":"way/738969608","geometry":{"type":"Polygon","coordinates":[[[-2.6015794,39.9462944],[-2.6020526,39.9461774],[-2.6024594,39.9460768],[-2.6025481,39.9459492],[-2.6022397,39.9459918],[-2.602086,39.94602],[-2.6020725,39.9460225],[-2.6018896,39.9460566],[-2.6017153,39.9460895],[-2.6015587,39.946119],[-2.601517,39.9461269],[-2.6015133,39.9461607],[-2.6015794,39.9462944]]]},"properties":{"category":"landuse","name":"","landuse":"farmland"}},{"type":"Feature","id":"way/738969609","geometry":{"type":"Polygon","coordinates":[[[-2.6025481,39.9459492],[-2.6026391,39.9458063],[-2.6027256,39.945689],[-2.6023618,39.9457417],[-2.6020356,39.9457876],[-2.601989,39.9457995],[-2.6019777,39.9458188],[-2.6019998,39.9458553],[-2.6020141,39.945853],[-2.6020255,39.9458511],[-2.602086,39.94602],[-2.6025481,39.9459492]]]},"properties":{"category":"landuse","name":"","landuse":"farmland"}},{"type":"Feature","id":"way/738969610","geometry":{"type":"Polygon","coordinates":[[[-2.6018089,39.9466265],[-2.6016308,39.9464042],[-2.6015794,39.9462944],[-2.6020526,39.9461774],[-2.6019979,39.9463422],[-2.6019557,39.9464357],[-2.6019291,39.9464919],[-2.6018758,39.9465582],[-2.6018089,39.9466265]]]},"properties":{"category":"landuse","name":"","landuse":"farmland"}},{"type":"Feature","id":"way/739030236","geometry":{"type":"Polygon","coordinates":[[[-2.5967017,39.9437635],[-2.5966514,39.9437869],[-2.5966069,39.9437126],[-2.5965682,39.9436481],[-2.596612,39.9436195],[-2.5967017,39.9437635]]]},"properties":{"category":"building","name":"","building":"house","building_levels":"2","height":6.0,"height_estimated":false}},{"type":"Feature","id":"way/739030237","geometry":{"type":"Polygon","coordinates":[[[-2.5966069,39.9437126],[-2.5965706,39.9437319],[-2.5965233,39.9436774],[-2.5965682,39.9436481],[-2.5966069,39.9437126]]]},"properties":{"category":"building","name":"","building":"house","building_levels":"2","height":6.0,"height_estimated":false}},{"type":"Feature","id":"way/739030238","geometry":{"type":"Polygon","coordinates":[[[-2.5965233,39.9436774],[-2.5964854,39.9436998],[-2.5965469,39.9437626],[-2.5965579,39.9437732],[-2.596592,39.9437576],[-2.5965706,39.9437319],[-2.5965233,39.9436774]]]},"properties":{"category":"building","name":"","building":"house","building_levels":"2","height":6.0,"height_estimated":false}},{"type":"Feature","id":"way/739030239","geometry":{"type":"Polygon","coordinates":[[[-2.5965579,39.9437732],[-2.5965459,39.9437885],[-2.5965983,39.9438177],[-2.5965436,39.9438499],[-2.5965169,39.9438278],[-2.5964893,39.943805],[-2.5965469,39.9437626],[-2.5965579,39.9437732]]]},"properties":{"category":"building","name":"","building":"house","building_levels":"1","height":3.0,"height_estimated":false}},{"type":"Feature","id":"way/739030240","geometry":{"type":"Polygon","coordinates":[[[-2.5965169,39.9438278],[-2.596497,39.9438387],[-2.5964723,39.9438183],[-2.5964893,39.943805],[-2.5965169,39.9438278]]]},"properties":{"category":"building","name":"","building":"house","building_levels":"2","height":6.0,"height_estimated":false}},{"type":"Feature","id":"way/739030241","geometry":{"type":"Polygon","coordinates":[[[-2.5964723,39.9438183],[-2.5964338,39.943847],[-2.5963852,39.9438092],[-2.5964223,39.9437764],[-2.5964723,39.9438183]]]},"properties":{"category":"building","name":"","building":"house","building_levels":"1","height":3.0,"height_estimated":false}},{"type":"Feature","id":"way/739030242","geometry":{"type":"Polygon","coordinates":[[[-2.5963852,39.9438092],[-2.5963588,39.9437906],[-2.5964019,39.9437599],[-2.5964223,39.9437764],[-2.5963852,39.9438092]]]},"properties":{"category":"building","name":"","building":"house","building_levels":"3","height":9.0,"height_estimated":false}},{"type":"Feature","id":"way/739030243","geometry":{"type":"Polygon","coordinates":[[[-2.5964723,39.9438183],[-2.5964893,39.943805],[-2.5965469,39.9437626],[-2.5964854,39.9436998],[-2.5964225,39.9437458],[-2.5964019,39.9437599],[-2.5964223,39.9437764],[-2.5964723,39.9438183]]]},"properties":{"category":"building","name":"","building":"house","building_levels":"3","height":9.0,"height_estimated":false}},{"type":"Feature","id":"way/739030244","geometry":{"type":"Polygon","coordinates":[[[-2.5962385,39.9440293],[-2.5962902,39.9439857],[-2.596269,39.9439707],[-2.5962582,39.943963],[-2.5962087,39.9440111],[-2.5962385,39.9440293]]]},"properties":{"category":"building","name":"","building":"house","building_levels":"2","height":6.0,"height_estimated":false}},{"type":"Feature","id":"way/739030245","geometry":{"type":"Polygon","coordinates":[[[-2.5962087,39.9440111],[-2.5961768,39.9439916],[-2.5962265,39.9439409],[-2.5962582,39.943963],[-2.5962087,39.9440111]]]},"properties":{"category":"building","name":"","building":"house","building_levels":"1","height":3.0,"height_estimated":false}},{"type":"Feature","id":"way/739030246","geometry":{"type":"Polygon","coordinates":[[[-2.596269,39.9439707],[-2.5962782,39.9439624],[-2.5962948,39.9439724],[-2.5963237,39.9439456],[-2.5963156,39.9439391],[-2.596346,39.9439099],[-2.5962917,39.9438743],[-2.5962265,39.9439409],[-2.596269,39.9439707]]]},"properties":{"category":"building","name":"","building":"house","building_levels":"3","height":9.0,"height_estimated":false}},{"type":"Feature","id":"way/739030247","geometry":{"type":"Polygon","coordinates":[[[-2.596346,39.9439099],[-2.5963664,39.9439228],[-2.5964188,39.9438786],[-2.5963566,39.9438373],[-2.5963387,39.9438264],[-2.5962917,39.9438743],[-2.596346,39.9439099]]]},"properties":{"category":"building","name":"","building":"house","building_levels":"2","height":6.0,"height_estimated":false}},{"type":"Feature","id":"way/739030248","geometry":{"type":"Polygon","coordinates":[[[-2.5964951,39.943953],[-2.5964608,39.9439302],[-2.5965028,39.9438868],[-2.596537,39.943919],[-2.5964951,39.943953]]]},"properties":{"category":"building","name":"","building":"house","building_levels":"2","height":6.0,"height_estimated":false}},{"type":"Feature","id":"way/739030249","geometry":{"type":"Polygon","coordinates":[[[-2.5962385,39.9440293],[-2.5963046,39.9440697],[-2.5963637,39.9440306],[-2.5962952,39.943981],[-2.5962902,39.9439857],[-2.5962385,39.9440293]]]},"properties":{"category":"building","name":"","building":"house","building_levels":"2","height":6.0,"height_estimated":false}},{"type":"Feature","id":"way/739030250","geometry":{"type":"Polygon","coordinates":[[[-2.5963046,39.9440697],[-2.5963803,39.9441158],[-2.5964242,39.9440776],[-2.5964146,39.9440669],[-2.5964646,39.9440235],[-2.5964458,39.9440099],[-2.596423,39.9439925],[-2.5963807,39.9440203],[-2.5963884,39.9440262],[-2.5963761,39.9440374],[-2.5963637,39.9440306],[-2.5963046,39.9440697]]]},"properties":{"category":"building","name":"","building":"house","building_levels":"2","height":6.0,"height_estimated":false}},{"type":"Feature","id":"way/739030251","geometry":{"type":"Polygon","coordinates":[[[-2.5963803,39.9441158],[-2.5964216,39.9441408],[-2.5964825,39.9440859],[-2.5965224,39.9441117],[-2.5965721,39.9440648],[-2.5965379,39.9440435],[-2.5964816,39.9440084],[-2.5964646,39.9440235],[-2.5964146,39.9440669],[-2.5964242,39.9440776],[-2.5963803,39.9441158]]]},"properties":{"category":"building","name":"","building":"house","building_levels":"2","height":6.0,"height_estimated":false}},{"type":"Feature","id":"way/739030252","geometry":{"type":"Polygon","coordinates":[[[-2.5964646,39.9440235],[-2.5964458,39.9440099],[-2.5965051,39.9439608],[-2.5965686,39.9440033],[-2.5965486,39.9440211],[-2.5965563,39.9440273],[-2.5965379,39.9440435],[-2.5964816,39.9440084],[-2.5964646,39.9440235]]]},"properties":{"category":"building","name":"","building":"house","building_levels":"1","height":3.0,"height_estimated":false}},{"type":"Feature","id":"way/739030253","geometry":{"type":"Polygon","coordinates":[[[-2.5965906,39.9440482],[-2.5965563,39.9440273],[-2.5965486,39.9440211],[-2.5965686,39.9440033],[-2.5966295,39.9439422],[-2.5966614,39.9439688],[-2.5967011,39.943998],[-2.5966668,39.9440261],[-2.5966376,39.9440054],[-2.5965906,39.9440482]]]},"properties":{"category":"building","name":"","building":"house","building_levels":"2","height":6.0,"height_estimated":false}},{"type":"Feature","id":"way/739030254","geometry":{"type":"Polygon","coordinates":[[[-2.5966614,39.9439688],[-2.596698,39.9439472],[-2.5966609,39.9439185],[-2.5966345,39.9439373],[-2.5966295,39.9439422],[-2.5966614,39.9439688]]]},"properties":{"category":"building","name":"","building":"house","building_levels":"2","height":6.0,"height_estimated":false}},{"type":"Feature","id":"way/739030255","geometry":{"type":"Polygon","coordinates":[[[-2.5967011,39.943998],[-2.5968105,39.9439534],[-2.5967779,39.9438986],[-2.596698,39.9439472],[-2.5966614,39.9439688],[-2.5967011,39.943998]]]},"properties":{"category":"building","name":"","building":"house","building_levels":"1","height":3.0,"height_estimated":false}},{"type":"Feature","id":"way/739030256","geometry":{"type":"Polygon","coordinates":[[[-2.596698,39.9439472],[-2.5966609,39.9439185],[-2.5967507,39.9438551],[-2.5967779,39.9438986],[-2.596698,39.9439472]]]},"properties":{"category":"building","name":"","building":"house","building_levels":"2","height":6.0,"height_estimated":false}},{"type":"Feature","id":"way/739030257","geometry":{"type":"Polygon","coordinates":[[[-2.5966568,39.9441746],[-2.5966276,39.9441575],[-2.5966537,39.9441339],[-2.5966834,39.9441536],[-2.5966807,39.9441557],[-2.5966568,39.9441746]]]},"properties":{"category":"building","name":"","building":"house","building_levels":"1","height":3.0,"height_estimated":false}},{"type":"Feature","id":"way/739030258","geometry":{"type":"Polygon","coordinates":[[[-2.5966807,39.9441557],[-2.596708,39.9441758],[-2.5967435,39.9441557],[-2.596715,39.9441277],[-2.5966807,39.9441557]]]},"properties":{"category":"building","name":"","building":"house","building_levels":"1","height":3.0,"height_estimated":false}},{"type":"Feature","id":"way/739030259","geometry":{"type":"Polygon","coordinates":[[[-2.596715,39.9441277],[-2.596715,39.9441223],[-2.5967566,39.9441031],[-2.5967788,39.9441402],[-2.5967435,39.9441557],[-2.596715,39.9441277]]]},"properties":{"category":"building","name":"","building":"house","building_levels":"2","height":6.0,"height_estimated":false}},{"type":"Feature","id":"way/739030260","geometry":{"type":"Polygon","coordinates":[[[-2.5967788,39.9441402],[-2.5967566,39.9441031],[-2.5968163,39.9440757],[-2.5968405,39.944112],[-2.5968124,39.9441259],[-2.5967788,39.9441402]]]},"properties":{"category":"building","name":"","building":"house","building_levels":"2","height":6.0,"height_estimated":false}},{"type":"Feature","id":"way/739030261","geometry":{"type":"Polygon","coordinates":[[[-2.5967566,39.9441031],[-2.5967381,39.9440704],[-2.5967951,39.9440435],[-2.5968163,39.9440757],[-2.5967566,39.9441031]]]},"properties":{"category":"building","name":"","building":"house","building_levels":"1","height":3.0,"height_estimated":false}},{"type":"Feature","id":"way/739030262","geometry":{"type":"Polygon","coordinates":[[[-2.5967138,39.9440813],[-2.5966641,39.9441055],[-2.5966195,39.9440674],[-2.5966568,39.9440335],[-2.5967138,39.9440813]]]},"properties":{"category":"building","name":"","building":"house","building_levels":"1","height":3.0,"height_estimated":false}},{"type":"Feature","id":"way/739030263","geometry":{"type":"Polygon","coordinates":[[[-2.5968899,39.9440906],[-2.5968405,39.944112],[-2.5968163,39.9440757],[-2.5967951,39.9440435],[-2.5968483,39.9440187],[-2.5968899,39.9440906]]]},"properties":{"category":"building","name":"","building":"house","building_levels":"2","height":6.0,"height_estimated":false}},{"type":"Feature","id":"way/739030264","geometry":{"type":"Polygon","coordinates":[[[-2.5966686,39.944288],[-2.5967415,39.9442435],[-2.5967235,39.9442243],[-2.5967537,39.9442093],[-2.596708,39.9441758],[-2.5966807,39.9441557],[-2.5966568,39.9441746],[-2.5965776,39.944236],[-2.5966686,39.944288]]]},"properties":{"category":"building","name":"","building":"house","building_levels":"2","height":6.0,"height_estimated":false}},{"type":"Feature","id":"way/739030265","geometry":{"type":"Polygon","coordinates":[[[-2.5965776,39.944236],[-2.5965297,39.9442059],[-2.5966014,39.9441415],[-2.5966276,39.9441575],[-2.5966568,39.9441746],[-2.5965776,39.944236]]]},"properties":{"category":"building","name":"","building":"house","building_levels":"2","height":6.0,"height_estimated":false}},{"type":"Feature","id":"way/739030266","geometry":{"type":"Polygon","coordinates":[[[-2.5965297,39.9442059],[-2.596475,39.944173],[-2.5965337,39.9441202],[-2.5965462,39.9441088],[-2.5965678,39.9441218],[-2.5966014,39.9441415],[-2.5965297,39.9442059]]]},"properties":{"category":"building","name":"","building":"house","building_levels":"3","height":9.0,"height_estimated":false}},{"type":"Feature","id":"way/739030267","geometry":{"type":"Polygon","coordinates":[[[-2.596475,39.944173],[-2.5964216,39.9441408],[-2.5964825,39.9440859],[-2.5965224,39.9441117],[-2.5965337,39.9441202],[-2.596475,39.944173]]]},"properties":{"category":"building","name":"","building":"house","building_levels":"1","height":3.0,"height_estimated":false}},{"type":"Feature","id":"way/739030268","geometry":{"type":"Polygon","coordinates":[[[-2.5972327,39.9446542],[-2.5972004,39.9446317],[-2.597231,39.944614],[-2.5972492,39.9446064],[-2.5972673,39.9446381],[-2.5972327,39.9446542]]]},"properties":{"category":"building","name":"","building":"house","building_levels":"2","height":6.0,"height_estimated":false}},{"type":"Feature","id":"way/739030269","geometry":{"type":"Polygon","coordinates":[[[-2.5972004,39.9446317],[-2.5970917,39.9445558],[-2.5971303,39.9445224],[-2.5971408,39.9445144],[-2.597231,39.944614],[-2.5972004,39.9446317]]]},"properties":{"category":"building","name":"","building":"house","building_levels":"3","height":9.0,"height_estimated":false}},{"type":"Feature","id":"way/739030270","geometry":{"type":"Polygon","coordinates":[[[-2.597231,39.944614],[-2.5972492,39.9446064],[-2.5971828,39.9444899],[-2.5971542,39.9445066],[-2.5971408,39.9445144],[-2.597231,39.944614]]]},"properties":{"category":"building","name":"","building":"house","building_levels":"3","height":9.0,"height_estimated":false}},{"type":"Feature","id":"way/739030271","geometry":{"type":"Polygon","coordinates":[[[-2.5970917,39.9445558],[-2.5970011,39.9444931],[-2.5970415,39.9444587],[-2.5971035,39.9445024],[-2.5971303,39.9445224],[-2.5970917,39.9445558]]]},"properties":{"category":"building","name":"","building":"house","building_levels":"3","height":9.0,"height_estimated":false}},{"type":"Feature","id":"way/739030272","geometry":{"type":"Polygon","coordinates":[[[-2.5971828,39.9444899],[-2.5971542,39.9445066],[-2.5971286,39.9444826],[-2.5971599,39.9444525],[-2.5971828,39.9444899]]]},"properties":{"category":"building","name":"","building":"house","building_levels":"3","height":9.0,"height_estimated":false}},{"type":"Feature","id":"way/739030273","geometry":{"type":"Polygon","coordinates":[[[-2.5971286,39.9444826],[-2.5971222,39.9444869],[-2.5970743,39.9444461],[-2.5970415,39.9444587],[-2.5970011,39.9444931],[-2.5969698,39.9444739],[-2.5970059,39.9444322],[-2.5970123,39.9444286],[-2.597025,39.9444404],[-2.5970485,39.9444252],[-2.5970381,39.9444149],[-2.5971103,39.9443756],[-2.5971599,39.9444525],[-2.5971286,39.9444826]]]},"properties":{"category":"building","name":"","building":"house","building_levels":"2","height":6.0,"height_estimated":false}},{"type":"Feature","id":"way/739030274","geometry":{"type":"Polygon","coordinates":[[[-2.5969698,39.9444739],[-2.5969401,39.9444543],[-2.5969824,39.9444142],[-2.5970059,39.9444322],[-2.5969698,39.9444739]]]},"properties":{"category":"building","name":"","building":"house","building_levels":"1","height":3.0,"height_estimated":false}},{"type":"Feature","id":"way/739030275","geometry":{"type":"Polygon","coordinates":[[[-2.5969401,39.9444543],[-2.5968839,39.9444183],[-2.5968754,39.9444129],[-2.5969512,39.9443499],[-2.5969884,39.9443774],[-2.596963,39.9444013],[-2.5969824,39.9444142],[-2.5969401,39.9444543]]]},"properties":{"category":"building","name":"","building":"house","building_levels":"2","height":6.0,"height_estimated":false}},{"type":"Feature","id":"way/739030276","geometry":{"type":"Polygon","coordinates":[[[-2.5970381,39.9444149],[-2.5969958,39.9443831],[-2.5970334,39.9443558],[-2.5969881,39.9443214],[-2.5970412,39.9442817],[-2.5971103,39.9443756],[-2.5970381,39.9444149]]]},"properties":{"category":"building","name":"","building":"house","building_levels":"1","height":3.0,"height_estimated":false}},{"type":"Feature","id":"way/739030277","geometry":{"type":"Polygon","coordinates":[[[-2.5969881,39.9443214],[-2.5969413,39.9442668],[-2.5969315,39.9442553],[-2.5969935,39.9442269],[-2.5970412,39.9442817],[-2.5969881,39.9443214]]]},"properties":{"category":"building","name":"","building":"house","building_levels":"1","height":3.0,"height_estimated":false}},{"type":"Feature","id":"way/739030278","geometry":{"type":"Polygon","coordinates":[[[-2.5968754,39.9444129],[-2.596805,39.9443682],[-2.5968721,39.9443054],[-2.5968832,39.9443088],[-2.5969069,39.9442916],[-2.5969413,39.9442668],[-2.5969881,39.9443214],[-2.5969512,39.9443499],[-2.5968754,39.9444129]]]},"properties":{"category":"building","name":"","building":"house","building_levels":"1","height":3.0,"height_estimated":false}},{"type":"Feature","id":"way/739030279","geometry":{"type":"Polygon","coordinates":[[[-2.596805,39.9443682],[-2.5967389,39.9443294],[-2.5967638,39.9442929],[-2.5967846,39.9443054],[-2.5968121,39.9442785],[-2.5968456,39.9442913],[-2.5968549,39.9442833],[-2.5968822,39.9442597],[-2.5968883,39.9442675],[-2.5969069,39.9442916],[-2.5968832,39.9443088],[-2.5968721,39.9443054],[-2.596805,39.9443682]]]},"properties":{"category":"building","name":"","building":"house","building_levels":"1","height":3.0,"height_estimated":false}},{"type":"Feature","id":"way/739030280","geometry":{"type":"Polygon","coordinates":[[[-2.5967389,39.9443294],[-2.5966686,39.944288],[-2.5967415,39.9442435],[-2.5967588,39.9442353],[-2.5967863,39.9442648],[-2.5967514,39.9442839],[-2.5967638,39.9442929],[-2.5967389,39.9443294]]]},"properties":{"category":"building","name":"","building":"house","building_levels":"1","height":3.0,"height_estimated":false}},{"type":"Feature","id":"way/739030281","geometry":{"type":"Polygon","coordinates":[[[-2.5968549,39.9442833],[-2.596803,39.9442566],[-2.5967863,39.9442648],[-2.5967514,39.9442839],[-2.5967638,39.9442929],[-2.5967846,39.9443054],[-2.5968121,39.9442785],[-2.5968456,39.9442913],[-2.5968549,39.9442833]]]},"properties":{"category":"building","name":"","building":"house","building_levels":"1","height":3.0,"height_estimated":false}},{"type":"Feature","id":"way/739030282","geometry":{"type":"Polygon","coordinates":[[[-2.5969315,39.9442553],[-2.5968883,39.9442675],[-2.5968822,39.9442597],[-2.596861,39.9442263],[-2.5969517,39.9441788],[-2.5969935,39.9442269],[-2.5969315,39.9442553]]]},"properties":{"category":"building","name":"","building":"house","building_levels":"2","height":6.0,"height_estimated":false}},{"type":"Feature","id":"way/739030283","geometry":{"type":"Polygon","coordinates":[[[-2.5968483,39.9442327],[-2.5968094,39.9441823],[-2.5968426,39.9441659],[-2.5969149,39.9441304],[-2.5969517,39.9441788],[-2.596861,39.9442263],[-2.5968483,39.9442327]]]},"properties":{"category":"building","name":"","building":"house","building_levels":"2","height":6.0,"height_estimated":false}},{"type":"Feature","id":"way/739030284","geometry":{"type":"Polygon","coordinates":[[[-2.5968426,39.9441659],[-2.5968124,39.9441259],[-2.5968405,39.944112],[-2.5968899,39.9440906],[-2.5969149,39.9441304],[-2.5968426,39.9441659]]]},"properties":{"category":"building","name":"","building":"house","building_levels":"1","height":3.0,"height_estimated":false}},{"type":"Feature","id":"way/739030285","geometry":{"type":"LineString","coordinates":[[-2.596784,39.9438184],[-2.59663,39.9439113]]},"properties":{"category":"road","name":"","highway":"service","surface":"asphalt"}},{"type":"Feature","id":"way/739030289","geometry":{"type":"LineString","coordinates":[[-2.5961095,39.9440112],[-2.5963457,39.9437755],[-2.5964418,39.9436966],[-2.5965947,39.9435972],[-2.596666,39.9435701]]},"properties":{"category":"road","name":"Calle de Cristóbal","highway":"residential"}},{"type":"Feature","id":"way/739030290","geometry":{"type":"LineString","coordinates":[[-2.597091,39.9436192],[-2.5967269,39.9437212]]},"properties":{"category":"road","name":"","highway":"residential"}},{"type":"Feature","id":"way/739030291","geometry":{"type":"Polygon","coordinates":[[[-2.5961172,39.9439644],[-2.5960726,39.9439367],[-2.596034,39.9439132],[-2.5960782,39.9438696],[-2.5961026,39.9438454],[-2.5961221,39.9438261],[-2.5961273,39.943821],[-2.5960955,39.9438041],[-2.5960626,39.9438382],[-2.5960058,39.9439014],[-2.5959449,39.9438653],[-2.5959193,39.9438502],[-2.5957905,39.9437739],[-2.5957474,39.9437483],[-2.5957019,39.9437213],[-2.5956275,39.9436792],[-2.5955181,39.943614],[-2.5953949,39.9435328],[-2.5952832,39.9434554],[-2.5951692,39.9433744],[-2.5952084,39.9433497],[-2.5952656,39.9433137],[-2.5953352,39.9432698],[-2.595391,39.9433155],[-2.595427,39.9433449],[-2.595503,39.9434065],[-2.5955338,39.9434316],[-2.5956373,39.9435157],[-2.5956898,39.9434731],[-2.5953377,39.9431986],[-2.5951347,39.9433209],[-2.5950984,39.9433083],[-2.5948657,39.9430199],[-2.594666,39.9427887],[-2.5949114,39.9426798],[-2.5953803,39.9431706],[-2.5955036,39.9430948],[-2.5955232,39.9431122],[-2.5958142,39.9433712],[-2.5959306,39.9432783],[-2.5961664,39.94309],[-2.5960074,39.9429104],[-2.5961437,39.9428674],[-2.5963114,39.9431177],[-2.5964598,39.9430724],[-2.5965329,39.9432645],[-2.5961867,39.943424],[-2.5958919,39.9435657],[-2.5959125,39.9435807],[-2.5959318,39.9435905],[-2.5960434,39.9435562],[-2.5960461,39.9435554],[-2.596131,39.9435177],[-2.5961743,39.9435526],[-2.5962115,39.9435203],[-2.5962393,39.9434961],[-2.5963774,39.9434151],[-2.5964987,39.9433598],[-2.5965257,39.9433659],[-2.5965812,39.9433786],[-2.596612,39.9434451],[-2.5966473,39.9435277],[-2.5965739,39.9435772],[-2.5965286,39.9436077],[-2.5964493,39.9436601],[-2.5963966,39.9437041],[-2.5963653,39.9437333],[-2.5963196,39.9437758],[-2.5962552,39.9438347],[-2.5962113,39.9438758],[-2.5961602,39.9439234],[-2.5961172,39.9439644]]]},"properties":{"category":"landuse","name":"","landuse":"residential"}},{"type":"Feature","id":"way/739030292","geometry":{"type":"Polygon","coordinates":[[[-2.5964608,39.9430172],[-2.5963867,39.942785],[-2.5962139,39.9428391],[-2.5963505,39.9430521],[-2.5964608,39.9430172]]]},"properties":{"category":"landuse","name":"","landuse":"residential"}},{"type":"Feature","id":"way/739030293","geometry":{"type":"LineString","coordinates":[[-2.5959295,39.9435721],[-2.5962369,39.9434446],[-2.5965919,39.9432874]]},"properties":{"category":"road","name":"","highway":"service","surface":"unpaved"}},{"type":"Feature","id":"way/739041100","geometry":{"type":"Polygon","coordinates":[[[-2.5961602,39.9439234],[-2.5961185,39.9438969],[-2.5960726,39.9439367],[-2.5961172,39.9439644],[-2.5961602,39.9439234]]]},"properties":{"category":"building","name":"","building":"house","building_levels":"2","height":6.0,"height_estimated":false}},{"type":"Feature","id":"way/739041101","geometry":{"type":"Polygon","coordinates":[[[-2.5960726,39.9439367],[-2.596034,39.9439132],[-2.5960782,39.9438696],[-2.5961202,39.9438946],[-2.5961185,39.9438969],[-2.5960726,39.9439367]]]},"properties":{"category":"building","name":"","building":"house","building_levels":"1","height":3.0,"height_estimated":false}},{"type":"Feature","id":"way/739041102","geometry":{"type":"Polygon","coordinates":[[[-2.5961602,39.9439234],[-2.5962113,39.9438758],[-2.5961683,39.9438517],[-2.5961457,39.9438721],[-2.5961202,39.9438946],[-2.5961185,39.9438969],[-2.5961602,39.9439234]]]},"properties":{"category":"building","name":"","building":"house","building_levels":"2","height":6.0,"height_estimated":false}},{"type":"Feature","id":"way/739041103","geometry":{"type":"Polygon","coordinates":[[[-2.5961457,39.9438721],[-2.5961026,39.9438454],[-2.5960782,39.9438696],[-2.5961202,39.9438946],[-2.5961457,39.9438721]]]},"properties":{"category":"building","name":"","building":"house","building_levels":"1","height":3.0,"height_estimated":false}},{"type":"Feature","id":"way/739041104","geometry":{"type":"Polygon","coordinates":[[[-2.5962113,39.9438758],[-2.5962552,39.9438347],[-2.5961773,39.9437856],[-2.5961327,39.9438328],[-2.5961683,39.9438517],[-2.5962113,39.9438758]]]},"properties":{"category":"building","name":"","building":"house","building_levels":"1","height":3.0,"height_estimated":false}},{"type":"Feature","id":"way/739041105","geometry":{"type":"Polygon","coordinates":[[[-2.5960058,39.9439014],[-2.5959449,39.9438653],[-2.5959858,39.9438264],[-2.5959605,39.9438106],[-2.5959558,39.9438068],[-2.5959751,39.9437876],[-2.5960006,39.9438023],[-2.5960626,39.9438382],[-2.5960058,39.9439014]]]},"properties":{"category":"building","name":"","building":"house","building_levels":"2","height":6.0,"height_estimated":false}},{"type":"Feature","id":"way/739041106","geometry":{"type":"Polygon","coordinates":[[[-2.5959751,39.9437876],[-2.5959465,39.9437702],[-2.5959525,39.9437634],[-2.5959728,39.9437406],[-2.5959805,39.9437332],[-2.5960148,39.9437542],[-2.5960364,39.9437677],[-2.5960006,39.9438023],[-2.5959751,39.9437876]]]},"properties":{"category":"building","name":"","building":"yes","building_levels":"1","height":3.0,"height_estimated":false}},{"type":"Feature","id":"way/739041107","geometry":{"type":"Polygon","coordinates":[[[-2.5961327,39.9438328],[-2.5961221,39.9438261],[-2.5961273,39.943821],[-2.5960955,39.9438041],[-2.5961373,39.9437603],[-2.5961773,39.9437856],[-2.5961327,39.9438328]]]},"properties":{"category":"building","name":"","building":"house","building_levels":"1","height":3.0,"height_estimated":false}},{"type":"Feature","id":"way/739041108","geometry":{"type":"Polygon","coordinates":[[[-2.5960955,39.9438041],[-2.5960364,39.9437677],[-2.5960148,39.9437542],[-2.5960521,39.9437125],[-2.5960751,39.9437256],[-2.596131,39.943757],[-2.5961373,39.9437603],[-2.5960955,39.9438041]]]},"properties":{"category":"building","name":"","building":"house","building_levels":"2","height":6.0,"height_estimated":false}},{"type":"Feature","id":"way/739041109","geometry":{"type":"Polygon","coordinates":[[[-2.5959449,39.9438653],[-2.5959193,39.9438502],[-2.5959605,39.9438106],[-2.5959858,39.9438264],[-2.5959449,39.9438653]]]},"properties":{"category":"building","name":"","building":"house","building_levels":"1","height":3.0,"height_estimated":false}},{"type":"Feature","id":"way/739041775","geometry":{"type":"LineString","coordinates":[[-2.5962063,39.9420858],[-2.5961489,39.942067],[-2.5961122,39.9420487],[-2.5959984,39.941991],[-2.5959011,39.9419065],[-2.5958112,39.941801],[-2.5957635,39.941725],[-2.5957378,39.9416715]]},"properties":{"category":"road","name":"","highway":"track","surface":"unpaved"}},{"type":"Feature","id":"way/739041776","geometry":{"type":"Polygon","coordinates":[[[-2.5955597,39.9417222],[-2.5954936,39.9417503],[-2.595222,39.9414787],[-2.595512,39.9413295],[-2.595624,39.9414878],[-2.5956992,39.9415941],[-2.595635,39.9416251],[-2.5954936,39.9414323],[-2.5953523,39.9415041],[-2.5955192,39.9416796],[-2.5955597,39.9417222]]]},"properties":{"category":"building","name":"","building":"farm_auxiliary","building_levels":"1","height":3.0,"height_estimated":false}},{"type":"Feature","id":"way/739041777","geometry":{"type":"Polygon","coordinates":[[[-2.5956992,39.9415941],[-2.5957616,39.9415688],[-2.5956882,39.9414604],[-2.595624,39.9414878],[-2.5956992,39.9415941]]]},"properties":{"category":"building","name":"","building":"farm_auxiliary","building_levels":"1","height":3.0,"height_estimated":false}},{"type":"Feature","id":"way/739041779","geometry":{"type":"Polygon","coordinates":[[[-2.5960934,39.9421319],[-2.5958804,39.9422034],[-2.5957606,39.9420724],[-2.5956252,39.9419346],[-2.5954936,39.9417503],[-2.5955597,39.9417222],[-2.5955192,39.9416796],[-2.5953523,39.9415041],[-2.5954936,39.9414323],[-2.595635,39.9416251],[-2.5956992,39.9415941],[-2.5960348,39.9420483],[-2.5960601,39.9420826],[-2.5960934,39.9421319]]]},"properties":{"category":"landuse","name":"","landuse":"farmyard"}},{"type":"Feature","id":"way/739041780","geometry":{"type":"Polygon","coordinates":[[[-2.5960934,39.9421319],[-2.5960601,39.9420826],[-2.5960348,39.9420483],[-2.5956992,39.9415941],[-2.595624,39.9414878],[-2.595512,39.9413295],[-2.5957562,39.9412898],[-2.5959492,39.9412745],[-2.5959514,39.9413715],[-2.5960601,39.9417866],[-2.5961733,39.9421149],[-2.5960934,39.9421319]]]},"properties":{"category":"landuse","name":"","landuse":"farmyard"}},{"type":"Feature","id":"way/739119750","geometry":{"type":"Polygon","coordinates":[[[-2.5991847,39.9406911],[-2.5991662,39.9404561],[-2.599177,39.9400533],[-2.5994866,39.9400438],[-2.5995406,39.9400568],[-2.5997686,39.9400687],[-2.5998117,39.9400734],[-2.6002739,39.9400344],[-2.6003194,39.9400337],[-2.6003052,39.9400844],[-2.6002617,39.940209],[-2.6001981,39.9404127],[-2.600143,39.9404388],[-2.6000751,39.9404549],[-2.5998548,39.9404596],[-2.5997008,39.9404632],[-2.5995837,39.9404797],[-2.5995267,39.940488],[-2.5994451,39.940573],[-2.5992895,39.9406935],[-2.5992509,39.9407017],[-2.5991847,39.9406911]]]},"properties":{"category":"landuse","name":"","landuse":"farmland"}},{"type":"Feature","id":"way/739119751","geometry":{"type":"Polygon","coordinates":[[[-2.5991847,39.9406911],[-2.5989056,39.9406926],[-2.5989097,39.9397138],[-2.5989849,39.9397239],[-2.5991882,39.9397512],[-2.599177,39.9400533],[-2.5991662,39.9404561],[-2.5991847,39.9406911]]]},"properties":{"category":"landuse","name":"","landuse":"orchard"}},{"type":"Feature","id":"way/739119752","geometry":{"type":"Polygon","coordinates":[[[-2.5989056,39.9406926],[-2.5985702,39.9407035],[-2.5985865,39.9405071],[-2.5985946,39.9401798],[-2.5986028,39.9398962],[-2.5986129,39.9397138],[-2.5986831,39.9397111],[-2.5987755,39.9397076],[-2.598823,39.9397098],[-2.5989097,39.9397138],[-2.5989056,39.9406926]]]},"properties":{"category":"landuse","name":"","landuse":"orchard"}},{"type":"Feature","id":"way/739119753","geometry":{"type":"Polygon","coordinates":[[[-2.5991882,39.9397512],[-2.5992248,39.9397612],[-2.5992726,39.9397503],[-2.5994425,39.9396662],[-2.5996725,39.9396038],[-2.5996937,39.9395577],[-2.5997185,39.9395387],[-2.5997539,39.9393949],[-2.5996406,39.939323],[-2.5996035,39.939308],[-2.5995415,39.9393094],[-2.5994425,39.9392592],[-2.5994301,39.9392945],[-2.5994194,39.9393284],[-2.599423,39.9393582],[-2.5994548,39.9393732],[-2.5994725,39.9394057],[-2.5994283,39.939521],[-2.5993911,39.9395916],[-2.5993204,39.9396391],[-2.5992443,39.9396567],[-2.5991699,39.939654],[-2.5990797,39.9396717],[-2.5990301,39.9396906],[-2.5989849,39.9397239],[-2.5991882,39.9397512]]]},"properties":{"category":"landuse","name":"","landuse":"orchard"}},{"type":"Feature","id":"way/739119754","geometry":{"type":"Polygon","coordinates":[[[-2.598823,39.9397098],[-2.5987541,39.9396717],[-2.5987311,39.9395441],[-2.5987435,39.9394858],[-2.5988054,39.9394898],[-2.5988691,39.9394356],[-2.5988762,39.939365],[-2.5988355,39.9393569],[-2.5987771,39.9393609],[-2.5987222,39.9393528],[-2.5987116,39.9394858],[-2.5986815,39.9395807],[-2.5986831,39.9397111],[-2.5987755,39.9397076],[-2.598823,39.9397098]]]},"properties":{"category":"landuse","name":"","landuse":"orchard"}},{"type":"Feature","id":"way/739119755","geometry":{"type":"Polygon","coordinates":[[[-2.5989849,39.9397239],[-2.5990301,39.9396906],[-2.5990797,39.9396717],[-2.5991699,39.939654],[-2.5992443,39.9396567],[-2.5993204,39.9396391],[-2.5993911,39.9395916],[-2.5994283,39.939521],[-2.599285,39.9395116],[-2.5990054,39.9395129],[-2.5988054,39.9394898],[-2.5987435,39.9394858],[-2.5987311,39.9395441],[-2.5987541,39.9396717],[-2.598823,39.9397098],[-2.5989097,39.9397138],[-2.5989849,39.9397239]]]},"properties":{"category":"landuse","name":"","landuse":"farmland"}},{"type":"Feature","id":"way/739119756","geometry":{"type":"Polygon","coordinates":[[[-2.5985702,39.9407035],[-2.5984296,39.9407125],[-2.5982901,39.9407125],[-2.5982488,39.9407019],[-2.5982177,39.9406694],[-2.5981936,39.9405789],[-2.5982177,39.9403465],[-2.5982258,39.9402293],[-2.5982097,39.9401306],[-2.5981963,39.9400997],[-2.5985423,39.9393224],[-2.5987222,39.9393528],[-2.5987116,39.9394858],[-2.5986815,39.9395807],[-2.5986831,39.9397111],[-2.5986129,39.9397138],[-2.5986028,39.9398962],[-2.5985946,39.9401798],[-2.5985865,39.9405071],[-2.5985702,39.9407035]]]},"properties":{"category":"landuse","name":"","landuse":"farmland"}},{"type":"Feature","id":"way/739119757","geometry":{"type":"Polygon","coordinates":[[[-2.5985423,39.9393224],[-2.5986262,39.938855],[-2.5970441,39.9386705],[-2.5970725,39.9389256],[-2.597122,39.9392024],[-2.5971114,39.9393082],[-2.5970264,39.9393462],[-2.5968601,39.9393435],[-2.5967539,39.9392757],[-2.5966619,39.9391101],[-2.5966301,39.938931],[-2.5966124,39.9387519],[-2.5966159,39.938619],[-2.5961346,39.9385593],[-2.5961133,39.938676],[-2.5960567,39.93895],[-2.5959965,39.9392024],[-2.5959718,39.9395009],[-2.5959541,39.9396637],[-2.5959682,39.9397587],[-2.5960072,39.9397885],[-2.5963752,39.9398726],[-2.5968601,39.9399676],[-2.5970194,39.9399893],[-2.5973698,39.9400029],[-2.597752,39.9400219],[-2.5980139,39.9400409],[-2.5981519,39.9400626],[-2.5981963,39.9400997],[-2.5985423,39.9393224]]]},"properties":{"category":"landuse","name":"","landuse":"farmland"}},{"type":"Feature","id":"way/739119758","geometry":{"type":"Polygon","coordinates":[[[-2.5958142,39.9433712],[-2.5955232,39.9431122],[-2.5955385,39.9430981],[-2.5956433,39.9430473],[-2.595671,39.9430355],[-2.5957388,39.9430946],[-2.5959306,39.9432783],[-2.5958142,39.9433712]]]},"properties":{"category":"landuse","name":"","landuse":"farmland"}},{"type":"Feature","id":"way/739119759","geometry":{"type":"Polygon","coordinates":[[[-2.5959306,39.9432783],[-2.5961664,39.94309],[-2.5960074,39.9429104],[-2.5958214,39.9429824],[-2.595671,39.9430355],[-2.5959306,39.9432783]]]},"properties":{"category":"landuse","name":"","landuse":"farmland"}},{"type":"Feature","id":"way/739119760","geometry":{"type":"Polygon","coordinates":[[[-2.5963867,39.942785],[-2.5963165,39.942556],[-2.5958251,39.9427013],[-2.5959298,39.9428607],[-2.5960074,39.9429104],[-2.5961437,39.9428674],[-2.5962139,39.9428391],[-2.5963867,39.942785]]]},"properties":{"category":"landuse","name":"","landuse":"farmland"}},{"type":"Feature","id":"way/739119761","geometry":{"type":"Polygon","coordinates":[[[-2.5960074,39.9429104],[-2.5958214,39.9429824],[-2.595671,39.9430355],[-2.5956263,39.9429847],[-2.595443,39.9428253],[-2.5958251,39.9427013],[-2.5959298,39.9428607],[-2.5960074,39.9429104]]]},"properties":{"category":"landuse","name":"","landuse":"farmland"}},{"type":"Feature","id":"way/739119762","geometry":{"type":"Polygon","coordinates":[[[-2.5962552,39.9438347],[-2.5963196,39.9437758],[-2.5962277,39.9437133],[-2.5962158,39.9437053],[-2.5961979,39.9436931],[-2.596131,39.943757],[-2.5961373,39.9437603],[-2.5961773,39.9437856],[-2.5962552,39.9438347]]]},"properties":{"category":"building","name":"","building":"house","building_levels":"2","height":6.0,"height_estimated":false}},{"type":"Feature","id":"way/739119763","geometry":{"type":"Polygon","coordinates":[[[-2.5959805,39.9437332],[-2.5960185,39.9436939],[-2.5960521,39.9437125],[-2.5960148,39.9437542],[-2.5959805,39.9437332]]]},"properties":{"category":"building","name":"","building":"yes","building_levels":"1","height":3.0,"height_estimated":false}},{"type":"Feature","id":"way/739119764","geometry":{"type":"Polygon","coordinates":[[[-2.5960751,39.9437256],[-2.5961156,39.9436876],[-2.5960579,39.9436518],[-2.5960515,39.943658],[-2.5960185,39.9436939],[-2.5960521,39.9437125],[-2.5960751,39.9437256]]]},"properties":{"category":"building","name":"","building":"yes","building_levels":"1","height":3.0,"height_estimated":false}},{"type":"Feature","id":"way/739119765","geometry":{"type":"Polygon","coordinates":[[[-2.5961156,39.9436876],[-2.596146,39.9436565],[-2.5960896,39.9436187],[-2.5960795,39.9436295],[-2.5960579,39.9436518],[-2.5961156,39.9436876]]]},"properties":{"category":"building","name":"","building":"yes","building_levels":"1","height":3.0,"height_estimated":false}},{"type":"Feature","id":"way/739119766","geometry":{"type":"Polygon","coordinates":[[[-2.5963196,39.9437758],[-2.5962277,39.9437133],[-2.5962479,39.943704],[-2.5962814,39.9436886],[-2.5963653,39.9437333],[-2.5963196,39.9437758]]]},"properties":{"category":"building","name":"","building":"house","building_levels":"2","height":6.0,"height_estimated":false}},{"type":"Feature","id":"way/739119767","geometry":{"type":"Polygon","coordinates":[[[-2.5962479,39.943704],[-2.5962298,39.9436919],[-2.5962158,39.9437053],[-2.5962277,39.9437133],[-2.5962479,39.943704]]]},"properties":{"category":"building","name":"","building":"yes","building_levels":"1","height":3.0,"height_estimated":false}},{"type":"Feature","id":"way/739119768","geometry":{"type":"Polygon","coordinates":[[[-2.5962158,39.9437053],[-2.5961979,39.9436931],[-2.5961678,39.9436724],[-2.5962013,39.9436467],[-2.5962406,39.943668],[-2.5962483,39.9436727],[-2.5962298,39.9436919],[-2.5962158,39.9437053]]]},"properties":{"category":"building","name":"","building":"yes","building_levels":"2","height":6.0,"height_estimated":false}},{"type":"Feature","id":"way/739119769","geometry":{"type":"Polygon","coordinates":[[[-2.5962013,39.9436467],[-2.5961189,39.9436036],[-2.5961774,39.9435543],[-2.596214,39.9435773],[-2.5962548,39.9436033],[-2.5962013,39.9436467]]]},"properties":{"category":"building","name":"","building":"yes","height":6.0,"height_estimated":true}},{"type":"Feature","id":"way/739119770","geometry":{"type":"Polygon","coordinates":[[[-2.5961189,39.9436036],[-2.5960692,39.9435779],[-2.5960434,39.9435562],[-2.596131,39.9435177],[-2.5961743,39.9435526],[-2.5961774,39.9435543],[-2.5961189,39.9436036]]]},"properties":{"category":"building","name":"","building":"house","building_levels":"1","height":3.0,"height_estimated":false}},{"type":"Feature","id":"way/739119771","geometry":{"type":"Polygon","coordinates":[[[-2.596214,39.9435773],[-2.5962471,39.9435496],[-2.5962115,39.9435203],[-2.5961743,39.9435526],[-2.5961774,39.9435543],[-2.596214,39.9435773]]]},"properties":{"category":"building","name":"","building":"yes","building_levels":"1","height":3.0,"height_estimated":false}},{"type":"Feature","id":"way/739119772","geometry":{"type":"Polygon","coordinates":[[[-2.5959728,39.9437406],[-2.5959229,39.9437111],[-2.5959721,39.9436608],[-2.5960018,39.9436305],[-2.5960515,39.943658],[-2.5960185,39.9436939],[-2.5959805,39.9437332],[-2.5959728,39.9437406]]]},"properties":{"category":"building","name":"","building":"house","building_levels":"1","height":3.0,"height_estimated":false}},{"type":"Feature","id":"way/739119773","geometry":{"type":"Polygon","coordinates":[[[-2.5959721,39.9436608],[-2.5958847,39.943611],[-2.5959125,39.9435807],[-2.5959318,39.9435905],[-2.5960018,39.9436305],[-2.5959721,39.9436608]]]},"properties":{"category":"building","name":"","building":"house","building_levels":"1","height":3.0,"height_estimated":false}},{"type":"Feature","id":"way/739119774","geometry":{"type":"Polygon","coordinates":[[[-2.5960515,39.943658],[-2.5960579,39.9436518],[-2.5960795,39.9436295],[-2.5960399,39.9436006],[-2.5960692,39.9435779],[-2.5960434,39.9435562],[-2.5959318,39.9435905],[-2.5960515,39.943658]]]},"properties":{"category":"building","name":"","building":"house","building_levels":"1","height":3.0,"height_estimated":false}},{"type":"Feature","id":"way/739119775","geometry":{"type":"Polygon","coordinates":[[[-2.5963774,39.9434151],[-2.5964176,39.943447],[-2.5964888,39.9434166],[-2.5965257,39.9433659],[-2.5964987,39.9433598],[-2.5963774,39.9434151]]]},"properties":{"category":"building","name":"","building":"house","building_levels":"1","height":3.0,"height_estimated":false}},{"type":"Feature","id":"way/739119776","geometry":{"type":"Polygon","coordinates":[[[-2.5964493,39.9436601],[-2.5964028,39.9436214],[-2.5964421,39.9435963],[-2.5964332,39.9435875],[-2.5964706,39.9435621],[-2.5965286,39.9436077],[-2.5964493,39.9436601]]]},"properties":{"category":"building","name":"","building":"house","building_levels":"2","height":6.0,"height_estimated":false}},{"type":"Feature","id":"way/739119777","geometry":{"type":"Polygon","coordinates":[[[-2.5964028,39.9436214],[-2.5963781,39.9435993],[-2.5964147,39.9435744],[-2.5964536,39.9435479],[-2.5964706,39.9435621],[-2.5964332,39.9435875],[-2.5964421,39.9435963],[-2.5964028,39.9436214]]]},"properties":{"category":"building","name":"","building":"house","building_levels":"2","height":6.0,"height_estimated":false}},{"type":"Feature","id":"way/739119778","geometry":{"type":"Polygon","coordinates":[[[-2.5964147,39.9435744],[-2.5963685,39.9435358],[-2.5964051,39.9435083],[-2.5964232,39.9435228],[-2.5964471,39.9435426],[-2.5964536,39.9435479],[-2.5964147,39.9435744]]]},"properties":{"category":"building","name":"","building":"yes","building_levels":"1","height":3.0,"height_estimated":false}},{"type":"Feature","id":"way/739119779","geometry":{"type":"Polygon","coordinates":[[[-2.5964232,39.9435228],[-2.5964378,39.943511],[-2.5964617,39.9435308],[-2.5964471,39.9435426],[-2.5964232,39.9435228]]]},"properties":{"category":"building","name":"","building":"yes","building_levels":"1","height":3.0,"height_estimated":false}},{"type":"Feature","id":"way/739119780","geometry":{"type":"Polygon","coordinates":[[[-2.5964617,39.9435308],[-2.5964748,39.9435216],[-2.5965056,39.9435438],[-2.5965203,39.9435328],[-2.5965044,39.9435197],[-2.5964679,39.9434894],[-2.5964378,39.943511],[-2.5964617,39.9435308]]]},"properties":{"category":"building","name":"","building":"yes","building_levels":"1","height":3.0,"height_estimated":false}},{"type":"Feature","id":"way/739119781","geometry":{"type":"Polygon","coordinates":[[[-2.5965286,39.9436077],[-2.5964706,39.9435621],[-2.5964536,39.9435479],[-2.5964471,39.9435426],[-2.5964617,39.9435308],[-2.5964748,39.9435216],[-2.5965056,39.9435438],[-2.5965203,39.9435328],[-2.5965739,39.9435772],[-2.5965286,39.9436077]]]},"properties":{"category":"building","name":"","building":"house","building_levels":"2","height":6.0,"height_estimated":false}},{"type":"Feature","id":"way/739119782","geometry":{"type":"Polygon","coordinates":[[[-2.5965739,39.9435772],[-2.5965203,39.9435328],[-2.5965044,39.9435197],[-2.596612,39.9434451],[-2.5966473,39.9435277],[-2.5965739,39.9435772]]]},"properties":{"category":"building","name":"","building":"house","building_levels":"1","height":3.0,"height_estimated":false}},{"type":"Feature","id":"way/739119783","geometry":{"type":"Polygon","coordinates":[[[-2.5956275,39.9436792],[-2.5957025,39.9436085],[-2.5957273,39.9435855],[-2.5957972,39.9436272],[-2.5957861,39.943637],[-2.5957671,39.9436564],[-2.5957019,39.9437213],[-2.5956275,39.9436792]]]},"properties":{"category":"building","name":"","building":"house","building_levels":"1","height":3.0,"height_estimated":false}},{"type":"Feature","id":"way/739119784","geometry":{"type":"Polygon","coordinates":[[[-2.5958114,39.9436838],[-2.5957671,39.9436564],[-2.5957861,39.943637],[-2.5958299,39.9436635],[-2.5958114,39.9436838]]]},"properties":{"category":"building","name":"","building":"yes","building_levels":"1","height":3.0,"height_estimated":false}},{"type":"Feature","id":"way/739119785","geometry":{"type":"Polygon","coordinates":[[[-2.5958114,39.9436838],[-2.5957474,39.9437483],[-2.5957019,39.9437213],[-2.5957671,39.9436564],[-2.5958114,39.9436838]]]},"properties":{"category":"building","name":"","building":"house","building_levels":"2","height":6.0,"height_estimated":false}},{"type":"Feature","id":"way/739119786","geometry":{"type":"Polygon","coordinates":[[[-2.5957474,39.9437483],[-2.5957905,39.9437739],[-2.5958534,39.9437079],[-2.5958114,39.9436838],[-2.5957474,39.9437483]]]},"properties":{"category":"building","name":"","building":"yes","building_levels":"1","height":3.0,"height_estimated":false}},{"type":"Feature","id":"way/739119787","geometry":{"type":"Polygon","coordinates":[[[-2.5959193,39.9438502],[-2.5957905,39.9437739],[-2.5958534,39.9437079],[-2.5959525,39.9437634],[-2.5959465,39.9437702],[-2.5959295,39.9437897],[-2.5959558,39.9438068],[-2.5959605,39.9438106],[-2.5959193,39.9438502]]]},"properties":{"category":"building","name":"","building":"house","building_levels":"2","height":6.0,"height_estimated":false}},{"type":"Feature","id":"way/739119788","geometry":{"type":"Polygon","coordinates":[[[-2.595391,39.9433155],[-2.5953245,39.9433632],[-2.5953064,39.9433488],[-2.5952656,39.9433137],[-2.5953352,39.9432698],[-2.595391,39.9433155]]]},"properties":{"category":"building","name":"","building":"house","building_levels":"1","height":3.0,"height_estimated":false}},{"type":"Feature","id":"way/739119789","geometry":{"type":"Polygon","coordinates":[[[-2.5953064,39.9433488],[-2.5952598,39.9433854],[-2.5952084,39.9433497],[-2.5952656,39.9433137],[-2.5953064,39.9433488]]]},"properties":{"category":"building","name":"","building":"house","building_levels":"1","height":3.0,"height_estimated":false}},{"type":"Feature","id":"way/739119790","geometry":{"type":"Polygon","coordinates":[[[-2.595363,39.9433951],[-2.5953245,39.9433632],[-2.595391,39.9433155],[-2.595427,39.9433449],[-2.595363,39.9433951]]]},"properties":{"category":"building","name":"","building":"house","building_levels":"1","height":3.0,"height_estimated":false}},{"type":"Feature","id":"way/739119791","geometry":{"type":"Polygon","coordinates":[[[-2.5953214,39.9434255],[-2.5952832,39.9434554],[-2.5951692,39.9433744],[-2.5952084,39.9433497],[-2.5952598,39.9433854],[-2.5953064,39.9433488],[-2.5953245,39.9433632],[-2.5952825,39.9433951],[-2.5953214,39.9434255]]]},"properties":{"category":"building","name":"","building":"house","building_levels":"2","height":6.0,"height_estimated":false}},{"type":"Feature","id":"way/739119792","geometry":{"type":"Polygon","coordinates":[[[-2.5956373,39.9435157],[-2.5956064,39.9435413],[-2.5955606,39.943507],[-2.5955494,39.9435159],[-2.5954847,39.9434669],[-2.5955338,39.9434316],[-2.5956373,39.9435157]]]},"properties":{"category":"building","name":"","building":"house","building_levels":"1","height":3.0,"height_estimated":false}},{"type":"Feature","id":"way/739119793","geometry":{"type":"Polygon","coordinates":[[[-2.5954847,39.9434669],[-2.5954805,39.9434707],[-2.5954501,39.9434456],[-2.595503,39.9434065],[-2.5955338,39.9434316],[-2.5954847,39.9434669]]]},"properties":{"category":"building","name":"","building":"house","building_levels":"1","height":3.0,"height_estimated":false}},{"type":"Feature","id":"way/739119794","geometry":{"type":"Polygon","coordinates":[[[-2.5953561,39.9433998],[-2.5954662,39.9434804],[-2.5953949,39.9435328],[-2.5952832,39.9434554],[-2.5953214,39.9434255],[-2.5953561,39.9433998]]]},"properties":{"category":"building","name":"","building":"house","building_levels":"2","height":6.0,"height_estimated":false}},{"type":"Feature","id":"way/739119795","geometry":{"type":"Polygon","coordinates":[[[-2.5963653,39.9437333],[-2.5962814,39.9436886],[-2.5962483,39.9436727],[-2.5962406,39.943668],[-2.5962912,39.9436284],[-2.5963966,39.9437041],[-2.5963653,39.9437333]]]},"properties":{"category":"building","name":"","building":"house","building_levels":"2","height":6.0,"height_estimated":false}},{"type":"Feature","id":"way/739119796","geometry":{"type":"Polygon","coordinates":[[[-2.5963966,39.9437041],[-2.5964493,39.9436601],[-2.5964028,39.9436214],[-2.5963781,39.9435993],[-2.5963339,39.9435622],[-2.5962958,39.9435903],[-2.5962681,39.9436113],[-2.5962912,39.9436284],[-2.5963966,39.9437041]]]},"properties":{"category":"building","name":"","building":"yes","building_levels":"2","height":6.0,"height_estimated":false}},{"type":"Feature","id":"way/739119797","geometry":{"type":"Polygon","coordinates":[[[-2.5957025,39.9436085],[-2.5956733,39.9435905],[-2.5956344,39.9436257],[-2.595559,39.9435804],[-2.5955181,39.943614],[-2.5956275,39.9436792],[-2.5957025,39.9436085]]]},"properties":{"category":"building","name":"","building":"house","building_levels":"1","height":3.0,"height_estimated":false}},{"type":"Feature","id":"way/739119798","geometry":{"type":"Polygon","coordinates":[[[-2.5955912,39.9435542],[-2.595559,39.9435804],[-2.5955181,39.943614],[-2.5953949,39.9435328],[-2.5954662,39.9434804],[-2.5954728,39.9434768],[-2.5955912,39.9435542]]]},"properties":{"category":"building","name":"","building":"house","building_levels":"2","height":6.0,"height_estimated":false}},{"type":"Feature","id":"way/747398665","geometry":{"type":"LineString","coordinates":[[-2.5983617,39.9486742],[-2.5985167,39.948735],[-2.5986831,39.948763],[-2.5988449,39.9487805],[-2.5989871,39.9487713],[-2.5990922,39.9487559],[-2.5992421,39.948763],[-2.5995305,39.9488856],[-2.599812,39.9489903],[-2.600031,39.9490451],[-2.6004642,39.9490786],[-2.6007305,39.9490893],[-2.600983,39.9491235],[-2.6012016,39.9491398],[-2.6013782,39.9491613],[-2.6014633,39.9491785],[-2.6015391,39.9492074],[-2.6016393,39.9492782],[-2.6018568,39.9495967],[-2.6018729,39.9496202],[-2.6019671,39.9498037],[-2.6020186,39.9499366],[-2.6022163,39.9503249],[-2.6025357,39.9508386],[-2.6026389,39.9509645],[-2.6027168,39.95105],[-2.6027852,39.9511556],[-2.6035329,39.9526446],[-2.6039176,39.9534565],[-2.6040747,39.9537076],[-2.6050607,39.9547378],[-2.6056092,39.9554287],[-2.6057979,39.9557661],[-2.606038,39.9563928],[-2.6063525,39.9568311],[-2.606484,39.9569713],[-2.6065869,39.9579617],[-2.6066841,39.9583649],[-2.6071014,39.959237],[-2.607582,39.9601114]]},"properties":{"category":"road","name":"","highway":"track"}},{"type":"Feature","id":"way/748970639","geometry":{"type":"Polygon","coordinates":[[[-2.6010739,39.9459209],[-2.6008542,39.9459607],[-2.6007013,39.9457345],[-2.6006504,39.9456338],[-2.6009877,39.9455919],[-2.6010192,39.9456596],[-2.6010739,39.9459209]]]},"properties":{"category":"building","name":"","building":"farm_auxiliary","building_levels":"1","height":3.0,"height_estimated":false}},{"type":"Feature","id":"way/748970640","geometry":{"type":"Polygon","coordinates":[[[-2.6012056,39.945897],[-2.6010739,39.9459209],[-2.6010192,39.9456596],[-2.6011506,39.9456411],[-2.6012002,39.9458723],[-2.6012056,39.945897]]]},"properties":{"category":"building","name":"","building":"farm_auxiliary","building_levels":"1","height":3.0,"height_estimated":false}},{"type":"Feature","id":"way/769895681","geometry":{"type":"LineString","coordinates":[[-2.5983704,39.9458024],[-2.5982751,39.9458231],[-2.5980948,39.9458555]]},"properties":{"category":"road","name":"Plaza Mercado","highway":"tertiary"}},{"type":"Feature","id":"way/769895682","geometry":{"type":"LineString","coordinates":[[-2.5993935,39.9480834],[-2.599196,39.9478546],[-2.5990119,39.9476258]]},"properties":{"category":"road","name":"Calle San Sebastián","highway":"residential"}},{"type":"Feature","id":"way/769895683","geometry":{"type":"LineString","coordinates":[[-2.5999525,39.9478063],[-2.5998274,39.9476316],[-2.5998246,39.9475923],[-2.5996923,39.94738],[-2.5996641,39.9473509],[-2.5996176,39.9473328],[-2.5994414,39.9472093],[-2.5992193,39.9470432],[-2.5990568,39.9469606],[-2.598888,39.9468366],[-2.5987803,39.9467068],[-2.5987063,39.9467087],[-2.5986538,39.9466282]]},"properties":{"category":"road","name":"Calle Hispanidad","highway":"residential","surface":"asphalt"}},{"type":"Feature","id":"way/769895685","geometry":{"type":"LineString","coordinates":[[-2.5986538,39.9466282],[-2.5985868,39.9464519],[-2.5985728,39.9464183],[-2.5985573,39.9463812],[-2.59846,39.9461781],[-2.5984459,39.9461486],[-2.5983672,39.9460088],[-2.5982751,39.9458231]]},"properties":{"category":"road","name":"Plaza del Coso","highway":"residential"}},{"type":"Feature","id":"way/769895686","geometry":{"type":"LineString","coordinates":[[-2.5980948,39.9458555],[-2.5979577,39.9459468],[-2.5978131,39.946192],[-2.5976764,39.946497],[-2.597591,39.9468601],[-2.5975322,39.9470144],[-2.5974164,39.9474678],[-2.5974048,39.9475144],[-2.5974957,39.9476501],[-2.5976366,39.949086]]},"properties":{"category":"road","name":"Calle Santo Cristo","highway":"tertiary","surface":"asphalt"}},{"type":"Feature","id":"way/801353461","geometry":{"type":"Polygon","coordinates":[[[-2.6014693,39.9467799],[-2.6016578,39.9470312],[-2.6017973,39.9469181],[-2.6018885,39.9468173],[-2.6019046,39.9467844],[-2.6020521,39.9465993],[-2.6022426,39.946369],[-2.6024594,39.9460768],[-2.6020526,39.9461774],[-2.6019979,39.9463422],[-2.6019557,39.9464357],[-2.6019291,39.9464919],[-2.6018758,39.9465582],[-2.6018089,39.9466265],[-2.6017171,39.9466659],[-2.6015923,39.946725],[-2.6014693,39.9467799]]]},"properties":{"category":"landuse","name":"","landuse":"farmland"}},{"type":"Feature","id":"way/801353462","geometry":{"type":"Polygon","coordinates":[[[-2.5996802,39.9463968],[-2.5996746,39.9463987],[-2.5995493,39.9462501],[-2.5995249,39.9462211],[-2.599504,39.9461963],[-2.599561,39.9461565],[-2.5997189,39.9460519],[-2.600011,39.9458591],[-2.6001129,39.9460297],[-2.5996802,39.9463968]]]},"properties":{"category":"landuse","name":"","landuse":"residential"}},{"type":"Feature","id":"way/801353463","geometry":{"type":"Polygon","coordinates":[[[-2.6001987,39.9459598],[-2.6001075,39.9458241],[-2.6001075,39.9457912],[-2.6002524,39.9457007],[-2.6005394,39.9456637],[-2.6006091,39.9457768],[-2.6001987,39.9459598]]]},"properties":{"category":"landuse","name":"","landuse":"residential"}},{"type":"Feature","id":"way/801353464","geometry":{"type":"Polygon","coordinates":[[[-2.6007325,39.9468091],[-2.600652,39.9466898],[-2.6011107,39.9464945],[-2.6011911,39.9466117],[-2.6008046,39.9467781],[-2.6007325,39.9468091]]]},"properties":{"category":"landuse","name":"","landuse":"residential"}},{"type":"Feature","id":"way/801353465","geometry":{"type":"Polygon","coordinates":[[[-2.6007325,39.9468091],[-2.6010007,39.9472491],[-2.6011455,39.9472368],[-2.6014862,39.9471278],[-2.601513,39.9470949],[-2.6015157,39.9470641],[-2.6011911,39.9466117],[-2.6008046,39.9467781],[-2.6007325,39.9468091]]]},"properties":{"category":"landuse","name":"","landuse":"farmland"}},{"type":"Feature","id":"way/801353466","geometry":{"type":"Polygon","coordinates":[[[-2.600652,39.9466898],[-2.6001987,39.9459598],[-2.6006091,39.9457768],[-2.6011107,39.9464945],[-2.600652,39.9466898]]]},"properties":{"category":"landuse","name":"","landuse":"farmland"}},{"type":"Feature","id":"way/801353467","geometry":{"type":"Polygon","coordinates":[[[-2.6025459,39.9455225],[-2.6025482,39.9455413],[-2.6026615,39.9455288],[-2.602651,39.9454572],[-2.6025366,39.9454679],[-2.6025389,39.9454858],[-2.6025039,39.9454903],[-2.6025085,39.945527],[-2.6025459,39.9455225]]]},"properties":{"category":"building","name":"","building":"house","building_levels":"1","height":3.0,"height_estimated":false}},{"type":"Feature","id":"way/801353468","geometry":{"type":"Polygon","coordinates":[[[-2.602024,39.946005],[-2.6018863,39.9460264],[-2.6018723,39.9459781],[-2.6018956,39.9459745],[-2.6019038,39.9460005],[-2.6019843,39.9459879],[-2.6019797,39.9459629],[-2.6020124,39.9459611],[-2.602024,39.946005]]]},"properties":{"category":"building","name":"","building":"house","building_levels":"1","height":3.0,"height_estimated":false}},{"type":"Feature","id":"way/801353469","geometry":{"type":"Polygon","coordinates":[[[-2.6019073,39.9459495],[-2.6018933,39.9458993],[-2.6018489,39.9459056],[-2.6018617,39.9459575],[-2.6018912,39.9459523],[-2.6019073,39.9459495]]]},"properties":{"category":"building","name":"","building":"house","building_levels":"1","height":3.0,"height_estimated":false}},{"type":"Feature","id":"way/801353470","geometry":{"type":"Polygon","coordinates":[[[-2.6018933,39.9458993],[-2.6018863,39.9458689],[-2.6019376,39.9458617],[-2.6019446,39.9458904],[-2.6018933,39.9458993]]]},"properties":{"category":"building","name":"","building":"house","building_levels":"1","height":3.0,"height_estimated":false}},{"type":"Feature","id":"way/801353471","geometry":{"type":"Polygon","coordinates":[[[-2.6018912,39.9459523],[-2.6018956,39.9459745],[-2.6019038,39.9460005],[-2.6019843,39.9459879],[-2.6019797,39.9459629],[-2.6019727,39.9459369],[-2.6020042,39.9459333],[-2.601989,39.9458823],[-2.6019446,39.9458904],[-2.6018933,39.9458993],[-2.6019073,39.9459495],[-2.6018912,39.9459523]]]},"properties":{"category":"building","name":"","building":"house","building_levels":"2","height":6.0,"height_estimated":false}},{"type":"Feature","id":"way/801353472","geometry":{"type":"Polygon","coordinates":[[[-2.6018396,39.9459844],[-2.6018104,39.9459897],[-2.6017123,39.9460076],[-2.6017322,39.9460694],[-2.6018571,39.9460497],[-2.6018396,39.9459844]]]},"properties":{"category":"building","name":"","building":"house","building_levels":"2","height":6.0,"height_estimated":false}},{"type":"Feature","id":"way/801353473","geometry":{"type":"Polygon","coordinates":[[[-2.6018104,39.9459897],[-2.6018068,39.9459798],[-2.6018358,39.9459744],[-2.6018396,39.9459844],[-2.6018104,39.9459897]]]},"properties":{"category":"building","name":"","building":"house","building_levels":"1","height":3.0,"height_estimated":false}},{"type":"Feature","id":"way/801353474","geometry":{"type":"Polygon","coordinates":[[[-2.6017153,39.9460895],[-2.6015587,39.946119],[-2.6015456,39.9460827],[-2.6015233,39.9460874],[-2.6015156,39.9460667],[-2.6015964,39.9460507],[-2.6016046,39.9460741],[-2.6017047,39.946055],[-2.6017153,39.9460895]]]},"properties":{"category":"building","name":"","building":"house","building_levels":"1","height":3.0,"height_estimated":false}},{"type":"Feature","id":"way/801353475","geometry":{"type":"Polygon","coordinates":[[[-2.6017855,39.9459229],[-2.6016544,39.9459444],[-2.6016407,39.9458961],[-2.6017723,39.9458742],[-2.6017855,39.9459229]]]},"properties":{"category":"building","name":"","building":"house","building_levels":"1","height":3.0,"height_estimated":false}},{"type":"Feature","id":"way/801353476","geometry":{"type":"Polygon","coordinates":[[[-2.6014348,39.9459549],[-2.6014237,39.9459179],[-2.6016015,39.9458875],[-2.6016051,39.9459007],[-2.6015111,39.9459179],[-2.6015192,39.9459405],[-2.6014348,39.9459549]]]},"properties":{"category":"building","name":"","building":"house","building_levels":"1","height":3.0,"height_estimated":false}},{"type":"Feature","id":"way/801353477","geometry":{"type":"Polygon","coordinates":[[[-2.601446,39.9460971],[-2.6014298,39.94605],[-2.601385,39.9460586],[-2.6013266,39.9460698],[-2.6013364,39.9460982],[-2.6013429,39.946117],[-2.601446,39.9460971]]]},"properties":{"category":"building","name":"","building":"house","building_levels":"1","height":3.0,"height_estimated":false}},{"type":"Feature","id":"way/801353478","geometry":{"type":"Polygon","coordinates":[[[-2.6013364,39.9460982],[-2.6012803,39.9461092],[-2.6012326,39.9459744],[-2.6012941,39.9459619],[-2.6012992,39.9459833],[-2.6013556,39.945972],[-2.601385,39.9460586],[-2.6013266,39.9460698],[-2.6013364,39.9460982]]]},"properties":{"category":"building","name":"","building":"house","building_levels":"1","height":3.0,"height_estimated":false}},{"type":"Feature","id":"way/801353479","geometry":{"type":"Polygon","coordinates":[[[-2.6013556,39.945972],[-2.6013479,39.9459506],[-2.6012941,39.9459619],[-2.6012992,39.9459833],[-2.6013556,39.945972]]]},"properties":{"category":"building","name":"","building":"house","height":2.5,"height_estimated":false}},{"type":"Feature","id":"way/801353480","geometry":{"type":"Polygon","coordinates":[[[-2.6011818,39.9461415],[-2.601199,39.946185],[-2.6012661,39.9461727],[-2.6012473,39.9461279],[-2.6011818,39.9461415]]]},"properties":{"category":"building","name":"","building":"house","building_levels":"1","height":3.0,"height_estimated":false}},{"type":"Feature","id":"way/801353481","geometry":{"type":"Polygon","coordinates":[[[-2.6011767,39.9461392],[-2.601072,39.9461618],[-2.6010338,39.9460523],[-2.6011386,39.9460309],[-2.6011767,39.9461392]]]},"properties":{"category":"building","name":"","building":"house","building_levels":"1","height":3.0,"height_estimated":false}},{"type":"Feature","id":"way/801353482","geometry":{"type":"Polygon","coordinates":[[[-2.6010338,39.9460523],[-2.6010263,39.9460316],[-2.6011315,39.9460094],[-2.6011386,39.9460309],[-2.6010338,39.9460523]]]},"properties":{"category":"building","name":"","building":"house","height":2.5,"height_estimated":false}},{"type":"Feature","id":"way/801353483","geometry":{"type":"Polygon","coordinates":[[[-2.6013004,39.9465449],[-2.6014693,39.9467799],[-2.6015923,39.946725],[-2.6014232,39.9464888],[-2.6013004,39.9465449]]]},"properties":{"category":"building","name":"","building":"farm_auxiliary","building_levels":"1","height":3.0,"height_estimated":false}},{"type":"Feature","id":"way/801353484","geometry":{"type":"Polygon","coordinates":[[[-2.6015923,39.946725],[-2.6017171,39.9466659],[-2.6015479,39.9464325],[-2.6014232,39.9464888],[-2.6015923,39.946725]]]},"properties":{"category":"building","name":"","building":"farm_auxiliary","building_levels":"1","height":3.0,"height_estimated":false}},{"type":"Feature","id":"way/801353488","geometry":{"type":"Polygon","coordinates":[[[-2.6009339,39.9467008],[-2.6008913,39.9466364],[-2.6008779,39.9466162],[-2.6007711,39.9466583],[-2.60083,39.9467433],[-2.6009339,39.9467008]]]},"properties":{"category":"building","name":"","building":"house","building_levels":"2","height":6.0,"height_estimated":false}},{"type":"Feature","id":"way/801353489","geometry":{"type":"Polygon","coordinates":[[[-2.60083,39.9467433],[-2.6008143,39.9467496],[-2.6007553,39.9466645],[-2.6007711,39.9466583],[-2.60083,39.9467433]]]},"properties":{"category":"building","name":"","building":"house","height":2.5,"height_estimated":false}},{"type":"Feature","id":"way/801353490","geometry":{"type":"Polygon","coordinates":[[[-2.6009339,39.9467008],[-2.600997,39.9466766],[-2.6009514,39.9466113],[-2.6008913,39.9466364],[-2.6009339,39.9467008]]]},"properties":{"category":"building","name":"","building":"house","building_levels":"1","height":3.0,"height_estimated":false}},{"type":"Feature","id":"way/801353492","geometry":{"type":"Polygon","coordinates":[[[-2.6004647,39.9475102],[-2.6004083,39.9474506],[-2.5998773,39.9466095],[-2.5996802,39.9463968],[-2.6001129,39.9460297],[-2.6004405,39.9465417],[-2.6007865,39.9470825],[-2.600918,39.9473025],[-2.6007973,39.9473498],[-2.60069,39.9473909],[-2.6004647,39.9475102]]]},"properties":{"category":"landuse","name":"","landuse":"farmland"}},{"type":"Feature","id":"way/801356132","geometry":{"type":"Polygon","coordinates":[[[-2.6039339,39.947011],[-2.6038265,39.9465957],[-2.6037891,39.9462269],[-2.6048632,39.9462233],[-2.6043355,39.9466529],[-2.6039339,39.947011]]]},"properties":{"category":"landuse","name":"","landuse":"farmland"}},{"type":"Feature","id":"way/801356133","geometry":{"type":"Polygon","coordinates":[[[-2.6037891,39.9462269],[-2.6037704,39.945987],[-2.6037284,39.9457829],[-2.6037284,39.9455932],[-2.6042187,39.9455466],[-2.6041563,39.9450891],[-2.6047066,39.9450511],[-2.6048535,39.9450416],[-2.6050823,39.9450585],[-2.6054186,39.9450549],[-2.6056614,39.9450835],[-2.6057408,39.945105],[-2.6057782,39.9451587],[-2.6057688,39.9452625],[-2.6056241,39.9457029],[-2.6053298,39.9458748],[-2.6049282,39.9461791],[-2.6048632,39.9462233],[-2.6037891,39.9462269]]]},"properties":{"category":"landuse","name":"","landuse":"farmland"}},{"type":"Feature","id":"way/801356134","geometry":{"type":"Polygon","coordinates":[[[-2.6034474,39.9453388],[-2.6034397,39.9453058],[-2.6034767,39.9452125],[-2.6041176,39.9451097],[-2.6041136,39.9450924],[-2.6035503,39.9451705],[-2.6034058,39.945198],[-2.6032355,39.9452228],[-2.6031185,39.9453556],[-2.6032204,39.9453556],[-2.6034474,39.9453388]]]},"properties":{"category":"landuse","name":"","landuse":"residential"}},{"type":"Feature","id":"way/801356135","geometry":{"type":"Polygon","coordinates":[[[-2.6026365,39.9460136],[-2.6027444,39.9458589],[-2.6028522,39.9458601],[-2.6028383,39.9459463],[-2.602826,39.945977],[-2.6026365,39.9460136]]]},"properties":{"category":"landuse","name":"","landuse":"farmland"}},{"type":"Feature","id":"way/801356136","geometry":{"type":"Polygon","coordinates":[[[-2.6027444,39.9458589],[-2.6027967,39.9457951],[-2.6028799,39.9457089],[-2.6028676,39.9457727],[-2.6028584,39.9458129],[-2.6028522,39.9458601],[-2.6027444,39.9458589]]]},"properties":{"category":"landuse","name":"","landuse":"farmland"}},{"type":"Feature","id":"way/801356137","geometry":{"type":"Polygon","coordinates":[[[-2.6028799,39.9457089],[-2.6028784,39.9456936],[-2.6029339,39.945618],[-2.6029631,39.9455861],[-2.6031927,39.9455672],[-2.6032435,39.9455625],[-2.6034361,39.94554],[-2.6037734,39.9455093],[-2.6040523,39.9454845],[-2.6041678,39.9454739],[-2.6041709,39.9455105],[-2.6039953,39.945527],[-2.6039568,39.9455247],[-2.6037395,39.9455578],[-2.6036856,39.9455731],[-2.6036702,39.9455967],[-2.6036702,39.9456144],[-2.6036687,39.9456369],[-2.6028799,39.9457089]]]},"properties":{"category":"landuse","name":"","landuse":"farmland"}},{"type":"Feature","id":"way/801356138","geometry":{"type":"Polygon","coordinates":[[[-2.6029631,39.9455861],[-2.6029847,39.9455471],[-2.6030432,39.9454562],[-2.6031185,39.9453556],[-2.6032204,39.9453556],[-2.6034474,39.9453388],[-2.604136,39.9452656],[-2.6041678,39.9454739],[-2.6040523,39.9454845],[-2.6037734,39.9455093],[-2.6034361,39.94554],[-2.6032435,39.9455625],[-2.6031927,39.9455672],[-2.6029631,39.9455861]]]},"properties":{"category":"landuse","name":"","landuse":"farmland"}},{"type":"Feature","id":"way/801356139","geometry":{"type":"Polygon","coordinates":[[[-2.6023192,39.9464553],[-2.6023438,39.946414],[-2.6024547,39.9462664],[-2.6025503,39.9462286],[-2.6027336,39.9461731],[-2.6028122,39.9461648],[-2.6028214,39.9462699],[-2.6028245,39.9463124],[-2.6028353,39.946375],[-2.6026858,39.9463975],[-2.6025734,39.9464105],[-2.6024501,39.9464282],[-2.6023192,39.9464553]]]},"properties":{"category":"landuse","name":"","landuse":"farmland"}},{"type":"Feature","id":"way/801356140","geometry":{"type":"Polygon","coordinates":[[[-2.6024547,39.9462664],[-2.6026365,39.9460136],[-2.602826,39.945977],[-2.6028122,39.9461648],[-2.6027336,39.9461731],[-2.6025503,39.9462286],[-2.6024547,39.9462664]]]},"properties":{"category":"landuse","name":"","landuse":"farmland"}},{"type":"Feature","id":"way/801356141","geometry":{"type":"Polygon","coordinates":[[[-2.6028522,39.9458601],[-2.6029092,39.9458613],[-2.6036825,39.9458129],[-2.6036687,39.9457656],[-2.6036687,39.9456369],[-2.6028799,39.9457089],[-2.6028584,39.9458129],[-2.6028522,39.9458601]]]},"properties":{"category":"landuse","name":"","landuse":"farmland"}},{"type":"Feature","id":"way/801356142","geometry":{"type":"Polygon","coordinates":[[[-2.6028707,39.9465534],[-2.6028353,39.946375],[-2.6028245,39.9463124],[-2.6028214,39.9462699],[-2.6028122,39.9461648],[-2.602826,39.945977],[-2.6028383,39.9459463],[-2.6028522,39.9458601],[-2.6029092,39.9458613],[-2.6036825,39.9458129],[-2.6037087,39.9459676],[-2.6037211,39.9461058],[-2.603738,39.9462794],[-2.6037472,39.9463396],[-2.6037503,39.9463998],[-2.6037519,39.9464494],[-2.6032743,39.9465002],[-2.6028707,39.9465534]]]},"properties":{"category":"landuse","name":"","landuse":"farmland"}},{"type":"Feature","id":"way/801356143","geometry":{"type":"Polygon","coordinates":[[[-2.6018526,39.9473567],[-2.6018187,39.9472953],[-2.6018248,39.9472835],[-2.6019527,39.9472611],[-2.6021853,39.9472316],[-2.6023024,39.947215],[-2.6025627,39.9471701],[-2.6026921,39.9471548],[-2.6029371,39.9471158],[-2.6033484,39.9470757],[-2.6038552,39.9470202],[-2.6038799,39.9470686],[-2.6038059,39.9471394],[-2.6036688,39.9471453],[-2.6031481,39.9472032],[-2.602401,39.9472953],[-2.6022931,39.9473142],[-2.6020297,39.9473438],[-2.6018526,39.9473567]]]},"properties":{"category":"landuse","name":"","landuse":"farmland"}},{"type":"Feature","id":"way/801356144","geometry":{"type":"Polygon","coordinates":[[[-2.6018248,39.9472835],[-2.6017401,39.9471985],[-2.6016985,39.9471359],[-2.6016985,39.9470957],[-2.6018541,39.9469871],[-2.6019696,39.9468926],[-2.6023332,39.9468371],[-2.6026459,39.9467922],[-2.6029032,39.9467592],[-2.603182,39.9467261],[-2.603427,39.9466942],[-2.6035625,39.9466765],[-2.6037705,39.9466446],[-2.6037982,39.9468052],[-2.6038352,39.9469458],[-2.6038552,39.9470202],[-2.6033484,39.9470757],[-2.6029371,39.9471158],[-2.6026921,39.9471548],[-2.6025627,39.9471701],[-2.6023024,39.947215],[-2.6021853,39.9472316],[-2.6019527,39.9472611],[-2.6018248,39.9472835]]]},"properties":{"category":"landuse","name":"","landuse":"farmland"}},{"type":"Feature","id":"way/801356145","geometry":{"type":"Polygon","coordinates":[[[-2.6019696,39.9468926],[-2.6020266,39.9468371],[-2.6020836,39.9467615],[-2.6029972,39.9466446],[-2.6033561,39.9465985],[-2.6035718,39.946569],[-2.6037505,39.9465454],[-2.6037659,39.9466174],[-2.6037705,39.9466446],[-2.6035625,39.9466765],[-2.603427,39.9466942],[-2.603182,39.9467261],[-2.6029032,39.9467592],[-2.6026459,39.9467922],[-2.6023332,39.9468371],[-2.6019696,39.9468926]]]},"properties":{"category":"landuse","name":"","landuse":"farmland"}},{"type":"Feature","id":"way/801356146","geometry":{"type":"Polygon","coordinates":[[[-2.6037505,39.9465454],[-2.6037505,39.9465289],[-2.6037519,39.9464494],[-2.6032743,39.9465002],[-2.6028707,39.9465534],[-2.602421,39.9466162],[-2.6022546,39.9466387],[-2.6021699,39.9466529],[-2.6021191,39.9467214],[-2.6020836,39.9467615],[-2.6029972,39.9466446],[-2.6033561,39.9465985],[-2.6035718,39.946569],[-2.6037505,39.9465454]]]},"properties":{"category":"landuse","name":"","landuse":"farmland"}},{"type":"Feature","id":"way/801356147","geometry":{"type":"Polygon","coordinates":[[[-2.6028707,39.9465534],[-2.6028353,39.946375],[-2.6026858,39.9463975],[-2.6025734,39.9464105],[-2.6024501,39.9464282],[-2.6023192,39.9464553],[-2.60225,39.9465348],[-2.6022115,39.9466056],[-2.6021699,39.9466529],[-2.6022546,39.9466387],[-2.602421,39.9466162],[-2.6028707,39.9465534]]]},"properties":{"category":"landuse","name":"","landuse":"farmland"}},{"type":"Feature","id":"way/801895950","geometry":{"type":"LineString","coordinates":[[-2.6018568,39.9495967],[-2.6019466,39.9494741],[-2.602304,39.9489477],[-2.6026566,39.9484854],[-2.6027075,39.9484187],[-2.6029163,39.9481256],[-2.603072,39.9479683],[-2.6033552,39.9476752],[-2.603794,39.9472303],[-2.6040205,39.9469942],[-2.6043355,39.9467229],[-2.6046257,39.946476],[-2.6049761,39.9462128],[-2.6052203,39.9460391],[-2.6056309,39.9457651],[-2.6056574,39.945749],[-2.6058821,39.9456131],[-2.6060697,39.9454802],[-2.606551,39.9451193]]},"properties":{"category":"road","name":"","highway":"track","surface":"unpaved"}},{"type":"Feature","id":"way/801895951","geometry":{"type":"LineString","coordinates":[[-2.6058793,39.9450455],[-2.6057724,39.9453798],[-2.6057087,39.9456023],[-2.6056574,39.945749]]},"properties":{"category":"road","name":"","highway":"track","surface":"unpaved"}},{"type":"Feature","id":"way/801895952","geometry":{"type":"LineString","coordinates":[[-2.6026566,39.9484854],[-2.6027228,39.9483637],[-2.6027523,39.9482752],[-2.6027577,39.9482156],[-2.6027442,39.948158],[-2.6027013,39.9481005],[-2.6027684,39.9481334],[-2.6028515,39.9481457],[-2.6029163,39.9481256]]},"properties":{"category":"road","name":"","highway":"track","surface":"unpaved"}},{"type":"Feature","id":"way/801895953","geometry":{"type":"LineString","coordinates":[[-2.6027013,39.9481005],[-2.602409,39.9478784],[-2.6021193,39.9476419],[-2.6019229,39.9474743],[-2.6018672,39.9474178],[-2.6017438,39.9472512],[-2.6016273,39.9470944]]},"properties":{"category":"road","name":"","highway":"track","surface":"compacted"}},{"type":"Feature","id":"way/801895954","geometry":{"type":"LineString","coordinates":[[-2.6017438,39.9472512],[-2.6016821,39.9472142],[-2.6015802,39.9471895],[-2.6015104,39.9471854],[-2.601415,39.9471919]]},"properties":{"category":"road","name":"","highway":"track","surface":"compacted"}},{"type":"Feature","id":"way/801895955","geometry":{"type":"Polygon","coordinates":[[[-2.6031488,39.947794],[-2.6029699,39.9479966],[-2.6028744,39.9480558],[-2.6027565,39.9480792],[-2.6027036,39.9480699],[-2.6021141,39.9476024],[-2.6018722,39.947392],[-2.6018526,39.9473567],[-2.6020297,39.9473438],[-2.6022931,39.9473142],[-2.602401,39.9472953],[-2.6031481,39.9472032],[-2.6036688,39.9471453],[-2.6038059,39.9471394],[-2.6036692,39.9472471],[-2.6030695,39.9473032],[-2.6027504,39.9473421],[-2.6023682,39.9473857],[-2.6024597,39.9475104],[-2.6025309,39.9475104],[-2.6027849,39.9474746],[-2.6028088,39.9475788],[-2.6028324,39.9476823],[-2.6028622,39.9478127],[-2.6031488,39.947794]]]},"properties":{"category":"landuse","name":"","landuse":"farmland"}},{"type":"Feature","id":"way/801895956","geometry":{"type":"Polygon","coordinates":[[[-2.6031488,39.947794],[-2.603285,39.9476398],[-2.6028324,39.9476823],[-2.6028622,39.9478127],[-2.6031488,39.947794]]]},"properties":{"category":"landuse","name":"","landuse":"farmland"}},{"type":"Feature","id":"way/801895957","geometry":{"type":"Polygon","coordinates":[[[-2.603285,39.9476398],[-2.6028324,39.9476823],[-2.6028088,39.9475788],[-2.6033968,39.9475166],[-2.603285,39.9476398]]]},"properties":{"category":"landuse","name":"","landuse":"farmland"}},{"type":"Feature","id":"way/801895958","geometry":{"type":"Polygon","coordinates":[[[-2.6033968,39.9475166],[-2.603531,39.9473889],[-2.6032586,39.9474138],[-2.6027849,39.9474746],[-2.6028088,39.9475788],[-2.6033968,39.9475166]]]},"properties":{"category":"landuse","name":"","landuse":"farmland"}},{"type":"Feature","id":"way/801895959","geometry":{"type":"Polygon","coordinates":[[[-2.603531,39.9473889],[-2.6032586,39.9474138],[-2.6027849,39.9474746],[-2.6025309,39.9475104],[-2.6024597,39.9475104],[-2.6023682,39.9473857],[-2.6027504,39.9473421],[-2.6030695,39.9473032],[-2.6036692,39.9472471],[-2.603531,39.9473889]]]},"properties":{"category":"landuse","name":"","landuse":"farmland"}},{"type":"Feature","id":"way/801895960","geometry":{"type":"Polygon","coordinates":[[[-2.6022054,39.9479763],[-2.6018576,39.9479932],[-2.6018426,39.9478474],[-2.6021939,39.9478304],[-2.6022054,39.9479763]]]},"properties":{"category":"building","name":"","building":"farm_auxiliary","building_levels":"2","height":6.0,"height_estimated":false}},{"type":"Feature","id":"way/801895961","geometry":{"type":"Polygon","coordinates":[[[-2.6016948,39.9473997],[-2.6016559,39.9472898],[-2.6017258,39.9472871],[-2.6017904,39.9473902],[-2.6016948,39.9473997]]]},"properties":{"category":"building","name":"","building":"farm_auxiliary","building_levels":"1","height":3.0,"height_estimated":false}},{"type":"Feature","id":"way/801895962","geometry":{"type":"Polygon","coordinates":[[[-2.6016405,39.9491262],[-2.6021099,39.9491097],[-2.6024612,39.9486039],[-2.6027294,39.9482749],[-2.6027214,39.9481865],[-2.601788,39.9482502],[-2.601847,39.9485401],[-2.6018685,39.9488465],[-2.6018899,39.9490398],[-2.6016405,39.9491262]]]},"properties":{"category":"landuse","name":"","landuse":"farmland"}},{"type":"Feature","id":"way/801895963","geometry":{"type":"Polygon","coordinates":[[[-2.6026539,39.9481548],[-2.6025885,39.948162],[-2.6017829,39.9482265],[-2.6017736,39.9482103],[-2.6017943,39.948137],[-2.6018379,39.948026],[-2.6018376,39.9479145],[-2.6018296,39.9478326],[-2.6018123,39.9477303],[-2.6017993,39.9476536],[-2.6017923,39.9475928],[-2.6017786,39.947551],[-2.6017759,39.9475426],[-2.6017409,39.9474567],[-2.6017276,39.9474034],[-2.6017906,39.9473967],[-2.6018208,39.9473818],[-2.601913,39.9474925],[-2.6020248,39.9476016],[-2.6023948,39.947893],[-2.6026611,39.9481081],[-2.6026712,39.9481361],[-2.6026539,39.9481548]]]},"properties":{"category":"landuse","name":"","landuse":"farmyard"}},{"type":"Feature","id":"way/803253362","geometry":{"type":"Polygon","coordinates":[[[-2.6015127,39.9491544],[-2.601506,39.949141],[-2.6015436,39.9491123],[-2.6018453,39.9489971],[-2.6018212,39.9489292],[-2.6018051,39.9488388],[-2.6010943,39.9488748],[-2.6008569,39.9488912],[-2.6007,39.9488943],[-2.6007657,39.9489961],[-2.6008623,39.9490794],[-2.600936,39.9490907],[-2.6011385,39.9490979],[-2.6014617,39.9491441],[-2.6014845,39.9491524],[-2.6015127,39.9491544]]]},"properties":{"category":"landuse","name":"","landuse":"farmland"}},{"type":"Feature","id":"way/803253363","geometry":{"type":"Polygon","coordinates":[[[-2.6018051,39.9488388],[-2.6017943,39.9486188],[-2.601384,39.9486342],[-2.6011841,39.9486434],[-2.6008743,39.948665],[-2.60059,39.9486763],[-2.6006008,39.9486969],[-2.6006464,39.9488131],[-2.6007,39.9488943],[-2.6008569,39.9488912],[-2.6010943,39.9488748],[-2.6018051,39.9488388]]]},"properties":{"category":"landuse","name":"","landuse":"farmland"}},{"type":"Feature","id":"way/803253364","geometry":{"type":"Polygon","coordinates":[[[-2.60059,39.9486763],[-2.6005672,39.9486342],[-2.6005136,39.9484944],[-2.6005055,39.9484491],[-2.6004814,39.9483885],[-2.6007782,39.9483481],[-2.6016669,39.948227],[-2.6017206,39.9482178],[-2.6017836,39.9482106],[-2.6017829,39.9482265],[-2.6017434,39.9482301],[-2.60173,39.9482476],[-2.6017407,39.9483072],[-2.6017608,39.9484275],[-2.6017796,39.9484656],[-2.6017876,39.9485817],[-2.6017943,39.9486188],[-2.601384,39.9486342],[-2.6011841,39.9486434],[-2.6008743,39.948665],[-2.60059,39.9486763]]]},"properties":{"category":"landuse","name":"","landuse":"farmland"}},{"type":"Feature","id":"way/803253365","geometry":{"type":"Polygon","coordinates":[[[-2.6004814,39.9483885],[-2.6004559,39.9483412],[-2.6006785,39.9483],[-2.6014765,39.9481777],[-2.6015422,39.9481705],[-2.6016146,39.9481633],[-2.6017031,39.948151],[-2.6017943,39.948137],[-2.6017736,39.9482103],[-2.6017206,39.9482178],[-2.6016669,39.948227],[-2.6007782,39.9483481],[-2.6004814,39.9483885]]]},"properties":{"category":"landuse","name":"","landuse":"farmland"}},{"type":"Feature","id":"way/803253366","geometry":{"type":"Polygon","coordinates":[[[-2.6004559,39.9483412],[-2.6004009,39.9482425],[-2.6003661,39.9481839],[-2.6010621,39.9480512],[-2.6017461,39.9479258],[-2.6018376,39.9479145],[-2.6018379,39.948026],[-2.6017943,39.948137],[-2.6017031,39.948151],[-2.6016146,39.9481633],[-2.6015422,39.9481705],[-2.6014765,39.9481777],[-2.6006785,39.9483],[-2.6004559,39.9483412]]]},"properties":{"category":"landuse","name":"","landuse":"farmland"}},{"type":"Feature","id":"way/803253367","geometry":{"type":"Polygon","coordinates":[[[-2.6003661,39.9481839],[-2.6003433,39.9481273],[-2.601274,39.947933],[-2.6014175,39.9479063],[-2.601565,39.9478857],[-2.6018296,39.9478326],[-2.6018376,39.9479145],[-2.6017461,39.9479258],[-2.6010621,39.9480512],[-2.6003661,39.9481839]]]},"properties":{"category":"landuse","name":"","landuse":"farmland"}},{"type":"Feature","id":"way/803253368","geometry":{"type":"Polygon","coordinates":[[[-2.6003433,39.9481273],[-2.6003299,39.9480811],[-2.6003097,39.9480204],[-2.6013089,39.9478209],[-2.6018123,39.9477303],[-2.6018296,39.9478326],[-2.601565,39.9478857],[-2.6014175,39.9479063],[-2.601274,39.947933],[-2.6003433,39.9481273]]]},"properties":{"category":"landuse","name":"","landuse":"farmland"}},{"type":"Feature","id":"way/803253369","geometry":{"type":"Polygon","coordinates":[[[-2.6003097,39.9480204],[-2.6002856,39.94797],[-2.6003862,39.9479402],[-2.60059,39.9479032],[-2.6010983,39.9477921],[-2.6016401,39.9476811],[-2.6017993,39.9476536],[-2.6018123,39.9477303],[-2.6013089,39.9478209],[-2.6003097,39.9480204]]]},"properties":{"category":"landuse","name":"","landuse":"farmland"}},{"type":"Feature","id":"way/803253370","geometry":{"type":"Polygon","coordinates":[[[-2.6002856,39.94797],[-2.6002588,39.947934],[-2.6003178,39.9479135],[-2.6006705,39.9478312],[-2.6013156,39.9476677],[-2.6017786,39.947551],[-2.6017923,39.9475928],[-2.6017993,39.9476536],[-2.6016401,39.9476811],[-2.6010983,39.9477921],[-2.60059,39.9479032],[-2.6003862,39.9479402],[-2.6002856,39.94797]]]},"properties":{"category":"landuse","name":"","landuse":"farmland"}},{"type":"Feature","id":"way/803253371","geometry":{"type":"Polygon","coordinates":[[[-2.6002588,39.947934],[-2.6002145,39.9478703],[-2.6001864,39.9478425],[-2.6012177,39.9475855],[-2.6015449,39.9475063],[-2.6017058,39.9474673],[-2.6017409,39.9474567],[-2.6017759,39.9475426],[-2.6017786,39.947551],[-2.6013156,39.9476677],[-2.6006705,39.9478312],[-2.6003178,39.9479135],[-2.6002588,39.947934]]]},"properties":{"category":"landuse","name":"","landuse":"farmland"}},{"type":"Feature","id":"way/803253372","geometry":{"type":"Polygon","coordinates":[[[-2.6001864,39.9478425],[-2.6001341,39.9477932],[-2.6005994,39.9475567],[-2.6010715,39.9473614],[-2.6014778,39.9472267],[-2.6015242,39.9471969],[-2.6016498,39.9472166],[-2.6016879,39.9472315],[-2.601741,39.9472829],[-2.6018208,39.9473818],[-2.6017906,39.9473967],[-2.6017276,39.9474034],[-2.6017409,39.9474567],[-2.6017058,39.9474673],[-2.6015449,39.9475063],[-2.6012177,39.9475855],[-2.6001864,39.9478425]]]},"properties":{"category":"landuse","name":"","landuse":"farmland"}},{"type":"Feature","id":"way/803253373","geometry":{"type":"Polygon","coordinates":[[[-2.600647,39.9490631],[-2.6001998,39.9490382],[-2.6001754,39.9490273],[-2.6002181,39.9488403],[-2.6001211,39.9488152],[-2.6000186,39.9487888],[-2.6000067,39.9487857],[-2.5999347,39.9487709],[-2.5997729,39.9487374],[-2.59959,39.948686],[-2.5994966,39.9484667],[-2.599475,39.9484158],[-2.5994662,39.9483967],[-2.5994332,39.9484002],[-2.5994111,39.9481546],[-2.5994863,39.9481156],[-2.5996144,39.9482582],[-2.5997201,39.9483759],[-2.600214,39.9481163],[-2.6002567,39.9480938],[-2.6003523,39.948298],[-2.6004681,39.9486081],[-2.6004905,39.9486922],[-2.600647,39.9490631]]]},"properties":{"category":"landuse","name":"","landuse":"farmyard"}},{"type":"Feature","id":"way/803253374","geometry":{"type":"Polygon","coordinates":[[[-2.6001754,39.9490273],[-2.6000331,39.9490062],[-2.6001211,39.9488152],[-2.6002181,39.9488403],[-2.6001754,39.9490273]]]},"properties":{"category":"landuse","name":"","landuse":"farmland"}},{"type":"Feature","id":"way/803253375","geometry":{"type":"Polygon","coordinates":[[[-2.6000331,39.9490062],[-2.5998848,39.9489748],[-2.6000186,39.9487888],[-2.6001211,39.9488152],[-2.6000331,39.9490062]]]},"properties":{"category":"landuse","name":"","landuse":"farmland"}},{"type":"Feature","id":"way/803253376","geometry":{"type":"Polygon","coordinates":[[[-2.5998848,39.9489748],[-2.5998322,39.9489605],[-2.5997657,39.9489328],[-2.5999347,39.9487709],[-2.6000067,39.9487857],[-2.6000186,39.9487888],[-2.5998848,39.9489748]]]},"properties":{"category":"landuse","name":"","landuse":"farmland"}},{"type":"Feature","id":"way/803253377","geometry":{"type":"Polygon","coordinates":[[[-2.5996431,39.9488853],[-2.5995672,39.9488549],[-2.5994236,39.9487815],[-2.5993734,39.9487323],[-2.5993606,39.948709],[-2.5993547,39.9486705],[-2.5994178,39.9486535],[-2.5994528,39.9486356],[-2.5994516,39.9486491],[-2.59959,39.948686],[-2.5997729,39.9487374],[-2.5996431,39.9488853]]]},"properties":{"category":"landuse","name":"","landuse":"farmland"}},{"type":"Feature","id":"way/803253378","geometry":{"type":"Polygon","coordinates":[[[-2.5993547,39.9486705],[-2.5993209,39.948684],[-2.5991948,39.9486625],[-2.5991376,39.9485255],[-2.5991166,39.9483098],[-2.5994111,39.9481546],[-2.5994332,39.9484002],[-2.5994349,39.9484197],[-2.599438,39.9484693],[-2.5994528,39.9486356],[-2.5994178,39.9486535],[-2.5993547,39.9486705]]]},"properties":{"category":"landuse","name":"","landuse":"farmland"}},{"type":"Feature","id":"way/803253379","geometry":{"type":"Polygon","coordinates":[[[-2.5997657,39.9489328],[-2.5996431,39.9488853],[-2.5997729,39.9487374],[-2.5999347,39.9487709],[-2.5997657,39.9489328]]]},"properties":{"category":"building","name":"","building":"farm_auxiliary","building_levels":"1","height":3.0,"height_estimated":false}},{"type":"Feature","id":"way/803253380","geometry":{"type":"Polygon","coordinates":[[[-2.59959,39.948686],[-2.5994516,39.9486491],[-2.5994528,39.9486356],[-2.599438,39.9484693],[-2.5994966,39.9484667],[-2.59959,39.948686]]]},"properties":{"category":"building","name":"","building":"farm_auxiliary","building_levels":"2","height":6.0,"height_estimated":false}},{"type":"Feature","id":"way/803253381","geometry":{"type":"Polygon","coordinates":[[[-2.599475,39.9484158],[-2.5994662,39.9483967],[-2.5994332,39.9484002],[-2.5994349,39.9484197],[-2.599475,39.9484158]]]},"properties":{"category":"building","name":"","building":"farm_auxiliary","building_levels":"1","height":3.0,"height_estimated":false}},{"type":"Feature","id":"way/803253382","geometry":{"type":"Polygon","coordinates":[[[-2.5994966,39.9484667],[-2.599438,39.9484693],[-2.5994349,39.9484197],[-2.599475,39.9484158],[-2.5994966,39.9484667]]]},"properties":{"category":"landuse","name":"","amenity":"parking"}},{"type":"Feature","id":"way/803253383","geometry":{"type":"Polygon","coordinates":[[[-2.6004604,39.9486546],[-2.6002324,39.9487101],[-2.6000755,39.9483616],[-2.6003035,39.9482999],[-2.6004604,39.9486546]]]},"properties":{"category":"building","name":"","building":"farm_auxiliary","height":8.0,"height_estimated":false}},{"type":"Feature","id":"way/803253384","geometry":{"type":"Polygon","coordinates":[[[-2.6002068,39.9482446],[-2.600189,39.948243],[-2.6001729,39.9482353],[-2.6001636,39.9482271],[-2.6001595,39.9482181],[-2.6001592,39.9482055],[-2.6001632,39.948198],[-2.6001676,39.9481901],[-2.6001773,39.9481831],[-2.600188,39.9481785],[-2.6002014,39.9481767],[-2.6002145,39.9481783],[-2.6002259,39.9481819],[-2.6002373,39.9481885],[-2.6002444,39.9481983],[-2.6002474,39.9482091],[-2.6002454,39.9482196],[-2.600241,39.9482284],[-2.6002343,39.9482356],[-2.6002212,39.948242],[-2.6002068,39.9482446]]]},"properties":{"category":"building","name":"","building":"yes","height":11.0,"height_estimated":false}},{"type":"Feature","id":"way/803253385","geometry":{"type":"Polygon","coordinates":[[[-2.6001131,39.9482836],[-2.6000953,39.9482821],[-2.6000792,39.9482744],[-2.6000699,39.9482662],[-2.6000658,39.9482572],[-2.6000655,39.9482446],[-2.6000695,39.9482371],[-2.6000739,39.9482291],[-2.6000836,39.9482222],[-2.6000943,39.9482176],[-2.6001077,39.9482158],[-2.6001208,39.9482173],[-2.6001322,39.9482209],[-2.6001436,39.9482276],[-2.6001507,39.9482374],[-2.6001537,39.9482482],[-2.6001517,39.9482587],[-2.6001473,39.9482674],[-2.6001406,39.9482746],[-2.6001275,39.9482811],[-2.6001131,39.9482836]]]},"properties":{"category":"building","name":"","building":"yes","height":11.0,"height_estimated":false}},{"type":"Feature","id":"way/803253386","geometry":{"type":"Polygon","coordinates":[[[-2.5997201,39.9483759],[-2.5996144,39.9482582],[-2.6000269,39.948048],[-2.6001694,39.948008],[-2.600214,39.9481163],[-2.5997201,39.9483759]]]},"properties":{"category":"building","name":"","building":"farm_auxiliary","building_levels":"1","height":8.0,"height_estimated":false}},{"type":"Feature","id":"way/803253387","geometry":{"type":"Polygon","coordinates":[[[-2.5996144,39.9482582],[-2.5994863,39.9481156],[-2.5999146,39.9478818],[-2.6000269,39.948048],[-2.5996144,39.9482582]]]},"properties":{"category":"building","name":"","building":"farm_auxiliary","building_levels":"1","height":8.0,"height_estimated":false}},{"type":"Feature","id":"way/803253388","geometry":{"type":"Polygon","coordinates":[[[-2.600214,39.9481163],[-2.6002567,39.9480938],[-2.6000662,39.9478123],[-2.5999146,39.9478818],[-2.6000269,39.948048],[-2.6001694,39.948008],[-2.600214,39.9481163]]]},"properties":{"category":"landuse","name":"","landuse":"farmyard"}},{"type":"Feature","id":"way/803253390","geometry":{"type":"Polygon","coordinates":[[[-2.5985679,39.9487141],[-2.5985739,39.9486801],[-2.5985518,39.9486354],[-2.5986398,39.9485811],[-2.5987376,39.9485208],[-2.5987812,39.9484939],[-2.5987982,39.9484834],[-2.5988401,39.9484576],[-2.5989427,39.9485773],[-2.5990021,39.9486638],[-2.5990212,39.9486914],[-2.5989326,39.9487305],[-2.5988669,39.9487403],[-2.5988113,39.9487418],[-2.5986718,39.9487295],[-2.5985679,39.9487141]]]},"properties":{"category":"landuse","name":"","landuse":"residential"}},{"type":"Feature","id":"way/803253391","geometry":{"type":"Polygon","coordinates":[[[-2.5990021,39.9486638],[-2.5989514,39.9486858],[-2.5988884,39.9486005],[-2.5989427,39.9485773],[-2.5990021,39.9486638]]]},"properties":{"category":"building","name":"","building":"house","building_levels":"1","height":3.0,"height_estimated":false}},{"type":"Feature","id":"way/803253392","geometry":{"type":"Polygon","coordinates":[[[-2.5988113,39.9487418],[-2.5988186,39.9486755],[-2.5986718,39.9486647],[-2.5986718,39.9486858],[-2.5986718,39.9487295],[-2.5988113,39.9487418]]]},"properties":{"category":"building","name":"","building":"house","building_levels":"1","height":3.0,"height_estimated":false}},{"type":"Feature","id":"way/803253393","geometry":{"type":"Polygon","coordinates":[[[-2.5986718,39.9486858],[-2.5986369,39.9486909],[-2.5986215,39.9486534],[-2.5986705,39.9486277],[-2.5986713,39.9486523],[-2.5986718,39.9486647],[-2.5986718,39.9486858]]]},"properties":{"category":"building","name":"","building":"house","building_levels":"1","height":3.0,"height_estimated":false}},{"type":"Feature","id":"way/803253394","geometry":{"type":"Polygon","coordinates":[[[-2.5986215,39.9486534],[-2.5985739,39.9486801],[-2.5985518,39.9486354],[-2.5986398,39.9485811],[-2.5986705,39.9486164],[-2.5986705,39.9486277],[-2.5986215,39.9486534]]]},"properties":{"category":"building","name":"","building":"house","building_levels":"1","height":3.0,"height_estimated":false}},{"type":"Feature","id":"way/803253395","geometry":{"type":"Polygon","coordinates":[[[-2.5988186,39.9486755],[-2.5988173,39.9486452],[-2.5988401,39.9486339],[-2.5988308,39.9486236],[-2.5987898,39.9485784],[-2.5986713,39.9486523],[-2.5986718,39.9486647],[-2.5988186,39.9486755]]]},"properties":{"category":"building","name":"","building":"house","building_levels":"1","height":3.0,"height_estimated":false}},{"type":"Feature","id":"way/803253396","geometry":{"type":"Polygon","coordinates":[[[-2.5988308,39.9486236],[-2.5988937,39.9485886],[-2.5988247,39.9485131],[-2.5988072,39.9485225],[-2.598761,39.9485475],[-2.5987898,39.9485784],[-2.5988308,39.9486236]]]},"properties":{"category":"building","name":"","building":"house","building_levels":"1","height":3.0,"height_estimated":false}},{"type":"Feature","id":"way/803253397","geometry":{"type":"Polygon","coordinates":[[[-2.5988072,39.9485225],[-2.5987812,39.9484939],[-2.5987982,39.9484834],[-2.5988247,39.9485131],[-2.5988072,39.9485225]]]},"properties":{"category":"building","name":"","building":"yes","height":2.5,"height_estimated":false}},{"type":"Feature","id":"way/803253398","geometry":{"type":"Polygon","coordinates":[[[-2.5986713,39.9486523],[-2.5986705,39.9486277],[-2.5986705,39.9486164],[-2.5986398,39.9485811],[-2.5987376,39.9485208],[-2.598761,39.9485475],[-2.5987898,39.9485784],[-2.5986713,39.9486523]]]},"properties":{"category":"building","name":"","building":"house","building_levels":"2","height":6.0,"height_estimated":false}},{"type":"Feature","id":"way/803253399","geometry":{"type":"Polygon","coordinates":[[[-2.5982543,39.9486672],[-2.5983482,39.9486215],[-2.5984092,39.9485917],[-2.5985594,39.9485007],[-2.5986345,39.948459],[-2.5987927,39.9483727],[-2.5987202,39.9482819],[-2.5987015,39.9482586],[-2.5986519,39.948279],[-2.5985898,39.9483046],[-2.5985319,39.9483285],[-2.5985453,39.9483418],[-2.5985336,39.9483477],[-2.5984608,39.9483845],[-2.5983497,39.9484438],[-2.5982999,39.9484704],[-2.5983408,39.9485151],[-2.5982798,39.948548],[-2.5982587,39.9485994],[-2.5982355,39.9486559],[-2.5982543,39.9486672]]]},"properties":{"category":"landuse","name":"","landuse":"residential"}},{"type":"Feature","id":"way/803253400","geometry":{"type":"Polygon","coordinates":[[[-2.5983482,39.9486215],[-2.5983132,39.9485826],[-2.5982676,39.9486068],[-2.5982587,39.9485994],[-2.5982355,39.9486559],[-2.5982543,39.9486672],[-2.5983482,39.9486215]]]},"properties":{"category":"building","name":"","building":"house","building_levels":"2","height":6.0,"height_estimated":false}},{"type":"Feature","id":"way/803253401","geometry":{"type":"Polygon","coordinates":[[[-2.5982676,39.9486068],[-2.5982587,39.9485994],[-2.5982798,39.948548],[-2.5983132,39.9485826],[-2.5982676,39.9486068]]]},"properties":{"category":"building","name":"","building":"house","building_levels":"1","height":3.0,"height_estimated":false}},{"type":"Feature","id":"way/803253402","geometry":{"type":"Polygon","coordinates":[[[-2.5983482,39.9486215],[-2.5983132,39.9485826],[-2.5982798,39.948548],[-2.5983408,39.9485151],[-2.5983636,39.9485406],[-2.5984092,39.9485917],[-2.5983482,39.9486215]]]},"properties":{"category":"building","name":"","building":"house","building_levels":"2","height":6.0,"height_estimated":false}},{"type":"Feature","id":"way/803253403","geometry":{"type":"Polygon","coordinates":[[[-2.5983636,39.9485406],[-2.5984124,39.9485132],[-2.5983497,39.9484438],[-2.5982999,39.9484704],[-2.5983408,39.9485151],[-2.5983636,39.9485406]]]},"properties":{"category":"building","name":"","building":"house","building_levels":"2","height":6.0,"height_estimated":false}},{"type":"Feature","id":"way/803253404","geometry":{"type":"Polygon","coordinates":[[[-2.5984092,39.9485917],[-2.5983636,39.9485406],[-2.5984124,39.9485132],[-2.5985197,39.9484531],[-2.5985271,39.9484618],[-2.5985594,39.9485007],[-2.5984092,39.9485917]]]},"properties":{"category":"building","name":"","building":"house","building_levels":"1","height":3.0,"height_estimated":false}},{"type":"Feature","id":"way/803253405","geometry":{"type":"Polygon","coordinates":[[[-2.5984124,39.9485132],[-2.5983497,39.9484438],[-2.5984608,39.9483845],[-2.5985197,39.9484531],[-2.5984124,39.9485132]]]},"properties":{"category":"building","name":"","building":"house","building_levels":"2","height":6.0,"height_estimated":false}},{"type":"Feature","id":"way/803253406","geometry":{"type":"Polygon","coordinates":[[[-2.5985594,39.9485007],[-2.5985271,39.9484618],[-2.5986022,39.9484222],[-2.5986345,39.948459],[-2.5985594,39.9485007]]]},"properties":{"category":"building","name":"","building":"house","building_levels":"1","height":3.0,"height_estimated":false}},{"type":"Feature","id":"way/803253407","geometry":{"type":"Polygon","coordinates":[[[-2.5985271,39.9484618],[-2.5985197,39.9484531],[-2.5984608,39.9483845],[-2.5985336,39.9483477],[-2.5986022,39.9484222],[-2.5985271,39.9484618]]]},"properties":{"category":"building","name":"","building":"house","building_levels":"2","height":6.0,"height_estimated":false}},{"type":"Feature","id":"way/803253408","geometry":{"type":"Polygon","coordinates":[[[-2.5987202,39.9482819],[-2.5986699,39.948303],[-2.5986519,39.948279],[-2.5987015,39.9482586],[-2.5987202,39.9482819]]]},"properties":{"category":"building","name":"","building":"house","building_levels":"1","height":3.0,"height_estimated":false}},{"type":"Feature","id":"way/803253409","geometry":{"type":"Polygon","coordinates":[[[-2.5986149,39.9483333],[-2.5985599,39.948358],[-2.5985453,39.9483418],[-2.5985319,39.9483285],[-2.5985898,39.9483046],[-2.5986149,39.9483333]]]},"properties":{"category":"building","name":"","building":"house","building_levels":"1","height":3.0,"height_estimated":false}},{"type":"Feature","id":"way/803253410","geometry":{"type":"Polygon","coordinates":[[[-2.5984106,39.9483388],[-2.5983885,39.9483477],[-2.5983558,39.9483173],[-2.5983406,39.948286],[-2.5983312,39.9482198],[-2.5983966,39.9480211],[-2.5984141,39.9479933],[-2.5984585,39.947996],[-2.5985204,39.9480273],[-2.5986687,39.9481893],[-2.5986476,39.9482215],[-2.5984106,39.9483388]]]},"properties":{"category":"landuse","name":"","leisure":"park"}},{"type":"Feature","id":"way/803253411","geometry":{"type":"Polygon","coordinates":[[[-2.601082,39.9510704],[-2.6012487,39.9506341],[-2.6015252,39.9500607],[-2.6017732,39.9495994],[-2.6016512,39.9493719],[-2.6015333,39.9492379],[-2.6012853,39.949188],[-2.6008991,39.9491506],[-2.6006064,39.9491257],[-2.6001023,39.9490883],[-2.5998421,39.9490384],[-2.5997242,39.9489979],[-2.5992404,39.9488452],[-2.599094,39.948839],[-2.5988786,39.9488327],[-2.598411,39.948814],[-2.5982159,39.9488265],[-2.597728,39.9490914],[-2.5975857,39.9492005],[-2.5975573,39.949375],[-2.5975735,39.9495402],[-2.5976426,39.9497334],[-2.5977239,39.9498385],[-2.5977809,39.9498768],[-2.5982891,39.9500731],[-2.5984964,39.9500669],[-2.5987119,39.950017],[-2.5988826,39.9500108],[-2.5991265,39.9501479],[-2.5992485,39.950204],[-2.5993542,39.9501791],[-2.5994802,39.950123],[-2.5995656,39.9500918],[-2.5996713,39.9501448],[-2.5998299,39.9503848],[-2.5999518,39.9506466],[-2.6000169,39.9507931],[-2.6001429,39.9508398],[-2.6003185,39.95086],[-2.6002978,39.9507028],[-2.6005011,39.9507091],[-2.6006011,39.9509597],[-2.6007243,39.9510112],[-2.6007836,39.9510335],[-2.601082,39.9510704]]]},"properties":{"category":"landuse","name":"","landuse":"farmland"}},{"type":"Feature","id":"way/803253412","geometry":{"type":"Polygon","coordinates":[[[-2.5997242,39.9489979],[-2.5997066,39.9490356],[-2.5996591,39.9491378],[-2.5996428,39.9491728],[-2.5989079,39.949146],[-2.5988784,39.9491183],[-2.5988786,39.9488327],[-2.599094,39.948839],[-2.5992404,39.9488452],[-2.5997242,39.9489979]]]},"properties":{"category":"landuse","name":"","landuse":"farmyard"}},{"type":"Feature","id":"way/803253413","geometry":{"type":"Polygon","coordinates":[[[-2.5996591,39.9491378],[-2.599443,39.9490792],[-2.5994953,39.9489774],[-2.5997066,39.9490356],[-2.5996591,39.9491378]]]},"properties":{"category":"building","name":"","building":"farm_auxiliary","height":5.0,"height_estimated":false}},{"type":"Feature","id":"way/803253414","geometry":{"type":"Polygon","coordinates":[[[-2.5992708,39.9490354],[-2.5992739,39.9489078],[-2.5992354,39.9489072],[-2.5992323,39.9490336],[-2.5992708,39.9490354]]]},"properties":{"category":"building","name":"","building":"farm_auxiliary","building_levels":"1","height":3.0,"height_estimated":false}},{"type":"Feature","id":"way/803253415","geometry":{"type":"Polygon","coordinates":[[[-2.5992323,39.9490336],[-2.5991868,39.9490342],[-2.5991876,39.948906],[-2.5992354,39.9489072],[-2.5992323,39.9490336]]]},"properties":{"category":"building","name":"","building":"farm_auxiliary","building_levels":"2","height":6.0,"height_estimated":false}},{"type":"Feature","id":"way/803253416","geometry":{"type":"Polygon","coordinates":[[[-2.5991868,39.9490342],[-2.5991545,39.949033],[-2.5991576,39.948906],[-2.5991876,39.948906],[-2.5991868,39.9490342]]]},"properties":{"category":"building","name":"","building":"farm_auxiliary","building_levels":"1","height":3.0,"height_estimated":false}},{"type":"Feature","id":"way/803253417","geometry":{"type":"Polygon","coordinates":[[[-2.5991545,39.949033],[-2.5991237,39.9490336],[-2.5991283,39.9489055],[-2.5991576,39.948906],[-2.5991545,39.949033]]]},"properties":{"category":"building","name":"","building":"farm_auxiliary","height":2.5,"height_estimated":false}},{"type":"Feature","id":"way/803253418","geometry":{"type":"Polygon","coordinates":[[[-2.5983115,39.9500334],[-2.5977293,39.9498123],[-2.5977789,39.9496427],[-2.5984071,39.9498774],[-2.5983115,39.9500334]]]},"properties":{"category":"building","name":"","building":"farm_auxiliary","height":8.0,"height_estimated":false}},{"type":"Feature","id":"way/803705987","geometry":{"type":"LineString","coordinates":[[-2.6010892,39.9520911],[-2.6013944,39.9520724],[-2.6017644,39.9520755],[-2.6020205,39.9520724]]},"properties":{"category":"water","name":""}},{"type":"Feature","id":"way/803705988","geometry":{"type":"LineString","coordinates":[[-2.6021281,39.9520814],[-2.6022075,39.952088],[-2.6024311,39.9520662],[-2.6026913,39.9520786],[-2.6028011,39.952116],[-2.6030613,39.952141],[-2.6032158,39.9521472]]},"properties":{"category":"water","name":""}},{"type":"Feature","id":"way/803705989","geometry":{"type":"LineString","coordinates":[[-2.6020205,39.9520724],[-2.6021281,39.9520814]]},"properties":{"category":"water","name":""}},{"type":"Feature","id":"way/803705990","geometry":{"type":"Polygon","coordinates":[[[-2.6041584,39.9480254],[-2.6041089,39.9477405],[-2.6040947,39.9476347],[-2.6040983,39.947499],[-2.604077,39.9473769],[-2.6049583,39.9473607],[-2.6046964,39.9478463],[-2.6046398,39.947944],[-2.6045973,39.947982],[-2.604523,39.9480037],[-2.6041584,39.9480254]]]},"properties":{"category":"landuse","name":"","landuse":"farmland"}},{"type":"Feature","id":"way/803705991","geometry":{"type":"Polygon","coordinates":[[[-2.6049583,39.9473607],[-2.6051423,39.9469998],[-2.6052556,39.9467692],[-2.6053653,39.9464924],[-2.6054892,39.9461559],[-2.6054608,39.9461559],[-2.6046787,39.9467583],[-2.6043177,39.9470568],[-2.6040487,39.9472982],[-2.604077,39.9473769],[-2.6049583,39.9473607]]]},"properties":{"category":"landuse","name":"","landuse":"farmland"}},{"type":"Feature","id":"way/803705992","geometry":{"type":"Polygon","coordinates":[[[-2.6033692,39.9480797],[-2.6033515,39.948039],[-2.6036346,39.9477486],[-2.604031,39.9477025],[-2.6040487,39.9478165],[-2.6040876,39.9479196],[-2.6040947,39.948001],[-2.6040629,39.9480227],[-2.6033692,39.9480797]]]},"properties":{"category":"landuse","name":"","landuse":"farmland"}},{"type":"Feature","id":"way/803705993","geometry":{"type":"Polygon","coordinates":[[[-2.6036346,39.9477486],[-2.6037833,39.9475777],[-2.6040275,39.9475587],[-2.604031,39.9477025],[-2.6036346,39.9477486]]]},"properties":{"category":"landuse","name":"","landuse":"farmland"}},{"type":"Feature","id":"way/803705994","geometry":{"type":"Polygon","coordinates":[[[-2.6034895,39.9490347],[-2.6033479,39.9481448],[-2.6044805,39.9480607],[-2.60453,39.9480824],[-2.6045407,39.9481285],[-2.6040558,39.9489994],[-2.6034895,39.9490347]]]},"properties":{"category":"landuse","name":"","landuse":"farmland"}},{"type":"Feature","id":"way/803705995","geometry":{"type":"Polygon","coordinates":[[[-2.6034895,39.9490347],[-2.6025941,39.9490781],[-2.6031745,39.9482669],[-2.6032736,39.9481475],[-2.6033479,39.9481448],[-2.6034895,39.9490347]]]},"properties":{"category":"landuse","name":"","landuse":"farmland"}},{"type":"Feature","id":"way/803705996","geometry":{"type":"Polygon","coordinates":[[[-2.6040558,39.9489994],[-2.6038648,39.9493502],[-2.603748,39.9495726],[-2.6037126,39.9496432],[-2.6036277,39.9496974],[-2.6035073,39.9497164],[-2.6031817,39.9497381],[-2.6027995,39.9497544],[-2.6025128,39.9497626],[-2.6023288,39.9497626],[-2.6021978,39.949749],[-2.6022828,39.9495672],[-2.6025941,39.9490781],[-2.6034895,39.9490347],[-2.6040558,39.9489994]]]},"properties":{"category":"landuse","name":"","landuse":"farmland"}},{"type":"Feature","id":"way/803705997","geometry":{"type":"Polygon","coordinates":[[[-2.6034609,39.949785],[-2.603587,39.9497689],[-2.6036174,39.9497868],[-2.6036127,39.9498226],[-2.6034492,39.9500392],[-2.6031947,39.9503632],[-2.6030196,39.9505744],[-2.6028725,39.950766],[-2.6027884,39.9508716],[-2.6027534,39.9509056],[-2.602695,39.9509289],[-2.6026553,39.9509038],[-2.6024522,39.9506353],[-2.6023098,39.9503829],[-2.6020786,39.9499623],[-2.6021603,39.9498137],[-2.6022771,39.9498244],[-2.602702,39.9498226],[-2.6031784,39.949794],[-2.6034609,39.949785]]]},"properties":{"category":"landuse","name":"","landuse":"farmland"}},{"type":"Feature","id":"way/803705998","geometry":{"type":"Polygon","coordinates":[[[-2.6014797,39.9510675],[-2.6014631,39.9510176],[-2.6015746,39.9507178],[-2.601726,39.9503553],[-2.601863,39.950077],[-2.6019527,39.9499019],[-2.6020342,39.9500625],[-2.6021627,39.9503024],[-2.6022747,39.9505082],[-2.6023681,39.9506693],[-2.6024779,39.9508197],[-2.6025433,39.9509092],[-2.6025176,39.9509468],[-2.6024475,39.9509736],[-2.6023284,39.9509951],[-2.6018988,39.9510291],[-2.6014797,39.9510675]]]},"properties":{"category":"landuse","name":"","landuse":"farmland"}},{"type":"Feature","id":"way/803705999","geometry":{"type":"Polygon","coordinates":[[[-2.6032246,39.9521135],[-2.6029817,39.9516266],[-2.6028627,39.9513868],[-2.6027763,39.9512382],[-2.6027109,39.9512113],[-2.6026595,39.9512203],[-2.6026198,39.9512722],[-2.6024727,39.9515067],[-2.6024377,39.9515765],[-2.6023536,39.9517251],[-2.6022509,39.9518826],[-2.6021201,39.9520526],[-2.6022369,39.9520544],[-2.6024027,39.9520419],[-2.6025848,39.9520455],[-2.6027156,39.952058],[-2.6028136,39.9520902],[-2.6031849,39.952126],[-2.6032246,39.9521135]]]},"properties":{"category":"landuse","name":"","landuse":"farmland"}},{"type":"Feature","id":"way/803706000","geometry":{"type":"Polygon","coordinates":[[[-2.602001,39.9520419],[-2.6020874,39.9519452],[-2.6022182,39.9517662],[-2.6023326,39.951589],[-2.6023887,39.9514709],[-2.6025381,39.9512328],[-2.6026081,39.9511129],[-2.6026175,39.951052],[-2.6025661,39.9510252],[-2.6025031,39.951027],[-2.6021855,39.9510556],[-2.6015854,39.9511129],[-2.6015027,39.9511146],[-2.6014282,39.9512037],[-2.6013881,39.9513021],[-2.6012906,39.9515682],[-2.6011624,39.9519866],[-2.6012375,39.9520616],[-2.6013916,39.952049],[-2.6016905,39.952049],[-2.6018866,39.9520437],[-2.602001,39.9520419]]]},"properties":{"category":"landuse","name":"","landuse":"farmland"}},{"type":"Feature","id":"way/803706001","geometry":{"type":"LineString","coordinates":[[-2.6000456,39.9509436],[-2.5999712,39.9507428],[-2.5999107,39.9505838],[-2.5998229,39.950409],[-2.5997166,39.950246],[-2.5996534,39.950161],[-2.599598,39.9501291],[-2.5995394,39.9501256],[-2.5994716,39.950148],[-2.5994116,39.9501905],[-2.5993499,39.9502271],[-2.5992822,39.9502425],[-2.599219,39.9502307],[-2.5991343,39.9501953],[-2.599008,39.9501268],[-2.5989032,39.9500571],[-2.5988262,39.9500346],[-2.5987214,39.9500358],[-2.5985966,39.9500713],[-2.5984672,39.9500949],[-2.5983656,39.9500996],[-2.598307,39.9500984],[-2.5982423,39.9500724],[-2.5978464,39.9499201],[-2.5977416,39.9498847],[-2.5977087,39.9498826]]},"properties":{"category":"road","name":"","highway":"path","surface":"unpaved"}},{"type":"Feature","id":"way/804339689","geometry":{"type":"LineString","coordinates":[[-2.5990812,39.9472875],[-2.5991122,39.9472352],[-2.5991671,39.9471768],[-2.5992193,39.9470432]]},"properties":{"category":"road","name":"","highway":"residential"}},{"type":"Feature","id":"way/804339690","geometry":{"type":"LineString","coordinates":[[-2.5990812,39.9472875],[-2.5991861,39.9475364]]},"properties":{"category":"road","name":"","highway":"residential"}},{"type":"Feature","id":"way/804339691","geometry":{"type":"Polygon","coordinates":[[[-2.599431,39.9479987],[-2.599395,39.9479598],[-2.5992955,39.9478522],[-2.5993945,39.9478127],[-2.5994171,39.9478026],[-2.5995127,39.9477642],[-2.5995889,39.9477341],[-2.5996959,39.9476929],[-2.5997727,39.9476616],[-2.5998199,39.9477153],[-2.5998686,39.9477743],[-2.5996956,39.9478621],[-2.5996235,39.9478988],[-2.599431,39.9479987]]]},"properties":{"category":"landuse","name":"","landuse":"residential"}},{"type":"Feature","id":"way/804339692","geometry":{"type":"Polygon","coordinates":[[[-2.5990699,39.9476347],[-2.599085,39.9476482],[-2.5991587,39.9477141],[-2.5992187,39.9477678],[-2.5992501,39.9477959],[-2.5993163,39.9477724],[-2.5993922,39.9477455],[-2.5994355,39.9477309],[-2.5995157,39.9477025],[-2.5995706,39.9476835],[-2.599688,39.9476388],[-2.5997878,39.9476004],[-2.599757,39.947548],[-2.5997133,39.9474745],[-2.5996838,39.9474251],[-2.599676,39.9474133],[-2.5996588,39.9473874],[-2.5996396,39.9473712],[-2.5996175,39.9473636],[-2.5995977,39.9473646],[-2.5995066,39.9474014],[-2.5994273,39.9474345],[-2.599311,39.9474941],[-2.599352,39.9475262],[-2.5993967,39.9475632],[-2.5994566,39.9475335],[-2.5994712,39.9475257],[-2.5994765,39.9475355],[-2.5994982,39.9475759],[-2.599503,39.9475845],[-2.5994733,39.9475952],[-2.5993965,39.9476229],[-2.5993657,39.947588],[-2.5992925,39.9475036],[-2.5992579,39.947524],[-2.5991826,39.9475683],[-2.5991293,39.9475997],[-2.5990699,39.9476347]]]},"properties":{"category":"landuse","name":"","landuse":"residential"}},{"type":"Feature","id":"way/804339693","geometry":{"type":"Polygon","coordinates":[[[-2.5988119,39.9477029],[-2.5987383,39.9476311],[-2.5986649,39.9475595],[-2.5986562,39.947551],[-2.5986408,39.9475554],[-2.5985102,39.9475924],[-2.5984842,39.9475107],[-2.5984403,39.9473726],[-2.5986185,39.9473574],[-2.5986602,39.9473538],[-2.5987455,39.9473465],[-2.5988075,39.9473412],[-2.5988508,39.9473375],[-2.5988808,39.9473349],[-2.5990088,39.947324],[-2.5990357,39.9473217],[-2.5990619,39.9473718],[-2.5990996,39.9474439],[-2.5991375,39.9475164],[-2.5989765,39.9476086],[-2.5988578,39.9476766],[-2.5988119,39.9477029]]]},"properties":{"category":"landuse","name":"","landuse":"residential"}},{"type":"Feature","id":"way/804339694","geometry":{"type":"Polygon","coordinates":[[[-2.5992118,39.947492],[-2.5991711,39.9474153],[-2.5991521,39.947366],[-2.5991313,39.9473122],[-2.5991759,39.9473015],[-2.599287,39.9472747],[-2.5993223,39.9472662],[-2.5993643,39.947256],[-2.5994436,39.9472369],[-2.5995498,39.9473441],[-2.5994124,39.9474034],[-2.5993534,39.9474289],[-2.5992118,39.947492]]]},"properties":{"category":"landuse","name":"","landuse":"residential"}},{"type":"Feature","id":"way/804339695","geometry":{"type":"Polygon","coordinates":[[[-2.5999566,39.9477206],[-2.5999932,39.9477245],[-2.6001446,39.9476504],[-2.6003398,39.9475562],[-2.6003398,39.9475297],[-2.6002344,39.9473796],[-2.6001477,39.9472562],[-2.6000843,39.9471653],[-2.600032,39.9470904],[-2.5999617,39.9469896],[-2.5998987,39.9468993],[-2.5998021,39.9467591],[-2.5997594,39.9467583],[-2.5994489,39.9468969],[-2.5994007,39.9469173],[-2.5992929,39.9469655],[-2.5992106,39.9470029],[-2.5992482,39.9470318],[-2.5994413,39.9471798],[-2.5995572,39.9472546],[-2.5995877,39.9472803],[-2.5996883,39.947324],[-2.5997045,39.9473216],[-2.5997208,39.9473684],[-2.5997241,39.9473734],[-2.5997615,39.9474296],[-2.5998064,39.9474973],[-2.5998311,39.9475344],[-2.5998936,39.9476286],[-2.5999566,39.9477206]]]},"properties":{"category":"landuse","name":"","landuse":"residential"}},{"type":"Feature","id":"way/804339696","geometry":{"type":"Polygon","coordinates":[[[-2.5992024,39.9472417],[-2.5991893,39.9472381],[-2.5991809,39.9472287],[-2.5991778,39.9472187],[-2.5991832,39.9472009],[-2.5992533,39.9470917],[-2.5993827,39.9471944],[-2.5992454,39.9472304],[-2.5992024,39.9472417]]]},"properties":{"category":"landuse","name":"","leisure":"park"}},{"type":"Feature","id":"way/804339697","geometry":{"type":"Polygon","coordinates":[[[-2.5988039,39.94728],[-2.5989561,39.9472339],[-2.5991322,39.947164],[-2.5990522,39.9470611],[-2.5989827,39.9469719],[-2.5989436,39.9469236],[-2.5989048,39.9468757],[-2.5988771,39.9468416],[-2.5988756,39.9468398],[-2.5988168,39.9467704],[-2.5987886,39.9467365],[-2.5987513,39.9467419],[-2.5986747,39.946755],[-2.5986788,39.9467868],[-2.5986845,39.9468303],[-2.5986933,39.9469164],[-2.5986938,39.9469183],[-2.5987036,39.9469536],[-2.5987137,39.9469905],[-2.5987248,39.9470275],[-2.5987455,39.9470935],[-2.5987661,39.9471608],[-2.5987805,39.9472053],[-2.5988039,39.94728]]]},"properties":{"category":"landuse","name":"","landuse":"residential"}},{"type":"Feature","id":"way/804339698","geometry":{"type":"Polygon","coordinates":[[[-2.5984269,39.9473315],[-2.5984066,39.9472774],[-2.5983969,39.9472515],[-2.5983674,39.9471731],[-2.5983399,39.9470586],[-2.5983203,39.946977],[-2.5983031,39.9469055],[-2.5982658,39.9466826],[-2.5983741,39.946671],[-2.598609,39.9466459],[-2.598627,39.9467537],[-2.5986369,39.946813],[-2.5986464,39.9468697],[-2.5986919,39.9471194],[-2.5987062,39.9472086],[-2.5987164,39.947293],[-2.5986601,39.9473005],[-2.5985828,39.9473108],[-2.5984339,39.9473306],[-2.5984269,39.9473315]]]},"properties":{"category":"landuse","name":"","landuse":"residential"}},{"type":"Feature","id":"way/804339699","geometry":{"type":"LineString","coordinates":[[-2.5994489,39.9461829],[-2.5993056,39.9460581],[-2.5992145,39.9459856],[-2.599157,39.9459503],[-2.5989429,39.9458404],[-2.59891,39.9458]]},"properties":{"category":"road","name":"","highway":"residential"}},{"type":"Feature","id":"way/804339700","geometry":{"type":"Polygon","coordinates":[[[-2.5994454,39.9461456],[-2.5992835,39.946012],[-2.5992345,39.9459773],[-2.5992213,39.945968],[-2.5991791,39.9459381],[-2.5991029,39.9458971],[-2.5989827,39.9458323],[-2.59898,39.9458139],[-2.5990487,39.9458047],[-2.5991324,39.9457936],[-2.5992596,39.9457766],[-2.5993931,39.9457592],[-2.5994472,39.9457522],[-2.599549,39.9457509],[-2.5995861,39.9458106],[-2.5996016,39.9458369],[-2.5996374,39.9458974],[-2.5996516,39.9459211],[-2.5996622,39.9459462],[-2.5996657,39.9459679],[-2.599664,39.9459971],[-2.5996596,39.9460141],[-2.5996357,39.9460425],[-2.5996197,39.9460568],[-2.5995941,39.9460717],[-2.5995332,39.946102],[-2.5994454,39.9461456]]]},"properties":{"category":"landuse","name":"","landuse":"residential"}},{"type":"Feature","id":"way/804339701","geometry":{"type":"Polygon","coordinates":[[[-2.5985082,39.9461097],[-2.5985103,39.9461144],[-2.5984689,39.9461311],[-2.5984431,39.9460931],[-2.5984489,39.946091],[-2.598389,39.9460018],[-2.5985023,39.9459602],[-2.5985613,39.9459386],[-2.5985325,39.9458677],[-2.5985997,39.9458657],[-2.598695,39.9458629],[-2.5987906,39.94586],[-2.5987888,39.9459286],[-2.5987873,39.9459833],[-2.5987534,39.9459985],[-2.5987326,39.9460081],[-2.5986431,39.9460497],[-2.5985944,39.9460716],[-2.598559,39.9460874],[-2.5985082,39.9461097]]]},"properties":{"category":"landuse","name":"","landuse":"residential"}},{"type":"Feature","id":"way/804339702","geometry":{"type":"Polygon","coordinates":[[[-2.5993182,39.9461016],[-2.5991995,39.9459962],[-2.5991432,39.9459674],[-2.5990194,39.9459042],[-2.5989279,39.9458574],[-2.5988206,39.9459314],[-2.5988173,39.9459931],[-2.5988196,39.9459955],[-2.5989509,39.9461325],[-2.5989872,39.9461703],[-2.5990667,39.9462532],[-2.5990772,39.946264],[-2.5990902,39.9462774],[-2.5990949,39.9462908],[-2.5990922,39.946299],[-2.5990862,39.9463062],[-2.5990755,39.9463113],[-2.5991691,39.9464185],[-2.5991814,39.9464326],[-2.5991318,39.9464553],[-2.5991217,39.9464424],[-2.5991029,39.9464172],[-2.5990909,39.9464095],[-2.5990755,39.9464095],[-2.5990325,39.9464296],[-2.599013,39.946399],[-2.5989688,39.9463298],[-2.5989093,39.9463523],[-2.5986168,39.946463],[-2.598651,39.946547],[-2.5986651,39.9465725],[-2.5987134,39.9466434],[-2.598761,39.9466897],[-2.5987777,39.946683],[-2.5988028,39.9467144],[-2.5988656,39.946793],[-2.598897,39.9468311],[-2.598946,39.9468532],[-2.5990211,39.9468835],[-2.5991398,39.9468907],[-2.5991663,39.9468901],[-2.5992145,39.9468891],[-2.5992813,39.9468726],[-2.5992827,39.9468758],[-2.5994235,39.9468393],[-2.5995207,39.9467889],[-2.5997688,39.9466851],[-2.5997325,39.9466295],[-2.5996963,39.9465709],[-2.5995971,39.9464424],[-2.5995513,39.9463835],[-2.5995114,39.9463323],[-2.5994788,39.9462904],[-2.5994302,39.946228],[-2.5993873,39.9461694],[-2.5993563,39.9461342],[-2.5993182,39.9461016]]]},"properties":{"category":"landuse","name":"","landuse":"residential"}},{"type":"Feature","id":"way/804339703","geometry":{"type":"Polygon","coordinates":[[[-2.5982569,39.9466494],[-2.598254,39.946617],[-2.5982477,39.9465449],[-2.5982439,39.9465016],[-2.5982417,39.9464772],[-2.5982373,39.9464467],[-2.5982285,39.9463859],[-2.5982224,39.9463442],[-2.5982153,39.9462949],[-2.5982145,39.9462837],[-2.5982075,39.9461836],[-2.5982046,39.9461419],[-2.5982004,39.9460791],[-2.5982023,39.9458783],[-2.5982681,39.9458578],[-2.5983648,39.9460523],[-2.5983806,39.9460864],[-2.5983951,39.9461189],[-2.5984245,39.9461806],[-2.5984683,39.9462622],[-2.5985037,39.9463255],[-2.5985253,39.9463642],[-2.5985405,39.9463915],[-2.5985448,39.9464064],[-2.5985556,39.9464433],[-2.5985663,39.946489],[-2.5985853,39.9465616],[-2.5985964,39.9466183],[-2.5982569,39.9466494]]]},"properties":{"category":"landuse","name":"","landuse":"residential"}},{"type":"Feature","id":"way/804343252","geometry":{"type":"Polygon","coordinates":[[[-2.599395,39.9479598],[-2.5994772,39.9479148],[-2.5995878,39.9478546],[-2.5995992,39.9478685],[-2.5996235,39.9478988],[-2.599431,39.9479987],[-2.599395,39.9479598]]]},"properties":{"category":"building","name":"","building":"house","building_levels":"1","height":3.0,"height_estimated":false}},{"type":"Feature","id":"way/804343253","geometry":{"type":"Polygon","coordinates":[[[-2.599395,39.9479598],[-2.5992955,39.9478522],[-2.5993945,39.9478127],[-2.5994236,39.9478464],[-2.5994772,39.9479148],[-2.599395,39.9479598]]]},"properties":{"category":"building","name":"","building":"house","building_levels":"2","height":6.0,"height_estimated":false}},{"type":"Feature","id":"way/804343254","geometry":{"type":"Polygon","coordinates":[[[-2.5994236,39.9478464],[-2.5994457,39.9478356],[-2.5994171,39.9478026],[-2.5993945,39.9478127],[-2.5994236,39.9478464]]]},"properties":{"category":"building","name":"","building":"house","height":2.5,"height_estimated":false}},{"type":"Feature","id":"way/804343255","geometry":{"type":"Polygon","coordinates":[[[-2.5996235,39.9478988],[-2.5996956,39.9478621],[-2.599669,39.947833],[-2.5995992,39.9478685],[-2.5996235,39.9478988]]]},"properties":{"category":"building","name":"","building":"house","height":6.0,"height_estimated":true}},{"type":"Feature","id":"way/804343256","geometry":{"type":"Polygon","coordinates":[[[-2.599559,39.9478202],[-2.5995127,39.9477642],[-2.5995889,39.9477341],[-2.5996294,39.9477852],[-2.599559,39.9478202]]]},"properties":{"category":"building","name":"","building":"house","building_levels":"1","height":3.0,"height_estimated":false}},{"type":"Feature","id":"way/804343257","geometry":{"type":"Polygon","coordinates":[[[-2.5998199,39.9477153],[-2.5997407,39.9477539],[-2.5996959,39.9476929],[-2.5997727,39.9476616],[-2.5998199,39.9477153]]]},"properties":{"category":"building","name":"","building":"house","building_levels":"1","height":3.0,"height_estimated":false}},{"type":"Feature","id":"way/804352581","geometry":{"type":"Polygon","coordinates":[[[-2.5993163,39.9477724],[-2.5992996,39.9477387],[-2.5992187,39.9477678],[-2.5992501,39.9477959],[-2.5993163,39.9477724]]]},"properties":{"category":"building","name":"","building":"house","building_levels":"2","height":6.0,"height_estimated":false}},{"type":"Feature","id":"way/804352582","geometry":{"type":"Polygon","coordinates":[[[-2.5992187,39.9477678],[-2.5991587,39.9477141],[-2.5992221,39.9476821],[-2.5992416,39.9477048],[-2.5992615,39.9476967],[-2.5992766,39.9476902],[-2.5992912,39.947719],[-2.5992996,39.9477387],[-2.5992187,39.9477678]]]},"properties":{"category":"building","name":"","building":"house","building_levels":"2","height":6.0,"height_estimated":false}},{"type":"Feature","id":"way/804352583","geometry":{"type":"Polygon","coordinates":[[[-2.5991587,39.9477141],[-2.599085,39.9476482],[-2.5991434,39.9476132],[-2.5991655,39.9476359],[-2.599177,39.9476298],[-2.5992221,39.9476821],[-2.5991587,39.9477141]]]},"properties":{"category":"building","name":"","building":"house","building_levels":"2","height":6.0,"height_estimated":false}},{"type":"Feature","id":"way/804352584","geometry":{"type":"Polygon","coordinates":[[[-2.599085,39.9476482],[-2.5990699,39.9476347],[-2.5991293,39.9475997],[-2.5991434,39.9476132],[-2.599085,39.9476482]]]},"properties":{"category":"building","name":"","building":"house","height":2.5,"height_estimated":false}},{"type":"Feature","id":"way/804352585","geometry":{"type":"Polygon","coordinates":[[[-2.5992416,39.9477048],[-2.5992221,39.9476821],[-2.599177,39.9476298],[-2.5991655,39.9476359],[-2.5991434,39.9476132],[-2.5991293,39.9475997],[-2.5991826,39.9475683],[-2.5992464,39.9476355],[-2.5992528,39.947648],[-2.5992576,39.9476579],[-2.5992408,39.9476663],[-2.5992615,39.9476967],[-2.5992416,39.9477048]]]},"properties":{"category":"building","name":"","building":"house","building_levels":"1","height":3.0,"height_estimated":false}},{"type":"Feature","id":"way/804352586","geometry":{"type":"Polygon","coordinates":[[[-2.5992464,39.9476355],[-2.5991826,39.9475683],[-2.5992579,39.947524],[-2.5993095,39.9475851],[-2.5992729,39.9476032],[-2.5992825,39.9476166],[-2.5992464,39.9476355]]]},"properties":{"category":"building","name":"","building":"house","building_levels":"2","height":6.0,"height_estimated":false}},{"type":"Feature","id":"way/804352587","geometry":{"type":"Polygon","coordinates":[[[-2.5994566,39.9475335],[-2.5994187,39.9474902],[-2.599352,39.9475262],[-2.5993967,39.9475632],[-2.5994566,39.9475335]]]},"properties":{"category":"building","name":"","building":"house","building_levels":"2","height":6.0,"height_estimated":false}},{"type":"Feature","id":"way/804352588","geometry":{"type":"Polygon","coordinates":[[[-2.599352,39.9475262],[-2.599311,39.9474941],[-2.5994273,39.9474345],[-2.5994535,39.9474707],[-2.5994187,39.9474902],[-2.599352,39.9475262]]]},"properties":{"category":"building","name":"","building":"house","building_levels":"2","height":6.0,"height_estimated":false}},{"type":"Feature","id":"way/804352589","geometry":{"type":"Polygon","coordinates":[[[-2.5994566,39.9475335],[-2.5994712,39.9475257],[-2.5994535,39.9474707],[-2.5994187,39.9474902],[-2.5994566,39.9475335]]]},"properties":{"category":"building","name":"","building":"house","building_levels":"2","height":6.0,"height_estimated":false}},{"type":"Feature","id":"way/804352590","geometry":{"type":"Polygon","coordinates":[[[-2.5994712,39.9475257],[-2.5994535,39.9474707],[-2.5994273,39.9474345],[-2.5995066,39.9474014],[-2.5995236,39.9474257],[-2.5995366,39.9474212],[-2.5995546,39.9474535],[-2.5995203,39.9474685],[-2.5995404,39.9475011],[-2.5994712,39.9475257]]]},"properties":{"category":"building","name":"","building":"house","building_levels":"2","height":6.0,"height_estimated":false}},{"type":"Feature","id":"way/804352591","geometry":{"type":"Polygon","coordinates":[[[-2.5995546,39.9474535],[-2.5995366,39.9474212],[-2.5995236,39.9474257],[-2.5995066,39.9474014],[-2.5995977,39.9473646],[-2.5996175,39.9473636],[-2.5996396,39.9473712],[-2.5996588,39.9473874],[-2.599676,39.9474133],[-2.5995703,39.9474484],[-2.5995546,39.9474535]]]},"properties":{"category":"building","name":"","building":"house","building_levels":"1","height":3.0,"height_estimated":false}},{"type":"Feature","id":"way/804352592","geometry":{"type":"Polygon","coordinates":[[[-2.5996127,39.9475099],[-2.5996067,39.9475114],[-2.5995703,39.9474484],[-2.599676,39.9474133],[-2.5997133,39.9474745],[-2.5996127,39.9475099]]]},"properties":{"category":"building","name":"","building":"house","building_levels":"2","height":6.0,"height_estimated":false}},{"type":"Feature","id":"way/804352593","geometry":{"type":"Polygon","coordinates":[[[-2.599757,39.947548],[-2.5996548,39.9475838],[-2.5996265,39.9475365],[-2.5996127,39.9475099],[-2.5997133,39.9474745],[-2.599757,39.947548]]]},"properties":{"category":"building","name":"","building":"house","building_levels":"2","height":6.0,"height_estimated":false}},{"type":"Feature","id":"way/804352594","geometry":{"type":"Polygon","coordinates":[[[-2.5996265,39.9475365],[-2.5995572,39.947558],[-2.5994982,39.9475759],[-2.5994765,39.9475355],[-2.5995809,39.9474993],[-2.5995911,39.9475173],[-2.5996067,39.9475114],[-2.5996127,39.9475099],[-2.5996265,39.9475365]]]},"properties":{"category":"building","name":"","building":"house","building_levels":"1","height":3.0,"height_estimated":false}},{"type":"Feature","id":"way/804352595","geometry":{"type":"Polygon","coordinates":[[[-2.599688,39.9476388],[-2.5996548,39.9475838],[-2.599757,39.947548],[-2.5997878,39.9476004],[-2.599688,39.9476388]]]},"properties":{"category":"building","name":"","building":"house","building_levels":"1","height":3.0,"height_estimated":false}},{"type":"Feature","id":"way/804352596","geometry":{"type":"Polygon","coordinates":[[[-2.599688,39.9476388],[-2.5995706,39.9476835],[-2.599553,39.9476525],[-2.599536,39.9476232],[-2.5995857,39.9476066],[-2.5996548,39.9475838],[-2.599688,39.9476388]]]},"properties":{"category":"building","name":"","building":"house","building_levels":"1","height":3.0,"height_estimated":false}},{"type":"Feature","id":"way/804352597","geometry":{"type":"Polygon","coordinates":[[[-2.599536,39.9476232],[-2.5995295,39.9476256],[-2.599503,39.9475845],[-2.5994982,39.9475759],[-2.5995572,39.947558],[-2.5995857,39.9476066],[-2.599536,39.9476232]]]},"properties":{"category":"building","name":"","building":"house","building_levels":"2","height":6.0,"height_estimated":false}},{"type":"Feature","id":"way/804352598","geometry":{"type":"Polygon","coordinates":[[[-2.599553,39.9476525],[-2.5994989,39.9476734],[-2.5994779,39.9476401],[-2.5994968,39.9476338],[-2.5994733,39.9475952],[-2.599503,39.9475845],[-2.5995295,39.9476256],[-2.599536,39.9476232],[-2.599553,39.9476525]]]},"properties":{"category":"building","name":"","building":"house","building_levels":"2","height":6.0,"height_estimated":false}},{"type":"Feature","id":"way/804352599","geometry":{"type":"Polygon","coordinates":[[[-2.5995157,39.9477025],[-2.5994989,39.9476734],[-2.599553,39.9476525],[-2.5995706,39.9476835],[-2.5995157,39.9477025]]]},"properties":{"category":"building","name":"","building":"house","building_levels":"2","height":6.0,"height_estimated":false}},{"type":"Feature","id":"way/804352600","geometry":{"type":"Polygon","coordinates":[[[-2.5994989,39.9476734],[-2.5994169,39.9477051],[-2.5994051,39.9476883],[-2.5993992,39.9476791],[-2.5993695,39.9476339],[-2.5993965,39.9476229],[-2.5994733,39.9475952],[-2.5994968,39.9476338],[-2.5994779,39.9476401],[-2.5994989,39.9476734]]]},"properties":{"category":"building","name":"","building":"house","building_levels":"2","height":6.0,"height_estimated":false}},{"type":"Feature","id":"way/804352601","geometry":{"type":"Polygon","coordinates":[[[-2.5993992,39.9476791],[-2.5992912,39.947719],[-2.5992766,39.9476902],[-2.5992615,39.9476967],[-2.5992408,39.9476663],[-2.5992576,39.9476579],[-2.5992528,39.947648],[-2.5993657,39.947588],[-2.5993965,39.9476229],[-2.5993695,39.9476339],[-2.5993992,39.9476791]]]},"properties":{"category":"building","name":"","building":"house","building_levels":"2","height":6.0,"height_estimated":false}},{"type":"Feature","id":"way/804352602","geometry":{"type":"Polygon","coordinates":[[[-2.5993922,39.9477455],[-2.599373,39.9477006],[-2.5994051,39.9476883],[-2.5993992,39.9476791],[-2.5992912,39.947719],[-2.5992996,39.9477387],[-2.5993163,39.9477724],[-2.5993922,39.9477455]]]},"properties":{"category":"building","name":"","building":"house","building_levels":"2","height":6.0,"height_estimated":false}},{"type":"Feature","id":"way/804352603","geometry":{"type":"Polygon","coordinates":[[[-2.5993922,39.9477455],[-2.599373,39.9477006],[-2.5994051,39.9476883],[-2.5994169,39.9477051],[-2.5994355,39.9477309],[-2.5993922,39.9477455]]]},"properties":{"category":"building","name":"","building":"house","building_levels":"2","height":6.0,"height_estimated":false}},{"type":"Feature","id":"way/804566547","geometry":{"type":"LineString","coordinates":[[-2.5978155,39.9499633],[-2.5977781,39.9499815]]},"properties":{"category":"road","name":"","highway":"footway"}},{"type":"Feature","id":"way/804566548","geometry":{"type":"LineString","coordinates":[[-2.5982423,39.9501884],[-2.5982606,39.9501802]]},"properties":{"category":"road","name":"","highway":"steps"}},{"type":"Feature","id":"way/804566549","geometry":{"type":"Polygon","coordinates":[[[-2.6002383,39.9509517],[-2.6002198,39.950895],[-2.6001628,39.9509068],[-2.6001829,39.9509647],[-2.6002383,39.9509517]]]},"properties":{"category":"building","name":"","building":"yes","building_levels":"1","height":3.0,"height_estimated":false}},{"type":"Feature","id":"way/804566554","geometry":{"type":"Polygon","coordinates":[[[-2.5999311,39.9507248],[-2.599809,39.9504453],[-2.599517,39.9505538],[-2.5995365,39.9506067],[-2.5993648,39.9506637],[-2.5992622,39.9507153],[-2.5991737,39.9507939],[-2.5991224,39.9508536],[-2.5993524,39.9508414],[-2.5993949,39.9508089],[-2.5999311,39.9507248]]]},"properties":{"category":"landuse","name":"","landuse":"farmland"}},{"type":"Feature","id":"way/804566555","geometry":{"type":"Polygon","coordinates":[[[-2.59889,39.9482892],[-2.5987407,39.9481311],[-2.598712,39.9481007],[-2.5984936,39.9478622],[-2.5985627,39.9478302],[-2.5986115,39.9478933],[-2.5987274,39.9478263],[-2.5987335,39.9478349],[-2.5989998,39.9476853],[-2.5990677,39.9477816],[-2.599101,39.9478288],[-2.5991545,39.9479045],[-2.5992803,39.9480827],[-2.5990829,39.9481871],[-2.59889,39.9482892]]]},"properties":{"category":"landuse","name":"Nuestra Señora de la Asunción","landuse":"religious"}},{"type":"Feature","id":"way/804566556","geometry":{"type":"Polygon","coordinates":[[[-2.598712,39.9481007],[-2.5987528,39.9480772],[-2.5987874,39.948057],[-2.5988717,39.9480087],[-2.5988445,39.9479794],[-2.5988036,39.9479354],[-2.598887,39.9478918],[-2.5989764,39.9478404],[-2.5989693,39.9478318],[-2.5989947,39.9478193],[-2.5990677,39.9477816],[-2.5989998,39.9476853],[-2.5987335,39.9478349],[-2.5987274,39.9478263],[-2.5986115,39.9478933],[-2.5985627,39.9478302],[-2.5984936,39.9478622],[-2.598712,39.9481007]]]},"properties":{"category":"building","name":"Nuestra Señora de la Asuncion","building":"church","height":16.0,"height_estimated":false}},{"type":"Feature","id":"way/804566557","geometry":{"type":"Polygon","coordinates":[[[-2.5987528,39.9480772],[-2.5987833,39.9481084],[-2.5988158,39.9480889],[-2.5987874,39.948057],[-2.5987528,39.9480772]]]},"properties":{"category":"building","name":"","building":"church","building_levels":"1","height":3.0,"height_estimated":false}},{"type":"Feature","id":"way/804566558","geometry":{"type":"Polygon","coordinates":[[[-2.5988036,39.9479354],[-2.598887,39.9478918],[-2.5989246,39.9479339],[-2.5988825,39.9479578],[-2.5988445,39.9479794],[-2.5988036,39.9479354]]]},"properties":{"category":"building","name":"","building":"church","height":9.0,"height_estimated":false}},{"type":"Feature","id":"way/804566559","geometry":{"type":"Polygon","coordinates":[[[-2.5990677,39.9477816],[-2.599101,39.9478288],[-2.5990354,39.9478645],[-2.5989947,39.9478193],[-2.5990677,39.9477816]]]},"properties":{"category":"building","name":"","building":"yes","height":22.0,"height_estimated":false}},{"type":"Feature","id":"way/804566561","geometry":{"type":"Polygon","coordinates":[[[-2.5990829,39.9481871],[-2.5989391,39.9480226],[-2.5988158,39.9480889],[-2.5987833,39.9481084],[-2.5987407,39.9481311],[-2.59889,39.9482892],[-2.5990829,39.9481871]]]},"properties":{"category":"landuse","name":"","surface":"dirt","leisure":"park"}},{"type":"Feature","id":"way/804566562","geometry":{"type":"Polygon","coordinates":[[[-2.5993534,39.9474289],[-2.5993357,39.9473952],[-2.5993138,39.9473593],[-2.599294,39.9473289],[-2.5991939,39.947355],[-2.5991521,39.947366],[-2.5991711,39.9474153],[-2.5992118,39.947492],[-2.5993534,39.9474289]]]},"properties":{"category":"building","name":"","building":"house","building_levels":"1","height":6.0,"height_estimated":false}},{"type":"Feature","id":"way/804566563","geometry":{"type":"Polygon","coordinates":[[[-2.5993357,39.9473952],[-2.5993916,39.9473734],[-2.5994221,39.9473605],[-2.5993982,39.9473243],[-2.5993479,39.9473457],[-2.5993138,39.9473593],[-2.5993357,39.9473952]]]},"properties":{"category":"building","name":"","building":"house","building_levels":"1","height":3.0,"height_estimated":false}},{"type":"Feature","id":"way/804566564","geometry":{"type":"Polygon","coordinates":[[[-2.5993916,39.9473734],[-2.5994124,39.9474034],[-2.5995498,39.9473441],[-2.5994436,39.9472369],[-2.5993643,39.947256],[-2.5993834,39.9472802],[-2.5993977,39.9472989],[-2.5994393,39.9472806],[-2.5994541,39.9473013],[-2.5994388,39.9473071],[-2.5994678,39.9473414],[-2.5994223,39.9473605],[-2.5993916,39.9473734]]]},"properties":{"category":"building","name":"","building":"house","building_levels":"2","height":6.0,"height_estimated":false}},{"type":"Feature","id":"way/804566565","geometry":{"type":"Polygon","coordinates":[[[-2.5994223,39.9473605],[-2.5993982,39.9473243],[-2.5994388,39.9473071],[-2.5994678,39.9473414],[-2.5994223,39.9473605]]]},"properties":{"category":"building","name":"","building":"house","building_levels":"2","height":6.0,"height_estimated":false}},{"type":"Feature","id":"way/804566566","geometry":{"type":"Polygon","coordinates":[[[-2.5993834,39.9472802],[-2.5993372,39.9472966],[-2.5993321,39.9472857],[-2.5993223,39.9472662],[-2.5993643,39.947256],[-2.5993834,39.9472802]]]},"properties":{"category":"building","name":"","building":"house","building_levels":"1","height":3.0,"height_estimated":false}},{"type":"Feature","id":"way/804566567","geometry":{"type":"Polygon","coordinates":[[[-2.5993479,39.9473457],[-2.5993494,39.9473211],[-2.5993372,39.9472966],[-2.5993321,39.9472857],[-2.5992976,39.9472939],[-2.599287,39.9472747],[-2.5991759,39.9473015],[-2.5991939,39.947355],[-2.599294,39.9473289],[-2.5993138,39.9473593],[-2.5993479,39.9473457]]]},"properties":{"category":"building","name":"","building":"house","building_levels":"2","height":6.0,"height_estimated":false}},{"type":"Feature","id":"way/804566568","geometry":{"type":"Polygon","coordinates":[[[-2.5991939,39.947355],[-2.5991759,39.9473015],[-2.5991313,39.9473122],[-2.5991521,39.947366],[-2.5991939,39.947355]]]},"properties":{"category":"building","name":"","building":"house","building_levels":"1","height":3.0,"height_estimated":false}},{"type":"Feature","id":"way/804566569","geometry":{"type":"Polygon","coordinates":[[[-2.5990619,39.9473718],[-2.5990135,39.9473757],[-2.5990088,39.947324],[-2.5990357,39.9473217],[-2.5990619,39.9473718]]]},"properties":{"category":"building","name":"","building":"house","building_levels":"1","height":3.0,"height_estimated":false}},{"type":"Feature","id":"way/804566570","geometry":{"type":"Polygon","coordinates":[[[-2.5990135,39.9473757],[-2.5990033,39.9473765],[-2.5990074,39.947401],[-2.5989225,39.9474069],[-2.5989195,39.9473811],[-2.5988869,39.9473835],[-2.5988808,39.9473349],[-2.5990088,39.947324],[-2.5990135,39.9473757]]]},"properties":{"category":"building","name":"","building":"house","building_levels":"2","height":6.0,"height_estimated":false}},{"type":"Feature","id":"way/804566571","geometry":{"type":"Polygon","coordinates":[[[-2.5988869,39.9473835],[-2.5988869,39.9473897],[-2.5988559,39.9473917],[-2.5988508,39.9473375],[-2.5988808,39.9473349],[-2.5988869,39.9473835]]]},"properties":{"category":"building","name":"","building":"house","building_levels":"2","height":6.0,"height_estimated":false}},{"type":"Feature","id":"way/804566572","geometry":{"type":"Polygon","coordinates":[[[-2.5988869,39.9473835],[-2.5989195,39.9473811],[-2.5989225,39.9474069],[-2.5989098,39.9474084],[-2.5989118,39.9474209],[-2.5988224,39.9474334],[-2.5988199,39.9474267],[-2.5988075,39.9473412],[-2.5988508,39.9473375],[-2.5988559,39.9473917],[-2.5988869,39.9473897],[-2.5988869,39.9473835]]]},"properties":{"category":"building","name":"","building":"house","building_levels":"2","height":6.0,"height_estimated":false}},{"type":"Feature","id":"way/804566573","geometry":{"type":"Polygon","coordinates":[[[-2.5988199,39.9474267],[-2.5987584,39.9474314],[-2.5987455,39.9473465],[-2.5988075,39.9473412],[-2.5988199,39.9474267]]]},"properties":{"category":"building","name":"","building":"house","building_levels":"2","height":6.0,"height_estimated":false}},{"type":"Feature","id":"way/804566574","geometry":{"type":"Polygon","coordinates":[[[-2.5987455,39.9473465],[-2.5987584,39.9474314],[-2.5987655,39.9474824],[-2.5987892,39.9475223],[-2.5987904,39.9475257],[-2.5987157,39.947537],[-2.598703,39.9475011],[-2.5986928,39.9475035],[-2.5986801,39.9474719],[-2.5986602,39.9473538],[-2.5987455,39.9473465]]]},"properties":{"category":"building","name":"","building":"house","building_levels":"1","height":3.0,"height_estimated":false}},{"type":"Feature","id":"way/804566575","geometry":{"type":"Polygon","coordinates":[[[-2.5987157,39.947537],[-2.5987172,39.9475448],[-2.5986649,39.9475595],[-2.5986562,39.947551],[-2.5986408,39.9475554],[-2.5986329,39.9475187],[-2.5986928,39.9475035],[-2.598703,39.9475011],[-2.5987157,39.947537]]]},"properties":{"category":"building","name":"","building":"house","building_levels":"2","height":6.0,"height_estimated":false}},{"type":"Feature","id":"way/804566576","geometry":{"type":"Polygon","coordinates":[[[-2.5986928,39.9475035],[-2.5986801,39.9474719],[-2.598643,39.9474809],[-2.5985856,39.9474918],[-2.5984842,39.9475107],[-2.5985102,39.9475924],[-2.5986408,39.9475554],[-2.5986329,39.9475187],[-2.5986928,39.9475035]]]},"properties":{"category":"building","name":"","building":"house","building_levels":"2","height":6.0,"height_estimated":false}},{"type":"Feature","id":"way/804566577","geometry":{"type":"Polygon","coordinates":[[[-2.5985856,39.9474918],[-2.598577,39.9474637],[-2.5986379,39.9474524],[-2.598643,39.9474809],[-2.5985856,39.9474918]]]},"properties":{"category":"building","name":"","building":"house","building_levels":"1","height":3.0,"height_estimated":false}},{"type":"Feature","id":"way/804566578","geometry":{"type":"Polygon","coordinates":[[[-2.5985856,39.9474918],[-2.5984842,39.9475107],[-2.5984403,39.9473726],[-2.5986185,39.9473574],[-2.5986379,39.9474524],[-2.598577,39.9474637],[-2.5985856,39.9474918]]]},"properties":{"category":"building","name":"","building":"house","building_levels":"2","height":6.0,"height_estimated":false}},{"type":"Feature","id":"way/804566579","geometry":{"type":"Polygon","coordinates":[[[-2.5986649,39.9475595],[-2.5987172,39.9475448],[-2.5987157,39.947537],[-2.5987904,39.9475257],[-2.59883,39.9475915],[-2.5987828,39.9476196],[-2.5987721,39.9476106],[-2.5987383,39.9476311],[-2.5986649,39.9475595]]]},"properties":{"category":"building","name":"","building":"house","building_levels":"2","height":6.0,"height_estimated":false}},{"type":"Feature","id":"way/804566580","geometry":{"type":"Polygon","coordinates":[[[-2.5988578,39.9476766],[-2.5988119,39.9477029],[-2.5987383,39.9476311],[-2.5987721,39.9476106],[-2.5987828,39.9476196],[-2.59883,39.9475915],[-2.5988504,39.9476243],[-2.5988239,39.9476398],[-2.5988578,39.9476766]]]},"properties":{"category":"building","name":"","building":"house","building_levels":"2","height":6.0,"height_estimated":false}},{"type":"Feature","id":"way/804566581","geometry":{"type":"Polygon","coordinates":[[[-2.5988578,39.9476766],[-2.5988239,39.9476398],[-2.5988504,39.9476243],[-2.59883,39.9475915],[-2.598888,39.9475615],[-2.5988783,39.9475175],[-2.5989439,39.9475089],[-2.598951,39.9475276],[-2.5989296,39.9475413],[-2.5989765,39.9476086],[-2.5988578,39.9476766]]]},"properties":{"category":"building","name":"","building":"house","building_levels":"2","height":6.0,"height_estimated":false}},{"type":"Feature","id":"way/804566582","geometry":{"type":"Polygon","coordinates":[[[-2.5989765,39.9476086],[-2.5989296,39.9475413],[-2.598951,39.9475276],[-2.5990996,39.9474439],[-2.5991375,39.9475164],[-2.5989765,39.9476086]]]},"properties":{"category":"building","name":"","building":"house","building_levels":"2","height":6.0,"height_estimated":false}},{"type":"Feature","id":"way/804566583","geometry":{"type":"Polygon","coordinates":[[[-2.5989439,39.9475089],[-2.5988783,39.9475175],[-2.5988748,39.9475078],[-2.5988656,39.9474641],[-2.5989139,39.9474563],[-2.5989439,39.9475089]]]},"properties":{"category":"building","name":"","building":"house","building_levels":"2","height":6.0,"height_estimated":false}},{"type":"Feature","id":"way/804566584","geometry":{"type":"Polygon","coordinates":[[[-2.5988748,39.9475078],[-2.5987892,39.9475223],[-2.5987655,39.9474824],[-2.5988656,39.9474641],[-2.5988748,39.9475078]]]},"properties":{"category":"building","name":"","building":"house","building_levels":"2","height":6.0,"height_estimated":false}},{"type":"Feature","id":"way/804570661","geometry":{"type":"Polygon","coordinates":[[[-2.5992454,39.9472304],[-2.5992342,39.9471962],[-2.5991933,39.9472033],[-2.5992024,39.9472417],[-2.5992454,39.9472304]]]},"properties":{"category":"building","name":"","building":"house","height":6.0,"height_estimated":true}},{"type":"Feature","id":"way/804570662","geometry":{"type":"Polygon","coordinates":[[[-2.5998311,39.9475344],[-2.5999295,39.9474967],[-2.5999056,39.947457],[-2.5998064,39.9474973],[-2.5998311,39.9475344]]]},"properties":{"category":"building","name":"","building":"house","building_levels":"1","height":3.0,"height_estimated":false}},{"type":"Feature","id":"way/804570663","geometry":{"type":"Polygon","coordinates":[[[-2.5999295,39.9474967],[-2.5999834,39.9474764],[-2.5999605,39.9474375],[-2.5999056,39.947457],[-2.5999295,39.9474967]]]},"properties":{"category":"building","name":"","building":"house","building_levels":"1","height":3.0,"height_estimated":false}},{"type":"Feature","id":"way/804570664","geometry":{"type":"Polygon","coordinates":[[[-2.5997615,39.9474296],[-2.5998096,39.9474118],[-2.5997715,39.9473533],[-2.5997241,39.9473734],[-2.5997615,39.9474296]]]},"properties":{"category":"building","name":"","building":"house","building_levels":"1","height":3.0,"height_estimated":false}},{"type":"Feature","id":"way/804570665","geometry":{"type":"Polygon","coordinates":[[[-2.5997257,39.9473132],[-2.5997115,39.947291],[-2.5997029,39.9472949],[-2.5996841,39.9472707],[-2.5997105,39.947259],[-2.599743,39.9473066],[-2.5997257,39.9473132]]]},"properties":{"category":"building","name":"","building":"house","building_levels":"2","height":6.0,"height_estimated":false}},{"type":"Feature","id":"way/804570666","geometry":{"type":"Polygon","coordinates":[[[-2.599743,39.9473066],[-2.5998452,39.9472633],[-2.5998147,39.9472177],[-2.5997105,39.947259],[-2.599743,39.9473066]]]},"properties":{"category":"building","name":"","building":"house","building_levels":"3","height":9.0,"height_estimated":false}},{"type":"Feature","id":"way/804570667","geometry":{"type":"Polygon","coordinates":[[[-2.5998452,39.9472633],[-2.5998736,39.9472532],[-2.5998411,39.947208],[-2.5998147,39.9472177],[-2.5998452,39.9472633]]]},"properties":{"category":"building","name":"","building":"house","building_levels":"2","height":6.0,"height_estimated":false}},{"type":"Feature","id":"way/804570668","geometry":{"type":"Polygon","coordinates":[[[-2.5998736,39.9472532],[-2.5999372,39.9473448],[-2.6001477,39.9472562],[-2.6000843,39.9471653],[-2.5999778,39.9472103],[-2.5998736,39.9472532]]]},"properties":{"category":"building","name":"","building":"house","building_levels":"1","height":3.0,"height_estimated":false}},{"type":"Feature","id":"way/804570669","geometry":{"type":"Polygon","coordinates":[[[-2.5999778,39.9472103],[-2.5999468,39.9471655],[-2.5999239,39.9471328],[-2.600032,39.9470904],[-2.6000843,39.9471653],[-2.5999778,39.9472103]]]},"properties":{"category":"building","name":"","building":"house","building_levels":"1","height":3.0,"height_estimated":false}},{"type":"Feature","id":"way/804570670","geometry":{"type":"Polygon","coordinates":[[[-2.5999468,39.9471655],[-2.5998411,39.947208],[-2.5998152,39.9471757],[-2.5999239,39.9471328],[-2.5999468,39.9471655]]]},"properties":{"category":"building","name":"","building":"house","height":2.5,"height_estimated":false}},{"type":"Feature","id":"way/804570671","geometry":{"type":"Polygon","coordinates":[[[-2.5998152,39.9471757],[-2.5997944,39.9471511],[-2.5997385,39.9470841],[-2.5999617,39.9469896],[-2.600032,39.9470904],[-2.5998152,39.9471757]]]},"properties":{"category":"building","name":"","building":"farm_auxiliary","building_levels":"1","height":3.0,"height_estimated":false}},{"type":"Feature","id":"way/804570672","geometry":{"type":"Polygon","coordinates":[[[-2.5997944,39.9471511],[-2.5997334,39.9471784],[-2.5996536,39.947081],[-2.5997141,39.9470537],[-2.5997385,39.9470841],[-2.5997944,39.9471511]]]},"properties":{"category":"building","name":"","building":"farm_auxiliary","height":6.0,"height_estimated":true}},{"type":"Feature","id":"way/804570673","geometry":{"type":"Polygon","coordinates":[[[-2.5997141,39.9470537],[-2.5997339,39.947044],[-2.5997954,39.9470175],[-2.5997537,39.9469602],[-2.5998987,39.9468993],[-2.5999617,39.9469896],[-2.5997385,39.9470841],[-2.5997141,39.9470537]]]},"properties":{"category":"building","name":"","building":"farm_auxiliary","building_levels":"1","height":3.0,"height_estimated":false}},{"type":"Feature","id":"way/804570674","geometry":{"type":"Polygon","coordinates":[[[-2.5997537,39.9469602],[-2.5996892,39.9469883],[-2.5996978,39.9469992],[-2.5997339,39.947044],[-2.5997954,39.9470175],[-2.5997537,39.9469602]]]},"properties":{"category":"building","name":"","building":"house","building_levels":"1","height":3.0,"height_estimated":false}},{"type":"Feature","id":"way/804570675","geometry":{"type":"Polygon","coordinates":[[[-2.5997339,39.947044],[-2.5997141,39.9470537],[-2.5996536,39.947081],[-2.5995936,39.9471087],[-2.5994844,39.9470011],[-2.5994007,39.9469173],[-2.5994489,39.9468969],[-2.5995997,39.9470452],[-2.5996978,39.9469992],[-2.5997339,39.947044]]]},"properties":{"category":"building","name":"","building":"farm_auxiliary","building_levels":"1","height":3.0,"height_estimated":false}},{"type":"Feature","id":"way/804570676","geometry":{"type":"Polygon","coordinates":[[[-2.5995936,39.9471087],[-2.5995316,39.9471371],[-2.5994457,39.9470537],[-2.5994259,39.9470335],[-2.5994844,39.9470011],[-2.5995936,39.9471087]]]},"properties":{"category":"building","name":"","building":"house","building_levels":"1","height":3.0,"height_estimated":false}},{"type":"Feature","id":"way/804570677","geometry":{"type":"Polygon","coordinates":[[[-2.5993151,39.9470214],[-2.5992785,39.9470444],[-2.5992475,39.9470167],[-2.5992846,39.9469926],[-2.5993151,39.9470214]]]},"properties":{"category":"building","name":"","building":"house","building_levels":"1","height":3.0,"height_estimated":false}},{"type":"Feature","id":"way/804694441","geometry":{"type":"Polygon","coordinates":[[[-2.5988039,39.94728],[-2.5989561,39.9472339],[-2.5989278,39.9471723],[-2.5988631,39.9471878],[-2.5987805,39.9472053],[-2.5988039,39.94728]]]},"properties":{"category":"building","name":"","building":"house","building_levels":"2","height":6.0,"height_estimated":false}},{"type":"Feature","id":"way/804694442","geometry":{"type":"Polygon","coordinates":[[[-2.5989278,39.9471723],[-2.5989074,39.9471248],[-2.5988466,39.947141],[-2.5988631,39.9471878],[-2.5989278,39.9471723]]]},"properties":{"category":"building","name":"","building":"house","height":6.0,"height_estimated":true}},{"type":"Feature","id":"way/804694443","geometry":{"type":"Polygon","coordinates":[[[-2.5989561,39.9472339],[-2.5991322,39.947164],[-2.5990522,39.9470611],[-2.5990049,39.9470758],[-2.5990141,39.9470998],[-2.598954,39.9471168],[-2.5989432,39.9470837],[-2.5988958,39.947097],[-2.5989074,39.9471248],[-2.5989278,39.9471723],[-2.5989561,39.9472339]]]},"properties":{"category":"building","name":"","building":"house","building_levels":"3","height":9.0,"height_estimated":false}},{"type":"Feature","id":"way/804694444","geometry":{"type":"Polygon","coordinates":[[[-2.5989278,39.9471723],[-2.5989074,39.9471248],[-2.5988466,39.947141],[-2.5988631,39.9471878],[-2.5989278,39.9471723]]]},"properties":{"category":"building","name":"","building":"house","building_levels":"1","height":3.0,"height_estimated":false}},{"type":"Feature","id":"way/804694445","geometry":{"type":"Polygon","coordinates":[[[-2.5990049,39.9470758],[-2.5990141,39.9470998],[-2.598954,39.9471168],[-2.5989432,39.9470837],[-2.5989703,39.9470748],[-2.5989748,39.9470849],[-2.5990049,39.9470758]]]},"properties":{"category":"building","name":"","building":"house","building_levels":"1","height":3.0,"height_estimated":false}},{"type":"Feature","id":"way/804694446","geometry":{"type":"Polygon","coordinates":[[[-2.5989074,39.9471248],[-2.5988958,39.947097],[-2.5988641,39.9470278],[-2.5987929,39.9470484],[-2.5987855,39.9470194],[-2.5987248,39.9470275],[-2.5987455,39.9470935],[-2.5987661,39.9471608],[-2.5988466,39.947141],[-2.5989074,39.9471248]]]},"properties":{"category":"building","name":"","building":"house","building_levels":"2","height":6.0,"height_estimated":false}},{"type":"Feature","id":"way/804694447","geometry":{"type":"Polygon","coordinates":[[[-2.5987855,39.9470194],[-2.5987938,39.947018],[-2.5987812,39.9469823],[-2.5987137,39.9469905],[-2.5987248,39.9470275],[-2.5987855,39.9470194]]]},"properties":{"category":"building","name":"","building":"house","building_levels":"2","height":6.0,"height_estimated":false}},{"type":"Feature","id":"way/804694448","geometry":{"type":"Polygon","coordinates":[[[-2.5987812,39.9469823],[-2.5987707,39.9469456],[-2.5988246,39.9469379],[-2.5988416,39.9469748],[-2.5987812,39.9469823]]]},"properties":{"category":"building","name":"","building":"house","building_levels":"1","height":3.0,"height_estimated":false}},{"type":"Feature","id":"way/804694449","geometry":{"type":"Polygon","coordinates":[[[-2.5987812,39.9469823],[-2.5987707,39.9469456],[-2.5987604,39.9469468],[-2.5987036,39.9469536],[-2.5987137,39.9469905],[-2.5987812,39.9469823]]]},"properties":{"category":"building","name":"","building":"house","building_levels":"2","height":6.0,"height_estimated":false}},{"type":"Feature","id":"way/804694450","geometry":{"type":"Polygon","coordinates":[[[-2.5987604,39.9469468],[-2.5987514,39.946919],[-2.5986938,39.9469183],[-2.5987036,39.9469536],[-2.5987604,39.9469468]]]},"properties":{"category":"building","name":"","building":"house","building_levels":"2","height":6.0,"height_estimated":false}},{"type":"Feature","id":"way/804694451","geometry":{"type":"Polygon","coordinates":[[[-2.5986938,39.9469183],[-2.5986845,39.9468303],[-2.5986788,39.9467868],[-2.5987343,39.9467829],[-2.5987368,39.9467823],[-2.5987541,39.9468466],[-2.598758,39.9468596],[-2.5987873,39.9468555],[-2.5988038,39.9469134],[-2.5987514,39.946919],[-2.5986938,39.9469183]]]},"properties":{"category":"building","name":"","building":"house","building_levels":"2","height":6.0,"height_estimated":false}},{"type":"Feature","id":"way/804694452","geometry":{"type":"Polygon","coordinates":[[[-2.5986788,39.9467868],[-2.5986747,39.946755],[-2.5987513,39.9467419],[-2.5987573,39.946769],[-2.5987325,39.9467717],[-2.5987343,39.9467829],[-2.5986788,39.9467868]]]},"properties":{"category":"building","name":"","building":"house","building_levels":"2","height":6.0,"height_estimated":false}},{"type":"Feature","id":"way/804694453","geometry":{"type":"Polygon","coordinates":[[[-2.5987368,39.9467823],[-2.5987343,39.9467829],[-2.5987325,39.9467717],[-2.5987573,39.946769],[-2.5987513,39.9467419],[-2.5987886,39.9467365],[-2.5988168,39.9467704],[-2.5987689,39.9467775],[-2.5987368,39.9467823]]]},"properties":{"category":"building","name":"","building":"house","building_levels":"3","height":9.0,"height_estimated":false}},{"type":"Feature","id":"way/804694454","geometry":{"type":"Polygon","coordinates":[[[-2.5988159,39.9468381],[-2.5987541,39.9468466],[-2.5987368,39.9467823],[-2.5987689,39.9467775],[-2.5987843,39.9468144],[-2.5987954,39.9468127],[-2.5988159,39.9468381]]]},"properties":{"category":"building","name":"","building":"house","building_levels":"1","height":3.0,"height_estimated":false}},{"type":"Feature","id":"way/804694455","geometry":{"type":"Polygon","coordinates":[[[-2.5988356,39.9468617],[-2.5988159,39.9468381],[-2.5987954,39.9468127],[-2.5987843,39.9468144],[-2.5987689,39.9467775],[-2.5988168,39.9467704],[-2.5988771,39.9468416],[-2.5988356,39.9468617]]]},"properties":{"category":"building","name":"","building":"house","building_levels":"2","height":6.0,"height_estimated":false}},{"type":"Feature","id":"way/804694456","geometry":{"type":"Polygon","coordinates":[[[-2.5988356,39.9468617],[-2.5988639,39.9468961],[-2.5989048,39.9468757],[-2.5988771,39.9468416],[-2.5988356,39.9468617]]]},"properties":{"category":"building","name":"","building":"house","building_levels":"3","height":9.0,"height_estimated":false}},{"type":"Feature","id":"way/804694457","geometry":{"type":"Polygon","coordinates":[[[-2.5989048,39.9468757],[-2.5989436,39.9469236],[-2.5988998,39.9469406],[-2.598879,39.946915],[-2.5988639,39.9468961],[-2.5989048,39.9468757]]]},"properties":{"category":"building","name":"","building":"house","building_levels":"2","height":6.0,"height_estimated":false}},{"type":"Feature","id":"way/804694458","geometry":{"type":"Polygon","coordinates":[[[-2.5988998,39.9469406],[-2.5988856,39.9469458],[-2.5989221,39.9469952],[-2.5989827,39.9469719],[-2.5989436,39.9469236],[-2.5988998,39.9469406]]]},"properties":{"category":"building","name":"","building":"house","building_levels":"1","height":3.0,"height_estimated":false}},{"type":"Feature","id":"way/804694459","geometry":{"type":"Polygon","coordinates":[[[-2.5984269,39.9473315],[-2.5984066,39.9472774],[-2.5984233,39.9472753],[-2.5984339,39.9473306],[-2.5984269,39.9473315]]]},"properties":{"category":"building","name":"","building":"house","height":2.5,"height_estimated":false}},{"type":"Feature","id":"way/804694460","geometry":{"type":"Polygon","coordinates":[[[-2.5984339,39.9473306],[-2.5985828,39.9473108],[-2.5985722,39.9472635],[-2.5985091,39.9472712],[-2.5985011,39.9472368],[-2.5983969,39.9472515],[-2.5984066,39.9472774],[-2.5984233,39.9472753],[-2.5984339,39.9473306]]]},"properties":{"category":"building","name":"","building":"house","building_levels":"2","height":6.0,"height_estimated":false}},{"type":"Feature","id":"way/804694461","geometry":{"type":"Polygon","coordinates":[[[-2.5985828,39.9473108],[-2.5986601,39.9473005],[-2.5986506,39.9472527],[-2.5986227,39.9472565],[-2.5985722,39.9472635],[-2.5985828,39.9473108]]]},"properties":{"category":"building","name":"","building":"house","building_levels":"2","height":6.0,"height_estimated":false}},{"type":"Feature","id":"way/804694462","geometry":{"type":"Polygon","coordinates":[[[-2.5986601,39.9473005],[-2.5986506,39.9472527],[-2.5986227,39.9472565],[-2.5986157,39.9472201],[-2.5986484,39.9472159],[-2.5987062,39.9472086],[-2.5987164,39.947293],[-2.5986601,39.9473005]]]},"properties":{"category":"building","name":"","building":"house","building_levels":"1","height":3.0,"height_estimated":false}},{"type":"Feature","id":"way/804694463","geometry":{"type":"Polygon","coordinates":[[[-2.5986484,39.9472159],[-2.5986416,39.9471717],[-2.5987008,39.9471632],[-2.5987062,39.9472086],[-2.5986484,39.9472159]]]},"properties":{"category":"building","name":"","building":"house","building_levels":"1","height":3.0,"height_estimated":false}},{"type":"Feature","id":"way/804696012","geometry":{"type":"Polygon","coordinates":[[[-2.5983969,39.9472515],[-2.5983674,39.9471731],[-2.5984736,39.9471559],[-2.5985011,39.9472368],[-2.5983969,39.9472515]]]},"properties":{"category":"building","name":"","building":"house","building_levels":"2","height":6.0,"height_estimated":false}},{"type":"Feature","id":"way/804696013","geometry":{"type":"Polygon","coordinates":[[[-2.5984736,39.9471559],[-2.5984426,39.9470422],[-2.5983399,39.9470586],[-2.5983674,39.9471731],[-2.5984736,39.9471559]]]},"properties":{"category":"building","name":"","building":"house","building_levels":"1","height":3.0,"height_estimated":false}},{"type":"Feature","id":"way/805989304","geometry":{"type":"LineString","coordinates":[[-2.5986538,39.9466282],[-2.5982208,39.9466676]]},"properties":{"category":"road","name":"Travesía Soledad","highway":"service"}},{"type":"Feature","id":"way/805989305","geometry":{"type":"Polygon","coordinates":[[[-2.5983203,39.946977],[-2.5983577,39.9469741],[-2.5983515,39.9469399],[-2.5983977,39.9469363],[-2.5983954,39.9468997],[-2.5983031,39.9469055],[-2.5983203,39.946977]]]},"properties":{"category":"building","name":"","building":"house","building_levels":"1","height":3.0,"height_estimated":false}},{"type":"Feature","id":"way/805989306","geometry":{"type":"Polygon","coordinates":[[[-2.5983954,39.9468997],[-2.59841,39.9468986],[-2.5983741,39.946671],[-2.5982658,39.9466826],[-2.5983031,39.9469055],[-2.5983954,39.9468997]]]},"properties":{"category":"building","name":"","building":"house","building_levels":"1","height":3.0,"height_estimated":false}},{"type":"Feature","id":"way/805989307","geometry":{"type":"Polygon","coordinates":[[[-2.5986369,39.946813],[-2.598534,39.9468236],[-2.5985225,39.9467639],[-2.5986048,39.9467558],[-2.598627,39.9467537],[-2.5986369,39.946813]]]},"properties":{"category":"building","name":"","building":"house","building_levels":"1","height":3.0,"height_estimated":false}},{"type":"Feature","id":"way/805989308","geometry":{"type":"Polygon","coordinates":[[[-2.5985225,39.9467639],[-2.5984516,39.9467734],[-2.5984378,39.9467055],[-2.5985495,39.9466936],[-2.5985518,39.9467102],[-2.5985964,39.946706],[-2.5986048,39.9467558],[-2.5985225,39.9467639]]]},"properties":{"category":"building","name":"","building":"house","building_levels":"2","height":6.0,"height_estimated":false}},{"type":"Feature","id":"way/805989309","geometry":{"type":"Polygon","coordinates":[[[-2.598254,39.946617],[-2.5982954,39.9466126],[-2.5982884,39.9465406],[-2.5982477,39.9465449],[-2.598254,39.946617]]]},"properties":{"category":"building","name":"","building":"house","building_levels":"3","height":9.0,"height_estimated":false}},{"type":"Feature","id":"way/805989310","geometry":{"type":"Polygon","coordinates":[[[-2.5982954,39.9466126],[-2.5983755,39.9466046],[-2.5983716,39.9465583],[-2.5983693,39.9465394],[-2.598409,39.9465361],[-2.5984063,39.9465099],[-2.5984044,39.9464886],[-2.5983416,39.946493],[-2.5982439,39.9465016],[-2.5982477,39.9465449],[-2.5982884,39.9465406],[-2.5982954,39.9466126]]]},"properties":{"category":"building","name":"","building":"house","building_levels":"3","height":9.0,"height_estimated":false}},{"type":"Feature","id":"way/805989311","geometry":{"type":"Polygon","coordinates":[[[-2.5983416,39.946493],[-2.5983385,39.9464502],[-2.5982861,39.9464526],[-2.5982834,39.9464384],[-2.5982373,39.9464467],[-2.5982417,39.9464772],[-2.5982439,39.9465016],[-2.5983416,39.946493]]]},"properties":{"category":"building","name":"","building":"house","building_levels":"1","height":3.0,"height_estimated":false}},{"type":"Feature","id":"way/805989312","geometry":{"type":"Polygon","coordinates":[[[-2.5985853,39.9465616],[-2.598508,39.9465719],[-2.5984914,39.9464983],[-2.5985663,39.946489],[-2.5985853,39.9465616]]]},"properties":{"category":"building","name":"","building":"house","building_levels":"1","height":3.0,"height_estimated":false}},{"type":"Feature","id":"way/805989313","geometry":{"type":"Polygon","coordinates":[[[-2.5984914,39.9464983],[-2.5984063,39.9465099],[-2.5984044,39.9464886],[-2.5984017,39.9464747],[-2.5984756,39.9464605],[-2.5985556,39.9464433],[-2.5985663,39.946489],[-2.5984914,39.9464983]]]},"properties":{"category":"building","name":"","building":"house","building_levels":"2","height":6.0,"height_estimated":false}},{"type":"Feature","id":"way/805989314","geometry":{"type":"Polygon","coordinates":[[[-2.5984017,39.9464747],[-2.5983886,39.9464774],[-2.5983643,39.9464062],[-2.5984521,39.9463926],[-2.598459,39.9464126],[-2.5984756,39.9464605],[-2.5984017,39.9464747]]]},"properties":{"category":"building","name":"","building":"house","building_levels":"2","height":6.0,"height_estimated":false}},{"type":"Feature","id":"way/805989315","geometry":{"type":"Polygon","coordinates":[[[-2.5985556,39.9464433],[-2.5984756,39.9464605],[-2.598459,39.9464126],[-2.5984814,39.9464127],[-2.5984845,39.9464183],[-2.5985448,39.9464064],[-2.5985556,39.9464433]]]},"properties":{"category":"building","name":"","building":"house","building_levels":"2","height":6.0,"height_estimated":false}},{"type":"Feature","id":"way/805989316","geometry":{"type":"Polygon","coordinates":[[[-2.5985253,39.9463642],[-2.5984267,39.9463826],[-2.5984094,39.9463401],[-2.5984656,39.9463247],[-2.5984702,39.9463339],[-2.5985037,39.9463255],[-2.5985253,39.9463642]]]},"properties":{"category":"building","name":"","building":"house","building_levels":"2","height":6.0,"height_estimated":false}},{"type":"Feature","id":"way/805989317","geometry":{"type":"Polygon","coordinates":[[[-2.5982746,39.946374],[-2.5983339,39.9463584],[-2.5983169,39.9463203],[-2.5982649,39.9463336],[-2.5982746,39.946374]]]},"properties":{"category":"building","name":"","building":"house","building_levels":"2","height":6.0,"height_estimated":false}},{"type":"Feature","id":"way/805989318","geometry":{"type":"Polygon","coordinates":[[[-2.5982746,39.946374],[-2.5982285,39.9463859],[-2.5982224,39.9463442],[-2.5982649,39.9463336],[-2.5982746,39.946374]]]},"properties":{"category":"building","name":"","building":"house","building_levels":"3","height":9.0,"height_estimated":false}},{"type":"Feature","id":"way/805989319","geometry":{"type":"Polygon","coordinates":[[[-2.5982224,39.9463442],[-2.5982153,39.9462949],[-2.5982145,39.9462837],[-2.598288,39.9462719],[-2.5982784,39.9462394],[-2.5983069,39.9462353],[-2.5983397,39.9462553],[-2.598357,39.9462934],[-2.5983635,39.9463079],[-2.5983169,39.9463203],[-2.5982649,39.9463336],[-2.5982224,39.9463442]]]},"properties":{"category":"building","name":"","building":"house","building_levels":"3","height":9.0,"height_estimated":false}},{"type":"Feature","id":"way/805989320","geometry":{"type":"Polygon","coordinates":[[[-2.5985037,39.9463255],[-2.5984702,39.9463339],[-2.5984656,39.9463247],[-2.5984094,39.9463401],[-2.598382,39.9463463],[-2.5983635,39.9463079],[-2.598357,39.9462934],[-2.5984683,39.9462622],[-2.5985037,39.9463255]]]},"properties":{"category":"building","name":"","building":"house","building_levels":"2","height":6.0,"height_estimated":false}},{"type":"Feature","id":"way/805989321","geometry":{"type":"Polygon","coordinates":[[[-2.5984683,39.9462622],[-2.598357,39.9462934],[-2.5983397,39.9462553],[-2.5983189,39.9462096],[-2.5984245,39.9461806],[-2.5984683,39.9462622]]]},"properties":{"category":"building","name":"","building":"house","building_levels":"2","height":6.0,"height_estimated":false}},{"type":"Feature","id":"way/805989322","geometry":{"type":"Polygon","coordinates":[[[-2.5983189,39.9462096],[-2.598305,39.9461806],[-2.5982907,39.9461458],[-2.5983951,39.9461189],[-2.5984245,39.9461806],[-2.5983189,39.9462096]]]},"properties":{"category":"building","name":"","building":"house","building_levels":"4","height":12.0,"height_estimated":false}},{"type":"Feature","id":"way/805989323","geometry":{"type":"Polygon","coordinates":[[[-2.598305,39.9461806],[-2.5982075,39.9461836],[-2.5982046,39.9461419],[-2.598278,39.946116],[-2.5982907,39.9461458],[-2.598305,39.9461806]]]},"properties":{"category":"building","name":"","building":"house","building_levels":"3","height":9.0,"height_estimated":false}},{"type":"Feature","id":"way/805989324","geometry":{"type":"Polygon","coordinates":[[[-2.5982907,39.9461458],[-2.598278,39.946116],[-2.5983223,39.9461012],[-2.5983806,39.9460864],[-2.5983951,39.9461189],[-2.5982907,39.9461458]]]},"properties":{"category":"building","name":"","building":"house","building_levels":"3","height":9.0,"height_estimated":false}},{"type":"Feature","id":"way/805989325","geometry":{"type":"Polygon","coordinates":[[[-2.5983806,39.9460864],[-2.5983648,39.9460523],[-2.5983058,39.9460676],[-2.5983223,39.9461012],[-2.5983806,39.9460864]]]},"properties":{"category":"building","name":"","building":"house","building_levels":"2","height":6.0,"height_estimated":false}},{"type":"Feature","id":"way/805989326","geometry":{"type":"Polygon","coordinates":[[[-2.598278,39.946116],[-2.5982615,39.9460788],[-2.5983058,39.9460676],[-2.5983223,39.9461012],[-2.598278,39.946116]]]},"properties":{"category":"building","name":"","building":"house","building_levels":"2","height":6.0,"height_estimated":false}},{"type":"Feature","id":"way/805989327","geometry":{"type":"Polygon","coordinates":[[[-2.5983648,39.9460523],[-2.5983058,39.9460676],[-2.5982615,39.9460788],[-2.5982004,39.9460791],[-2.5982023,39.9458783],[-2.5982681,39.9458578],[-2.5983648,39.9460523]]]},"properties":{"category":"building","name":"","building":"house","building_levels":"2","height":6.0,"height_estimated":false}},{"type":"Feature","id":"way/805989328","geometry":{"type":"Polygon","coordinates":[[[-2.5987888,39.9459286],[-2.5987549,39.9459321],[-2.5987074,39.9459368],[-2.598695,39.9458629],[-2.5987906,39.94586],[-2.5987888,39.9459286]]]},"properties":{"category":"building","name":"","building":"house","building_levels":"2","height":6.0,"height_estimated":false}},{"type":"Feature","id":"way/805989329","geometry":{"type":"Polygon","coordinates":[[[-2.5987074,39.9459368],[-2.5986256,39.9459411],[-2.5985997,39.9458657],[-2.598695,39.9458629],[-2.5987074,39.9459368]]]},"properties":{"category":"building","name":"","building":"house","building_levels":"1","height":3.0,"height_estimated":false}},{"type":"Feature","id":"way/805989330","geometry":{"type":"Polygon","coordinates":[[[-2.5986256,39.9459411],[-2.5985651,39.9459448],[-2.5985613,39.9459386],[-2.5985325,39.9458677],[-2.5985997,39.9458657],[-2.5986256,39.9459411]]]},"properties":{"category":"building","name":"","building":"house","building_levels":"2","height":6.0,"height_estimated":false}},{"type":"Feature","id":"way/805989331","geometry":{"type":"Polygon","coordinates":[[[-2.5987888,39.9459286],[-2.5987873,39.9459833],[-2.5987534,39.9459985],[-2.5987549,39.9459321],[-2.5987888,39.9459286]]]},"properties":{"category":"building","name":"","building":"house","building_levels":"2","height":6.0,"height_estimated":false}},{"type":"Feature","id":"way/805989332","geometry":{"type":"Polygon","coordinates":[[[-2.598504,39.9461048],[-2.5985082,39.9461097],[-2.5985103,39.9461144],[-2.5984689,39.9461311],[-2.5984431,39.9460931],[-2.5984489,39.946091],[-2.5984526,39.9460901],[-2.598473,39.9461178],[-2.598504,39.9461048]]]},"properties":{"category":"building","name":"","building":"house","height":6.0,"height_estimated":true}},{"type":"Feature","id":"way/805989333","geometry":{"type":"Polygon","coordinates":[[[-2.5985082,39.9461097],[-2.598559,39.9460874],[-2.5985375,39.9460525],[-2.5984967,39.9460679],[-2.5984748,39.9460315],[-2.5985133,39.946014],[-2.5985148,39.946016],[-2.598534,39.9460068],[-2.5985023,39.9459602],[-2.598389,39.9460018],[-2.5984489,39.946091],[-2.5984526,39.9460901],[-2.598473,39.9461178],[-2.598504,39.9461048],[-2.5985082,39.9461097]]]},"properties":{"category":"building","name":"","building":"house","building_levels":"3","height":9.0,"height_estimated":false}},{"type":"Feature","id":"way/805989334","geometry":{"type":"Polygon","coordinates":[[[-2.598559,39.9460874],[-2.5985944,39.9460716],[-2.5985676,39.9460315],[-2.5985335,39.9460467],[-2.5985375,39.9460525],[-2.598559,39.9460874]]]},"properties":{"category":"building","name":"","building":"house","building_levels":"2","height":6.0,"height_estimated":false}},{"type":"Feature","id":"way/805989335","geometry":{"type":"Polygon","coordinates":[[[-2.5986431,39.9460497],[-2.5985944,39.9460716],[-2.5985676,39.9460315],[-2.5985335,39.9460467],[-2.5985148,39.946016],[-2.598534,39.9460068],[-2.5985807,39.9459865],[-2.5985994,39.9460162],[-2.5986175,39.9460089],[-2.5986431,39.9460497]]]},"properties":{"category":"building","name":"","building":"house","building_levels":"2","height":6.0,"height_estimated":false}},{"type":"Feature","id":"way/805989336","geometry":{"type":"Polygon","coordinates":[[[-2.5986431,39.9460497],[-2.5987326,39.9460081],[-2.5987022,39.9459563],[-2.5986341,39.945963],[-2.5985807,39.9459865],[-2.5985994,39.9460162],[-2.5986175,39.9460089],[-2.5986431,39.9460497]]]},"properties":{"category":"building","name":"","building":"house","building_levels":"2","height":6.0,"height_estimated":false}},{"type":"Feature","id":"way/805989337","geometry":{"type":"Polygon","coordinates":[[[-2.5988173,39.9459931],[-2.5988196,39.9459955],[-2.5988664,39.9459689],[-2.5989057,39.9459462],[-2.5989303,39.9459689],[-2.5989812,39.9459314],[-2.5990194,39.9459042],[-2.5989279,39.9458574],[-2.5988206,39.9459314],[-2.5988173,39.9459931]]]},"properties":{"category":"building","name":"","building":"house","building_levels":"2","height":6.0,"height_estimated":false}},{"type":"Feature","id":"way/805989338","geometry":{"type":"Polygon","coordinates":[[[-2.5989303,39.9459689],[-2.5989543,39.9459907],[-2.5990074,39.945955],[-2.5989812,39.9459314],[-2.5989303,39.9459689]]]},"properties":{"category":"building","name":"","building":"house","building_levels":"1","height":3.0,"height_estimated":false}},{"type":"Feature","id":"way/805989339","geometry":{"type":"Polygon","coordinates":[[[-2.5989509,39.9461325],[-2.5988196,39.9459955],[-2.5988664,39.9459689],[-2.598999,39.9461023],[-2.5989509,39.9461325]]]},"properties":{"category":"building","name":"","building":"house","building_levels":"2","height":6.0,"height_estimated":false}},{"type":"Feature","id":"way/805989340","geometry":{"type":"Polygon","coordinates":[[[-2.598999,39.9461023],[-2.5990442,39.9460752],[-2.5990087,39.9460405],[-2.5989543,39.9459907],[-2.5989303,39.9459689],[-2.5989057,39.9459462],[-2.5988664,39.9459689],[-2.598999,39.9461023]]]},"properties":{"category":"building","name":"","building":"house","building_levels":"3","height":9.0,"height_estimated":false}},{"type":"Feature","id":"way/805989341","geometry":{"type":"Polygon","coordinates":[[[-2.5990442,39.9460752],[-2.5990714,39.9460586],[-2.5990448,39.9460345],[-2.5990337,39.9460237],[-2.5990087,39.9460405],[-2.5990442,39.9460752]]]},"properties":{"category":"building","name":"","building":"house","building_levels":"1","height":3.0,"height_estimated":false}},{"type":"Feature","id":"way/805989342","geometry":{"type":"Polygon","coordinates":[[[-2.5990714,39.9460586],[-2.5990839,39.9460705],[-2.5991423,39.9460338],[-2.5991995,39.9459962],[-2.5991432,39.9459674],[-2.5990448,39.9460345],[-2.5990714,39.9460586]]]},"properties":{"category":"building","name":"","building":"house","building_levels":"3","height":9.0,"height_estimated":false}},{"type":"Feature","id":"way/805989343","geometry":{"type":"Polygon","coordinates":[[[-2.5991163,39.9460998],[-2.5990839,39.9460705],[-2.5991423,39.9460338],[-2.5991764,39.9460627],[-2.5991163,39.9460998]]]},"properties":{"category":"building","name":"","building":"house","building_levels":"2","height":6.0,"height_estimated":false}},{"type":"Feature","id":"way/805989344","geometry":{"type":"Polygon","coordinates":[[[-2.5993182,39.9461016],[-2.5992596,39.9461354],[-2.5991764,39.9460627],[-2.5991423,39.9460338],[-2.5991995,39.9459962],[-2.5993182,39.9461016]]]},"properties":{"category":"building","name":"","building":"house","building_levels":"2","height":6.0,"height_estimated":false}},{"type":"Feature","id":"way/805989345","geometry":{"type":"Polygon","coordinates":[[[-2.5993563,39.9461342],[-2.5992967,39.9461692],[-2.5992596,39.9461354],[-2.5993182,39.9461016],[-2.5993563,39.9461342]]]},"properties":{"category":"building","name":"","building":"house","building_levels":"3","height":9.0,"height_estimated":false}},{"type":"Feature","id":"way/805989346","geometry":{"type":"Polygon","coordinates":[[[-2.5994788,39.9462904],[-2.5994269,39.9463133],[-2.5994164,39.946316],[-2.59937,39.9462553],[-2.5994302,39.946228],[-2.5994788,39.9462904]]]},"properties":{"category":"building","name":"","building":"house","building_levels":"2","height":6.0,"height_estimated":false}},{"type":"Feature","id":"way/805989347","geometry":{"type":"Polygon","coordinates":[[[-2.5994302,39.946228],[-2.5993873,39.9461694],[-2.5993206,39.9462052],[-2.59937,39.9462553],[-2.5994302,39.946228]]]},"properties":{"category":"building","name":"","building":"house","building_levels":"1","height":3.0,"height_estimated":false}},{"type":"Feature","id":"way/805989348","geometry":{"type":"Polygon","coordinates":[[[-2.5994499,39.9463442],[-2.5994313,39.9463524],[-2.5994059,39.9463638],[-2.5993909,39.9463447],[-2.599379,39.9463294],[-2.5993994,39.9463204],[-2.5994164,39.946316],[-2.5994269,39.9463133],[-2.5994499,39.9463442]]]},"properties":{"category":"building","name":"","building":"house","building_levels":"2","height":6.0,"height_estimated":false}},{"type":"Feature","id":"way/805989349","geometry":{"type":"Polygon","coordinates":[[[-2.5994418,39.9463659],[-2.5994313,39.9463524],[-2.5994499,39.9463442],[-2.5994269,39.9463133],[-2.5994788,39.9462904],[-2.5995114,39.9463323],[-2.5994607,39.9463565],[-2.5994418,39.9463659]]]},"properties":{"category":"building","name":"","building":"house","building_levels":"3","height":9.0,"height_estimated":false}},{"type":"Feature","id":"way/805989350","geometry":{"type":"Polygon","coordinates":[[[-2.5994797,39.9464155],[-2.5994593,39.9463891],[-2.5994788,39.9463797],[-2.5994607,39.9463565],[-2.5995114,39.9463323],[-2.5995513,39.9463835],[-2.5994797,39.9464155]]]},"properties":{"category":"building","name":"","building":"house","building_levels":"2","height":6.0,"height_estimated":false}},{"type":"Feature","id":"way/805989351","geometry":{"type":"Polygon","coordinates":[[[-2.5994797,39.9464155],[-2.5994593,39.9463891],[-2.5994418,39.9463659],[-2.5994313,39.9463524],[-2.5994059,39.9463638],[-2.5993909,39.9463447],[-2.5993349,39.9463692],[-2.5994035,39.9464484],[-2.5994549,39.9464265],[-2.5994797,39.9464155]]]},"properties":{"category":"building","name":"","building":"house","building_levels":"1","height":3.0,"height_estimated":false}},{"type":"Feature","id":"way/805989352","geometry":{"type":"Polygon","coordinates":[[[-2.5994035,39.9464484],[-2.5993559,39.9464686],[-2.5993244,39.9464815],[-2.5992996,39.9464534],[-2.5992576,39.9464039],[-2.5993349,39.9463692],[-2.5994035,39.9464484]]]},"properties":{"category":"building","name":"","building":"house","building_levels":"2","height":6.0,"height_estimated":false}},{"type":"Feature","id":"way/805989353","geometry":{"type":"Polygon","coordinates":[[[-2.5992996,39.9464534],[-2.5992608,39.9464701],[-2.599255,39.9464569],[-2.5992158,39.9464719],[-2.5991814,39.9464326],[-2.5991691,39.9464185],[-2.5992231,39.9463934],[-2.5992398,39.946412],[-2.5992576,39.9464039],[-2.5992996,39.9464534]]]},"properties":{"category":"building","name":"","building":"house","building_levels":"1","height":3.0,"height_estimated":false}},{"type":"Feature","id":"way/805989354","geometry":{"type":"Polygon","coordinates":[[[-2.5992231,39.9463934],[-2.599168,39.9463283],[-2.5990862,39.9463062],[-2.5990755,39.9463113],[-2.5991691,39.9464185],[-2.5992231,39.9463934]]]},"properties":{"category":"building","name":"","building":"house","building_levels":"2","height":6.0,"height_estimated":false}},{"type":"Feature","id":"way/805989355","geometry":{"type":"Polygon","coordinates":[[[-2.5990772,39.946264],[-2.5990902,39.9462774],[-2.5991394,39.9462831],[-2.599182,39.9462658],[-2.5991516,39.9462329],[-2.5990772,39.946264]]]},"properties":{"category":"building","name":"","building":"house","building_levels":"2","height":6.0,"height_estimated":false}},{"type":"Feature","id":"way/805989356","geometry":{"type":"Polygon","coordinates":[[[-2.599182,39.9462658],[-2.5992766,39.9462285],[-2.5992427,39.946194],[-2.5991516,39.9462329],[-2.599182,39.9462658]]]},"properties":{"category":"building","name":"","building":"house","building_levels":"2","height":6.0,"height_estimated":false}},{"type":"Feature","id":"way/805989357","geometry":{"type":"Polygon","coordinates":[[[-2.5990772,39.946264],[-2.5990667,39.9462532],[-2.5991093,39.9462298],[-2.5991008,39.9462034],[-2.599142,39.946179],[-2.5991787,39.9461567],[-2.5992045,39.946141],[-2.5992552,39.9461889],[-2.5992427,39.946194],[-2.5990772,39.946264]]]},"properties":{"category":"building","name":"","building":"house","building_levels":"3","height":9.0,"height_estimated":false}},{"type":"Feature","id":"way/805989358","geometry":{"type":"Polygon","coordinates":[[[-2.5990667,39.9462532],[-2.5989872,39.9461703],[-2.5990378,39.9461416],[-2.5990597,39.9461629],[-2.5991008,39.9462034],[-2.5991093,39.9462298],[-2.5990667,39.9462532]]]},"properties":{"category":"building","name":"","building":"house","building_levels":"2","height":6.0,"height_estimated":false}},{"type":"Feature","id":"way/805989359","geometry":{"type":"Polygon","coordinates":[[[-2.5991008,39.9462034],[-2.5990597,39.9461629],[-2.5991076,39.9461334],[-2.599135,39.9461168],[-2.5991467,39.946128],[-2.5991108,39.9461495],[-2.599142,39.946179],[-2.5991008,39.9462034]]]},"properties":{"category":"building","name":"","building":"house","building_levels":"2","height":6.0,"height_estimated":false}},{"type":"Feature","id":"way/805989360","geometry":{"type":"Polygon","coordinates":[[[-2.5991787,39.9461567],[-2.5991467,39.946128],[-2.5991108,39.9461495],[-2.599142,39.946179],[-2.5991787,39.9461567]]]},"properties":{"category":"building","name":"","building":"house","height":2.5,"height_estimated":false}},{"type":"Feature","id":"way/805989361","geometry":{"type":"Polygon","coordinates":[[[-2.5989872,39.9461703],[-2.5989509,39.9461325],[-2.598999,39.9461023],[-2.5990442,39.9460752],[-2.5990714,39.9460586],[-2.5990839,39.9460705],[-2.5991163,39.9460998],[-2.599135,39.9461168],[-2.5991076,39.9461334],[-2.599086,39.9461132],[-2.5990378,39.9461416],[-2.5989872,39.9461703]]]},"properties":{"category":"building","name":"","building":"house","building_levels":"1","height":3.0,"height_estimated":false}},{"type":"Feature","id":"way/805989362","geometry":{"type":"Polygon","coordinates":[[[-2.5997325,39.9466295],[-2.5996831,39.9466488],[-2.5996411,39.9465901],[-2.5996963,39.9465709],[-2.5997325,39.9466295]]]},"properties":{"category":"building","name":"","building":"house","building_levels":"1","height":3.0,"height_estimated":false}},{"type":"Feature","id":"way/805989363","geometry":{"type":"Polygon","coordinates":[[[-2.5992145,39.9468891],[-2.599184,39.9468083],[-2.5991439,39.9468127],[-2.599159,39.9468369],[-2.5991516,39.946839],[-2.5991663,39.9468901],[-2.5992145,39.9468891]]]},"properties":{"category":"building","name":"","building":"house","building_levels":"2","height":6.0,"height_estimated":false}},{"type":"Feature","id":"way/805989364","geometry":{"type":"Polygon","coordinates":[[[-2.5992145,39.9468891],[-2.5992813,39.9468726],[-2.5992452,39.9467808],[-2.5991798,39.9467968],[-2.599184,39.9468083],[-2.5992145,39.9468891]]]},"properties":{"category":"building","name":"","building":"house","building_levels":"1","height":3.0,"height_estimated":false}},{"type":"Feature","id":"way/805989365","geometry":{"type":"Polygon","coordinates":[[[-2.5992827,39.9468758],[-2.5992813,39.9468726],[-2.5992452,39.9467808],[-2.5993565,39.9467528],[-2.599382,39.946746],[-2.5994235,39.9468393],[-2.5992827,39.9468758]]]},"properties":{"category":"building","name":"","building":"house","building_levels":"2","height":6.0,"height_estimated":false}},{"type":"Feature","id":"way/805989366","geometry":{"type":"Polygon","coordinates":[[[-2.599382,39.946746],[-2.599355,39.9466852],[-2.5993061,39.9465747],[-2.5992283,39.9466051],[-2.5990935,39.946658],[-2.5991543,39.9467516],[-2.5992972,39.9466958],[-2.5993169,39.9467448],[-2.5993504,39.9467374],[-2.5993565,39.9467528],[-2.599382,39.946746]]]},"properties":{"category":"building","name":"","building":"house","building_levels":"1","height":3.0,"height_estimated":false}},{"type":"Feature","id":"way/805989367","geometry":{"type":"Polygon","coordinates":[[[-2.599355,39.9466852],[-2.5993989,39.946673],[-2.5993411,39.9465511],[-2.5993015,39.9465614],[-2.5993061,39.9465747],[-2.599355,39.9466852]]]},"properties":{"category":"building","name":"","building":"house","building_levels":"1","height":3.0,"height_estimated":false}},{"type":"Feature","id":"way/805989368","geometry":{"type":"Polygon","coordinates":[[[-2.5993989,39.946673],[-2.5993411,39.9465511],[-2.5993099,39.9464882],[-2.5993244,39.9464815],[-2.5993559,39.9464686],[-2.5994347,39.9466096],[-2.5994582,39.9466556],[-2.5993989,39.946673]]]},"properties":{"category":"building","name":"","building":"house","building_levels":"1","height":3.0,"height_estimated":false}},{"type":"Feature","id":"way/805989369","geometry":{"type":"Polygon","coordinates":[[[-2.5992283,39.9466051],[-2.5991805,39.9465301],[-2.5991318,39.9464553],[-2.5991814,39.9464326],[-2.5992158,39.9464719],[-2.599255,39.9464569],[-2.5992608,39.9464701],[-2.5993015,39.9465614],[-2.5993061,39.9465747],[-2.5992283,39.9466051]]]},"properties":{"category":"building","name":"","building":"house","building_levels":"1","height":3.0,"height_estimated":false}},{"type":"Feature","id":"way/805989370","geometry":{"type":"Polygon","coordinates":[[[-2.5990215,39.9465972],[-2.5990011,39.9465626],[-2.5990504,39.946544],[-2.599013,39.9464859],[-2.599055,39.9464693],[-2.5991217,39.9464424],[-2.5991318,39.9464553],[-2.5991805,39.9465301],[-2.5990215,39.9465972]]]},"properties":{"category":"building","name":"","building":"house","building_levels":"2","height":6.0,"height_estimated":false}},{"type":"Feature","id":"way/805989371","geometry":{"type":"Polygon","coordinates":[[[-2.5990211,39.9468835],[-2.5990438,39.9468493],[-2.5990373,39.9468443],[-2.5990542,39.9468254],[-2.5990249,39.9468068],[-2.5989883,39.946785],[-2.598897,39.9468311],[-2.5990211,39.9468835]]]},"properties":{"category":"building","name":"","building":"house","building_levels":"2","height":6.0,"height_estimated":false}},{"type":"Feature","id":"way/805989372","geometry":{"type":"Polygon","coordinates":[[[-2.5990249,39.9468068],[-2.5990712,39.9467832],[-2.59905,39.9467531],[-2.599023,39.9467666],[-2.5990007,39.9467779],[-2.5989883,39.946785],[-2.5990249,39.9468068]]]},"properties":{"category":"building","name":"","building":"house","building_levels":"2","height":6.0,"height_estimated":false}},{"type":"Feature","id":"way/805989373","geometry":{"type":"Polygon","coordinates":[[[-2.598897,39.9468311],[-2.5988656,39.946793],[-2.5989236,39.9467634],[-2.5989729,39.9467374],[-2.5990007,39.9467779],[-2.5989883,39.946785],[-2.598897,39.9468311]]]},"properties":{"category":"building","name":"","building":"house","building_levels":"2","height":6.0,"height_estimated":false}},{"type":"Feature","id":"way/805989374","geometry":{"type":"Polygon","coordinates":[[[-2.599023,39.9467666],[-2.5989945,39.9467262],[-2.5989729,39.9467374],[-2.5989236,39.9467634],[-2.5988682,39.9466849],[-2.5989194,39.9466618],[-2.5989934,39.9466296],[-2.5990403,39.9466967],[-2.5990715,39.9466831],[-2.5990977,39.9467294],[-2.59905,39.9467531],[-2.599023,39.9467666]]]},"properties":{"category":"building","name":"","building":"house","building_levels":"2","height":6.0,"height_estimated":false}},{"type":"Feature","id":"way/805989375","geometry":{"type":"Polygon","coordinates":[[[-2.5988028,39.9467144],[-2.5988651,39.9466855],[-2.5988435,39.9466562],[-2.5987777,39.946683],[-2.5988028,39.9467144]]]},"properties":{"category":"building","name":"","building":"house","building_levels":"2","height":6.0,"height_estimated":false}},{"type":"Feature","id":"way/805989376","geometry":{"type":"Polygon","coordinates":[[[-2.5988651,39.9466855],[-2.5988682,39.9466849],[-2.5989194,39.9466618],[-2.5989044,39.9466397],[-2.5988636,39.9465824],[-2.5988328,39.9465951],[-2.5987438,39.9466323],[-2.5987777,39.946683],[-2.5988435,39.9466562],[-2.5988651,39.9466855]]]},"properties":{"category":"building","name":"","building":"house","building_levels":"2","height":6.0,"height_estimated":false}},{"type":"Feature","id":"way/805989377","geometry":{"type":"Polygon","coordinates":[[[-2.5989194,39.9466618],[-2.5989044,39.9466397],[-2.5989768,39.9466087],[-2.5989934,39.9466296],[-2.5989194,39.9466618]]]},"properties":{"category":"building","name":"","building":"house","building_levels":"1","height":3.0,"height_estimated":false}},{"type":"Feature","id":"way/805989378","geometry":{"type":"Polygon","coordinates":[[[-2.5987134,39.9466434],[-2.5987438,39.9466323],[-2.5988328,39.9465951],[-2.5987869,39.9465257],[-2.5986651,39.9465725],[-2.5987134,39.9466434]]]},"properties":{"category":"building","name":"","building":"house","building_levels":"2","height":6.0,"height_estimated":false}},{"type":"Feature","id":"way/805989379","geometry":{"type":"Polygon","coordinates":[[[-2.5987869,39.9465257],[-2.5987715,39.9465012],[-2.5987596,39.9465056],[-2.598651,39.946547],[-2.5986651,39.9465725],[-2.5987869,39.9465257]]]},"properties":{"category":"building","name":"","building":"house","building_levels":"2","height":6.0,"height_estimated":false}},{"type":"Feature","id":"way/805989380","geometry":{"type":"Polygon","coordinates":[[[-2.5987596,39.9465056],[-2.598748,39.9464876],[-2.5987788,39.9464761],[-2.5987888,39.946495],[-2.5987715,39.9465012],[-2.5987596,39.9465056]]]},"properties":{"category":"building","name":"","building":"house","building_levels":"1","height":3.0,"height_estimated":false}},{"type":"Feature","id":"way/805989381","geometry":{"type":"Polygon","coordinates":[[[-2.5988432,39.9464738],[-2.5988297,39.9464528],[-2.5988666,39.946438],[-2.5988817,39.9464596],[-2.5988597,39.9464678],[-2.5988432,39.9464738]]]},"properties":{"category":"building","name":"","building":"house","building_levels":"1","height":3.0,"height_estimated":false}},{"type":"Feature","id":"way/805989382","geometry":{"type":"Polygon","coordinates":[[[-2.5987596,39.9465056],[-2.598651,39.946547],[-2.5986168,39.946463],[-2.5989093,39.9463523],[-2.5989545,39.9464218],[-2.5989595,39.9464295],[-2.5988817,39.9464596],[-2.5988666,39.946438],[-2.5988297,39.9464528],[-2.5988432,39.9464738],[-2.5988403,39.9464747],[-2.5987888,39.946495],[-2.5987788,39.9464761],[-2.598748,39.9464876],[-2.5987596,39.9465056]]]},"properties":{"category":"building","name":"Ayuntamiento de Palomares del Campo","building":"public","building_levels":"2","amenity":"townhall","height":6.0,"height_estimated":false}},{"type":"Feature","id":"way/805989383","geometry":{"type":"Polygon","coordinates":[[[-2.5989545,39.9464218],[-2.5989702,39.9464157],[-2.599013,39.946399],[-2.5989688,39.9463298],[-2.5989093,39.9463523],[-2.5989545,39.9464218]]]},"properties":{"category":"building","name":"","building":"house","building_levels":"2","height":6.0,"height_estimated":false}},{"type":"Feature","id":"way/805989384","geometry":{"type":"Polygon","coordinates":[[[-2.5989006,39.9465671],[-2.5988403,39.9464747],[-2.5988432,39.9464738],[-2.5988597,39.9464678],[-2.5989196,39.9465598],[-2.5989006,39.9465671]]]},"properties":{"category":"building","name":"","building":"house","building_levels":"1","height":3.0,"height_estimated":false}},{"type":"Feature","id":"way/805989385","geometry":{"type":"Polygon","coordinates":[[[-2.5989196,39.9465598],[-2.5989551,39.9465444],[-2.5989752,39.9465724],[-2.5990011,39.9465626],[-2.5990504,39.946544],[-2.599013,39.9464859],[-2.5989702,39.9464157],[-2.5989545,39.9464218],[-2.5989595,39.9464295],[-2.5988817,39.9464596],[-2.5988597,39.9464678],[-2.5989196,39.9465598]]]},"properties":{"category":"building","name":"","building":"house","building_levels":"2","height":6.0,"height_estimated":false}},{"type":"Feature","id":"way/805989386","geometry":{"type":"Polygon","coordinates":[[[-2.5995493,39.9462501],[-2.5996187,39.9462151],[-2.5995912,39.9461881],[-2.5995249,39.9462211],[-2.5995493,39.9462501]]]},"properties":{"category":"building","name":"","building":"house","building_levels":"1","height":3.0,"height_estimated":false}},{"type":"Feature","id":"way/805989387","geometry":{"type":"Polygon","coordinates":[[[-2.5995249,39.9462211],[-2.599504,39.9461963],[-2.599561,39.9461565],[-2.5995912,39.9461881],[-2.5995249,39.9462211]]]},"properties":{"category":"building","name":"","building":"house","building_levels":"1","height":3.0,"height_estimated":false}},{"type":"Feature","id":"way/805989388","geometry":{"type":"Polygon","coordinates":[[[-2.5994454,39.9461456],[-2.5992835,39.946012],[-2.5993216,39.9459924],[-2.5993542,39.9460224],[-2.5993902,39.9459892],[-2.5994095,39.9460079],[-2.5994172,39.9460037],[-2.5994502,39.9460426],[-2.59947,39.9460325],[-2.5994959,39.9460578],[-2.5995025,39.9460563],[-2.5995332,39.946102],[-2.5994454,39.9461456]]]},"properties":{"category":"building","name":"","building":"house","building_levels":"1","height":3.0,"height_estimated":false}},{"type":"Feature","id":"way/805989389","geometry":{"type":"Polygon","coordinates":[[[-2.5992345,39.9459773],[-2.5992662,39.9459554],[-2.599254,39.9459437],[-2.5992952,39.945916],[-2.5993902,39.9459892],[-2.5993542,39.9460224],[-2.5993216,39.9459924],[-2.5992835,39.946012],[-2.5992345,39.9459773]]]},"properties":{"category":"building","name":"","building":"house","building_levels":"1","height":3.0,"height_estimated":false}},{"type":"Feature","id":"way/805989390","geometry":{"type":"Polygon","coordinates":[[[-2.5992345,39.9459773],[-2.5992213,39.945968],[-2.599254,39.9459437],[-2.5992662,39.9459554],[-2.5992345,39.9459773]]]},"properties":{"category":"building","name":"","building":"house","height":2.5,"height_estimated":false}},{"type":"Feature","id":"way/805989391","geometry":{"type":"Polygon","coordinates":[[[-2.5994095,39.9460079],[-2.5993902,39.9459892],[-2.5994746,39.9459507],[-2.5994954,39.9459659],[-2.5994172,39.9460037],[-2.5994095,39.9460079]]]},"properties":{"category":"building","name":"","building":"house","height":2.5,"height_estimated":false}},{"type":"Feature","id":"way/805989392","geometry":{"type":"Polygon","coordinates":[[[-2.5994954,39.9459659],[-2.5994746,39.9459507],[-2.5994156,39.945907],[-2.5994654,39.9458817],[-2.5994843,39.9459047],[-2.5995137,39.9458915],[-2.5995081,39.9458841],[-2.5996016,39.9458369],[-2.5996374,39.9458974],[-2.5994954,39.9459659]]]},"properties":{"category":"building","name":"","building":"house","building_levels":"2","height":6.0,"height_estimated":false}},{"type":"Feature","id":"way/805989393","geometry":{"type":"Polygon","coordinates":[[[-2.5995861,39.9458106],[-2.5994718,39.945817],[-2.5994472,39.9457522],[-2.599549,39.9457509],[-2.5995861,39.9458106]]]},"properties":{"category":"building","name":"","building":"house","building_levels":"1","height":3.0,"height_estimated":false}},{"type":"Feature","id":"way/805989394","geometry":{"type":"Polygon","coordinates":[[[-2.5994079,39.9458297],[-2.5993463,39.9458409],[-2.5993332,39.9458471],[-2.599297,39.9458616],[-2.5992723,39.9458359],[-2.5992893,39.945828],[-2.5992596,39.9457766],[-2.5993931,39.9457592],[-2.5994079,39.9458297]]]},"properties":{"category":"building","name":"","building":"house","building_levels":"2","height":6.0,"height_estimated":false}},{"type":"Feature","id":"way/805989395","geometry":{"type":"Polygon","coordinates":[[[-2.599297,39.9458616],[-2.5992912,39.9458646],[-2.599245,39.9458938],[-2.5991372,39.9457981],[-2.5991324,39.9457936],[-2.5992596,39.9457766],[-2.5992893,39.945828],[-2.5992723,39.9458359],[-2.599297,39.9458616]]]},"properties":{"category":"building","name":"","building":"house","building_levels":"2","height":6.0,"height_estimated":false}},{"type":"Feature","id":"way/805989396","geometry":{"type":"Polygon","coordinates":[[[-2.5991372,39.9457981],[-2.5990848,39.9458288],[-2.5990487,39.9458047],[-2.5991324,39.9457936],[-2.5991372,39.9457981]]]},"properties":{"category":"building","name":"","building":"house","building_levels":"1","height":3.0,"height_estimated":false}},{"type":"Feature","id":"way/805989397","geometry":{"type":"Polygon","coordinates":[[[-2.5991791,39.9459381],[-2.5991029,39.9458971],[-2.5991337,39.9458584],[-2.5990848,39.9458288],[-2.5991372,39.9457981],[-2.599245,39.9458938],[-2.5991791,39.9459381]]]},"properties":{"category":"building","name":"","building":"house","building_levels":"2","height":6.0,"height_estimated":false}},{"type":"Feature","id":"way/805996502","geometry":{"type":"Polygon","coordinates":[[[-2.5968732,39.9492016],[-2.5969949,39.9488107],[-2.5973215,39.9488295],[-2.5973635,39.9488319],[-2.5974539,39.9488371],[-2.5974727,39.9488381],[-2.5975695,39.9488437],[-2.5975757,39.9489595],[-2.597571,39.9490398],[-2.5975526,39.9490717],[-2.5972352,39.9492476],[-2.5971921,39.9492689],[-2.5971505,39.9492807],[-2.5970919,39.9492807],[-2.5970242,39.9492653],[-2.5968732,39.9492016]]]},"properties":{"category":"landuse","name":"","landuse":"farmland"}},{"type":"Feature","id":"way/805996503","geometry":{"type":"Polygon","coordinates":[[[-2.5970658,39.9485898],[-2.5971702,39.9482288],[-2.5971916,39.9482308],[-2.5972754,39.9482382],[-2.5973004,39.9482404],[-2.5975002,39.9482579],[-2.5975556,39.9486548],[-2.5975321,39.9486517],[-2.5974278,39.9486378],[-2.597133,39.9485987],[-2.5970658,39.9485898]]]},"properties":{"category":"landuse","name":"","landuse":"farmland"}},{"type":"Feature","id":"way/805996504","geometry":{"type":"Polygon","coordinates":[[[-2.5975695,39.9488437],[-2.5975651,39.9487837],[-2.5975559,39.9486593],[-2.5975556,39.9486548],[-2.5975321,39.9486517],[-2.5974278,39.9486378],[-2.597133,39.9485987],[-2.5970658,39.9485898],[-2.5970505,39.9486374],[-2.5969949,39.9488107],[-2.5973215,39.9488295],[-2.5973635,39.9488319],[-2.5974539,39.9488371],[-2.5974727,39.9488381],[-2.5975695,39.9488437]]]},"properties":{"category":"landuse","name":"","landuse":"residential"}},{"type":"Feature","id":"way/805996505","geometry":{"type":"Polygon","coordinates":[[[-2.5975002,39.9482579],[-2.5974904,39.9481715],[-2.5974812,39.9480901],[-2.5974808,39.9480861],[-2.5974523,39.9478927],[-2.597447,39.947857],[-2.5974386,39.9477994],[-2.5974292,39.9477355],[-2.597425,39.9477075],[-2.597415,39.9476434],[-2.5973626,39.9476422],[-2.5973318,39.9477286],[-2.5973102,39.9477883],[-2.597278,39.9478772],[-2.5972356,39.9480012],[-2.5972158,39.948072],[-2.5971948,39.9481468],[-2.5971702,39.9482288],[-2.5971916,39.9482308],[-2.5972754,39.9482382],[-2.5973004,39.9482404],[-2.5975002,39.9482579]]]},"properties":{"category":"landuse","name":"","landuse":"residential"}},{"type":"Feature","id":"way/805996506","geometry":{"type":"Polygon","coordinates":[[[-2.5980874,39.9487621],[-2.5979582,39.9487417],[-2.5976592,39.9487377],[-2.5976804,39.9489357],[-2.5977016,39.9489669],[-2.5977618,39.9489656],[-2.5980166,39.9488191],[-2.5980874,39.9487621]]]},"properties":{"category":"landuse","name":"","landuse":"greenfield"}},{"type":"Feature","id":"way/805996507","geometry":{"type":"Polygon","coordinates":[[[-2.5980874,39.9487621],[-2.5980977,39.9487407],[-2.598113,39.9487092],[-2.5981835,39.9485636],[-2.5982201,39.948488],[-2.5982432,39.9484164],[-2.5982591,39.9483673],[-2.598275,39.9483304],[-2.5982184,39.9483198],[-2.5982437,39.9482493],[-2.5982874,39.9481272],[-2.5983139,39.9480621],[-2.5983501,39.9479765],[-2.5983619,39.9479509],[-2.5984108,39.947845],[-2.5984396,39.947765],[-2.5984328,39.9477041],[-2.5984253,39.9476361],[-2.5984154,39.9475465],[-2.5984095,39.9474936],[-2.5983726,39.9474989],[-2.598281,39.947512],[-2.5980591,39.9475438],[-2.5975849,39.9475031],[-2.5976096,39.9479079],[-2.5976132,39.9479671],[-2.5976368,39.9483018],[-2.5976418,39.9483733],[-2.5976401,39.9484124],[-2.5976443,39.9484813],[-2.5976464,39.9485167],[-2.5976556,39.9486685],[-2.5976592,39.9487377],[-2.5979582,39.9487417],[-2.5980874,39.9487621]]]},"properties":{"category":"landuse","name":"","landuse":"residential"}},{"type":"Feature","id":"way/805996508","geometry":{"type":"Polygon","coordinates":[[[-2.5983706,39.9474638],[-2.5980538,39.9475167],[-2.597576,39.9474679],[-2.5975636,39.9473756],[-2.5975709,39.9472684],[-2.5975811,39.9472172],[-2.5976053,39.9470791],[-2.5976326,39.9469238],[-2.5977298,39.9469208],[-2.5978518,39.9469171],[-2.5979388,39.9469144],[-2.5981724,39.9469144],[-2.5982024,39.9469361],[-2.5982907,39.9472132],[-2.5983706,39.9474638]]]},"properties":{"category":"landuse","name":"","landuse":"residential"}},{"type":"Feature","id":"way/805996509","geometry":{"type":"Polygon","coordinates":[[[-2.5981971,39.9468506],[-2.5979405,39.9468519],[-2.5976875,39.9468289],[-2.5976862,39.9467574],[-2.5976857,39.9467285],[-2.597697,39.9467274],[-2.5977002,39.9466716],[-2.5977089,39.9466052],[-2.5977185,39.9465323],[-2.5977192,39.9465267],[-2.5977278,39.9464948],[-2.5977499,39.9464198],[-2.5977656,39.9463763],[-2.5977863,39.9463261],[-2.5978279,39.9462506],[-2.5978696,39.9461749],[-2.5978872,39.9461429],[-2.5978972,39.9461249],[-2.5979222,39.9460794],[-2.5979414,39.9460445],[-2.5979975,39.9459428],[-2.5980714,39.9459551],[-2.5980887,39.945958],[-2.5981334,39.9459654],[-2.598129,39.9460258],[-2.5981243,39.9460897],[-2.5981197,39.9461518],[-2.5981204,39.9461584],[-2.598127,39.9462174],[-2.5981414,39.946348],[-2.5981554,39.9464739],[-2.5981574,39.9464919],[-2.5981634,39.9465462],[-2.5981971,39.9468506]]]},"properties":{"category":"landuse","name":"","landuse":"residential"}},{"type":"Feature","id":"way/805996510","geometry":{"type":"LineString","coordinates":[[-2.5984224,39.9474733],[-2.5980582,39.9475298],[-2.5974164,39.9474678]]},"properties":{"category":"road","name":"Callejón del Metro","highway":"pedestrian","surface":"paved"}},{"type":"Feature","id":"way/805996511","geometry":{"type":"Polygon","coordinates":[[[-2.5968563,39.9492393],[-2.5967658,39.9495027],[-2.596775,39.9495245],[-2.5968014,39.9495245],[-2.5971531,39.9493219],[-2.5970961,39.949318],[-2.5970026,39.9492962],[-2.5969386,39.9492759],[-2.5968563,39.9492393]]]},"properties":{"category":"landuse","name":"","landuse":"greenfield"}},{"type":"Feature","id":"way/805996512","geometry":{"type":"LineString","coordinates":[[-2.5989812,39.946262],[-2.598781,39.9460563],[-2.5985208,39.9461802],[-2.598593,39.9463547],[-2.5987558,39.9462956],[-2.598846,39.9462628],[-2.5988897,39.9462971],[-2.5989812,39.946262]]},"properties":{"category":"road","name":"","highway":"pedestrian"}},{"type":"Feature","id":"way/805996513","geometry":{"type":"LineString","coordinates":[[-2.59846,39.9461781],[-2.5987922,39.9460228],[-2.5990361,39.9462714],[-2.5989956,39.9462856],[-2.5988786,39.9463267],[-2.5988399,39.9463166],[-2.5987862,39.9463371],[-2.5985728,39.9464183]]},"properties":{"category":"road","name":"Plaza del Coso","highway":"living_street","surface":"paving_stones"}},{"type":"Feature","id":"way/805996514","geometry":{"type":"LineString","coordinates":[[-2.5989956,39.9462856],[-2.5990737,39.9463906]]},"properties":{"category":"road","name":"Plaza del Coso","highway":"service","surface":"paved"}},{"type":"Feature","id":"way/805996515","geometry":{"type":"LineString","coordinates":[[-2.598389,39.9460018],[-2.5983907,39.9459441],[-2.5983963,39.9459219],[-2.598406,39.9459028],[-2.5984176,39.9458931],[-2.5984364,39.9458825],[-2.59847,39.9458763],[-2.5985325,39.9458677],[-2.5985613,39.9459386],[-2.5985023,39.9459602],[-2.598389,39.9460018]]},"properties":{"category":"road","name":"","highway":"pedestrian","surface":"concrete"}},{"type":"Feature","id":"way/805996516","geometry":{"type":"LineString","coordinates":[[-2.5987922,39.9460228],[-2.5988027,39.9459838],[-2.5988108,39.9458866],[-2.5988344,39.945811]]},"properties":{"category":"road","name":"","highway":"service","surface":"asphalt"}},{"type":"Feature","id":"way/806449620","geometry":{"type":"Polygon","coordinates":[[[-2.5962448,39.9483582],[-2.5963953,39.9483895],[-2.5966515,39.9484428],[-2.5967122,39.9484554],[-2.5967443,39.9484621],[-2.5967782,39.9484692],[-2.5969025,39.948495],[-2.5969722,39.9485095],[-2.5970539,39.9482267],[-2.5971301,39.948015],[-2.5971582,39.9479368],[-2.5971778,39.9478805],[-2.5972121,39.947782],[-2.5972297,39.9477313],[-2.5972509,39.9476683],[-2.5972831,39.947573],[-2.5971786,39.9475461],[-2.5970903,39.9475243],[-2.596973,39.9474953],[-2.5968569,39.9474653],[-2.5967515,39.9474383],[-2.596684,39.947421],[-2.5966431,39.9474106],[-2.5965413,39.9473845],[-2.5963137,39.9473263],[-2.5962266,39.9472978],[-2.5961387,39.9472746],[-2.5960475,39.9472505],[-2.5960231,39.947244],[-2.5959081,39.9472145],[-2.5958876,39.9472572],[-2.5958658,39.9473054],[-2.5958264,39.9472959],[-2.5958111,39.9472922],[-2.5958211,39.9472675],[-2.5958296,39.9472463],[-2.5958458,39.9472061],[-2.5958062,39.9471972],[-2.5957484,39.9471842],[-2.5956978,39.9471728],[-2.5956827,39.947214],[-2.5956508,39.9473025],[-2.59565,39.9473446],[-2.5956482,39.9474829],[-2.5957334,39.947503],[-2.5957294,39.947512],[-2.5957758,39.9475218],[-2.5958844,39.9475438],[-2.5959444,39.9475694],[-2.595936,39.9476076],[-2.5958518,39.9476038],[-2.5958152,39.9476562],[-2.5960243,39.9477079],[-2.596081,39.9475717],[-2.5961873,39.947598],[-2.5964226,39.9476718],[-2.5964599,39.9476835],[-2.5965595,39.9477148],[-2.596615,39.9477322],[-2.5965838,39.9478073],[-2.5965627,39.9478582],[-2.5965419,39.9479084],[-2.5966294,39.9479309],[-2.5965327,39.9480958],[-2.5963888,39.9480591],[-2.5962448,39.9483582]]]},"properties":{"category":"landuse","name":"","landuse":"residential"}},{"type":"Feature","id":"way/806449621","geometry":{"type":"Polygon","coordinates":[[[-2.5956477,39.9474921],[-2.5957294,39.947512],[-2.5957758,39.9475218],[-2.5958844,39.9475438],[-2.5959444,39.9475694],[-2.595936,39.9476076],[-2.5958518,39.9476038],[-2.5958152,39.9476562],[-2.5960243,39.9477079],[-2.596081,39.9475717],[-2.5961873,39.947598],[-2.5964226,39.9476718],[-2.5964599,39.9476835],[-2.5965595,39.9477148],[-2.596615,39.9477322],[-2.5965838,39.9478073],[-2.5965627,39.9478582],[-2.5965419,39.9479084],[-2.5966294,39.9479309],[-2.5965327,39.9480958],[-2.5963888,39.9480591],[-2.5962448,39.9483582],[-2.5961813,39.9483325],[-2.5959848,39.948188],[-2.5958972,39.9481059],[-2.5958061,39.9479994],[-2.5957521,39.9479208],[-2.5957088,39.9478543],[-2.5956866,39.9477871],[-2.595661,39.9476596],[-2.5956592,39.9475925],[-2.5956477,39.9474921]]]},"properties":{"category":"landuse","name":"","landuse":"greenfield"}},{"type":"Feature","id":"way/806449622","geometry":{"type":"Polygon","coordinates":[[[-2.5968365,39.9488841],[-2.5969345,39.9485816],[-2.5962154,39.9484348],[-2.5960846,39.9487391],[-2.5968365,39.9488841]]]},"properties":{"category":"landuse","name":"","landuse":"greenfield"}},{"type":"Feature","id":"way/806449623","geometry":{"type":"Polygon","coordinates":[[[-2.5960846,39.9487391],[-2.595739,39.9494713],[-2.596617,39.9495429],[-2.5968365,39.9488841],[-2.5960846,39.9487391]]]},"properties":{"category":"landuse","name":"","landuse":"farmland"}},{"type":"Feature","id":"way/806449624","geometry":{"type":"Polygon","coordinates":[[[-2.5973018,39.9475042],[-2.5970406,39.9474582],[-2.5970446,39.947445],[-2.5967989,39.9473916],[-2.5967177,39.947374],[-2.5966894,39.9473678],[-2.5966232,39.9473535],[-2.5966005,39.9473485],[-2.5964772,39.9473218],[-2.5964277,39.947311],[-2.596446,39.947244],[-2.5964998,39.9472483],[-2.596603,39.9472565],[-2.5967489,39.947226],[-2.5968739,39.9472081],[-2.5969359,39.9471777],[-2.5969206,39.9472206],[-2.5969989,39.9472358],[-2.5970843,39.9470055],[-2.5971904,39.9470132],[-2.5973095,39.9470218],[-2.5973266,39.947023],[-2.597405,39.9470297],[-2.5974137,39.9470313],[-2.5974522,39.9470546],[-2.5974265,39.9471319],[-2.5974138,39.9471699],[-2.5973854,39.9472547],[-2.5973645,39.947317],[-2.5973018,39.9475042]]]},"properties":{"category":"landuse","name":"","landuse":"residential"}},{"type":"Feature","id":"way/806449625","geometry":{"type":"Polygon","coordinates":[[[-2.5971303,39.9503825],[-2.5967837,39.9502207],[-2.5968607,39.9501286],[-2.5966759,39.9500837],[-2.5967067,39.9500058],[-2.5968438,39.9500365],[-2.5968515,39.9500141],[-2.5969039,39.9500282],[-2.5969588,39.949947],[-2.5972181,39.9495641],[-2.597366,39.9495606],[-2.5973629,39.9495086],[-2.59748,39.9495039],[-2.597505,39.9496938],[-2.5975349,39.9499201],[-2.5975335,39.9499379],[-2.5974102,39.9500677],[-2.5972705,39.9502125],[-2.5972243,39.9502703],[-2.5971303,39.9503825]]]},"properties":{"category":"landuse","name":"","landuse":"farmyard"}},{"type":"Feature","id":"way/806449626","geometry":{"type":"Polygon","coordinates":[[[-2.5980977,39.9487407],[-2.597979,39.9486868],[-2.597989,39.948657],[-2.598113,39.9487092],[-2.5980977,39.9487407]]]},"properties":{"category":"building","name":"","building":"house","building_levels":"1","height":3.0,"height_estimated":false}},{"type":"Feature","id":"way/806449627","geometry":{"type":"Polygon","coordinates":[[[-2.598113,39.9487092],[-2.5981835,39.9485636],[-2.5980776,39.9485367],[-2.5980467,39.9486092],[-2.5980098,39.948602],[-2.597989,39.948657],[-2.598113,39.9487092]]]},"properties":{"category":"building","name":"","building":"house","building_levels":"1","height":3.0,"height_estimated":false}},{"type":"Feature","id":"way/806449628","geometry":{"type":"Polygon","coordinates":[[[-2.5981835,39.9485636],[-2.5982201,39.948488],[-2.59814,39.9484707],[-2.5980105,39.9484426],[-2.5979978,39.9485187],[-2.5980776,39.9485367],[-2.5981835,39.9485636]]]},"properties":{"category":"building","name":"","building":"house","building_levels":"1","height":3.0,"height_estimated":false}},{"type":"Feature","id":"way/806449629","geometry":{"type":"Polygon","coordinates":[[[-2.5982201,39.948488],[-2.5982432,39.9484164],[-2.598162,39.9483994],[-2.59814,39.9484707],[-2.5982201,39.948488]]]},"properties":{"category":"building","name":"","building":"house","building_levels":"1","height":3.0,"height_estimated":false}},{"type":"Feature","id":"way/806449630","geometry":{"type":"Polygon","coordinates":[[[-2.5979978,39.9485187],[-2.5979307,39.9485172],[-2.5979274,39.9484036],[-2.5980152,39.948401],[-2.5980105,39.9484426],[-2.5979978,39.9485187]]]},"properties":{"category":"building","name":"","building":"house","building_levels":"1","height":3.0,"height_estimated":false}},{"type":"Feature","id":"way/806449631","geometry":{"type":"Polygon","coordinates":[[[-2.5980152,39.948401],[-2.5980353,39.9482905],[-2.5980098,39.9482848],[-2.597926,39.9482802],[-2.5979274,39.9484036],[-2.5980152,39.948401]]]},"properties":{"category":"building","name":"","building":"house","building_levels":"1","height":3.0,"height_estimated":false}},{"type":"Feature","id":"way/806449632","geometry":{"type":"Polygon","coordinates":[[[-2.5976464,39.9485167],[-2.5977805,39.9485151],[-2.5977792,39.9484771],[-2.5976443,39.9484813],[-2.5976464,39.9485167]]]},"properties":{"category":"building","name":"","building":"house","building_levels":"2","height":6.0,"height_estimated":false}},{"type":"Feature","id":"way/806449633","geometry":{"type":"Polygon","coordinates":[[[-2.5976443,39.9484813],[-2.5976401,39.9484124],[-2.5977785,39.9484077],[-2.5977792,39.9484771],[-2.5976443,39.9484813]]]},"properties":{"category":"building","name":"","building":"house","building_levels":"2","height":6.0,"height_estimated":false}},{"type":"Feature","id":"way/806449634","geometry":{"type":"Polygon","coordinates":[[[-2.5977785,39.9484077],[-2.5977751,39.9483727],[-2.5976418,39.9483733],[-2.5976401,39.9484124],[-2.5977785,39.9484077]]]},"properties":{"category":"building","name":"","building":"house","building_levels":"2","height":6.0,"height_estimated":false}},{"type":"Feature","id":"way/806449635","geometry":{"type":"Polygon","coordinates":[[[-2.5977751,39.9483727],[-2.5977725,39.9482884],[-2.5976368,39.9483018],[-2.5976418,39.9483733],[-2.5977751,39.9483727]]]},"properties":{"category":"building","name":"","building":"house","building_levels":"2","height":6.0,"height_estimated":false}},{"type":"Feature","id":"way/806449636","geometry":{"type":"Polygon","coordinates":[[[-2.5981111,39.94831],[-2.5981352,39.9482298],[-2.5982437,39.9482493],[-2.5982184,39.9483198],[-2.5982164,39.948328],[-2.5981111,39.94831]]]},"properties":{"category":"building","name":"","building":"house","building_levels":"2","height":6.0,"height_estimated":false}},{"type":"Feature","id":"way/806488625","geometry":{"type":"LineString","coordinates":[[-2.6006359,39.9529324],[-2.6006963,39.9530006],[-2.6007196,39.9530937],[-2.6006685,39.9532028]]},"properties":{"category":"road","name":"","highway":"track","surface":"unpaved"}},{"type":"Feature","id":"way/806488626","geometry":{"type":"Polygon","coordinates":[[[-2.603653,39.9531728],[-2.6021763,39.9532408],[-2.6022007,39.9539604],[-2.6038725,39.9538637],[-2.6040733,39.9538315],[-2.604036,39.953742],[-2.6036297,39.9537671],[-2.6036017,39.9536955],[-2.6039239,39.953674],[-2.603653,39.9531728]]]},"properties":{"category":"landuse","name":"","landuse":"greenfield"}},{"type":"Feature","id":"way/806488627","geometry":{"type":"LineString","coordinates":[[-2.6040747,39.9537076],[-2.603464,39.9537322],[-2.6034637,39.9536993],[-2.6034626,39.9535513],[-2.6034613,39.953395],[-2.6027694,39.9533848],[-2.6023455,39.9533785],[-2.6023512,39.9535492],[-2.6023562,39.9537013],[-2.6027747,39.9537005],[-2.6034637,39.9536993]]},"properties":{"category":"road","name":"","highway":"track","surface":"unpaved"}},{"type":"Feature","id":"way/806488628","geometry":{"type":"LineString","coordinates":[[-2.6027694,39.9533848],[-2.6027722,39.95355],[-2.6027747,39.9537005]]},"properties":{"category":"road","name":"","highway":"track","surface":"unpaved"}},{"type":"Feature","id":"way/806488629","geometry":{"type":"LineString","coordinates":[[-2.6023512,39.9535492],[-2.6027722,39.95355],[-2.6034626,39.9535513]]},"properties":{"category":"road","name":"","highway":"track","surface":"unpaved"}},{"type":"Feature","id":"way/806488630","geometry":{"type":"Polygon","coordinates":[[[-2.6050305,39.9547839],[-2.6046452,39.9550363],[-2.6043463,39.9552296],[-2.6040568,39.955464],[-2.6037112,39.9554676],[-2.6034754,39.9553871],[-2.6032022,39.955251],[-2.6030551,39.9551705],[-2.6029033,39.9550452],[-2.6029173,39.9548949],[-2.602985,39.9547839],[-2.6029663,39.9547481],[-2.6028239,39.9546568],[-2.6026698,39.95451],[-2.6025507,39.9544617],[-2.602525,39.9545584],[-2.6024737,39.9545977],[-2.6023919,39.9548125],[-2.6024083,39.954979],[-2.6023849,39.9550327],[-2.6024503,39.9553065],[-2.602427,39.9553853],[-2.6023406,39.9554927],[-2.602086,39.9555016],[-2.6004842,39.9556126],[-2.6004562,39.9556079],[-2.600327,39.9554438],[-2.6001253,39.9550274],[-2.5998723,39.9543844],[-2.5997625,39.9540317],[-2.5997944,39.9539313],[-2.5998422,39.9538499],[-2.6001501,39.9535963],[-2.6003076,39.9534837],[-2.6004261,39.9534267],[-2.6006279,39.9532965],[-2.6012472,39.9527946],[-2.6019179,39.9522669],[-2.6020542,39.9521461],[-2.6020896,39.9520919],[-2.6022028,39.9521081],[-2.6024152,39.952081],[-2.6026187,39.9520946],[-2.602739,39.9521204],[-2.6030257,39.9521597],[-2.6032469,39.9521678],[-2.6034628,39.9526114],[-2.6037087,39.9531676],[-2.603653,39.9531728],[-2.6021763,39.9532408],[-2.6022007,39.9539604],[-2.6038725,39.9538637],[-2.6040733,39.9538315],[-2.6041317,39.9538024],[-2.6050305,39.9547839]]]},"properties":{"category":"landuse","name":"","landuse":"farmland"}},{"type":"Feature","id":"way/806488631","geometry":{"type":"LineString","coordinates":[[-2.5997495,39.9539135],[-2.5996479,39.9539763],[-2.5993789,39.9541689],[-2.5989471,39.9544565],[-2.5986781,39.954622],[-2.5983242,39.9547861],[-2.5981243,39.954877],[-2.597988,39.9549218],[-2.5978394,39.9549774],[-2.5977686,39.9550222],[-2.5977013,39.9550954],[-2.5976765,39.955166],[-2.5976677,39.9552731],[-2.5976482,39.9557696],[-2.5976323,39.9561209],[-2.5976075,39.956361],[-2.5975509,39.9566079],[-2.5974854,39.9568656],[-2.5973916,39.9570826],[-2.5972695,39.9573661],[-2.5971952,39.9575818],[-2.5971386,39.9577826],[-2.597089,39.9579887],[-2.5970183,39.9582587],[-2.596951,39.9584865],[-2.5968997,39.9586805],[-2.5968572,39.9588202],[-2.5968236,39.9589436],[-2.5968077,39.9590427],[-2.5968112,39.959162],[-2.5968555,39.9593804],[-2.5969599,39.9597588],[-2.5970111,39.9599307],[-2.5970169,39.9599925],[-2.5970029,39.9600184],[-2.5969667,39.960039],[-2.5969013,39.9600551],[-2.5967998,39.9600811],[-2.5967064,39.9601267],[-2.5966258,39.9601759],[-2.5965487,39.960209],[-2.5964577,39.960235],[-2.5963818,39.960243],[-2.5961938,39.9602565],[-2.5960607,39.9602735],[-2.5959253,39.9602779],[-2.5957712,39.9602806],[-2.5956346,39.9602923],[-2.595498,39.9603191],[-2.5953544,39.9603692],[-2.5952014,39.9604372],[-2.5950765,39.9604936],[-2.5949761,39.9605437],[-2.5949131,39.960584],[-2.59485,39.9606475],[-2.5947987,39.9606941],[-2.5947298,39.9607254],[-2.5945617,39.9607603],[-2.5944332,39.96078],[-2.5943515,39.9607862],[-2.5942429,39.9607979],[-2.594132,39.960831],[-2.5940234,39.960873],[-2.5939219,39.960899],[-2.5938343,39.9609035],[-2.5936825,39.9609008],[-2.5934163,39.9608784],[-2.5931852,39.9608632],[-2.592982,39.9608292],[-2.5928816,39.9607961],[-2.5927824,39.9607648],[-2.5927018,39.9607558],[-2.5925874,39.9607648],[-2.5924356,39.9607934],[-2.5923131,39.9608104],[-2.5921986,39.9608193],[-2.5920807,39.9608158],[-2.5919663,39.960814],[-2.5918437,39.9608122],[-2.5917503,39.9607988],[-2.5916219,39.9607603],[-2.5915133,39.9607218],[-2.5914304,39.9606958],[-2.5913499,39.9606762],[-2.591253,39.9606609],[-2.5911923,39.9606368],[-2.591107,39.9605894],[-2.5909985,39.96055],[-2.5909027,39.960533],[-2.5907883,39.9605267],[-2.5906914,39.9605169],[-2.5905805,39.9605017],[-2.5904941,39.9604954],[-2.5904159,39.9605034],[-2.5902641,39.9605383],[-2.5901228,39.9605732],[-2.5898952,39.9606395],[-2.5897107,39.9606994],[-2.5896348,39.9607272],[-2.589601,39.9607406],[-2.5895262,39.9607477],[-2.5894737,39.9607495],[-2.5894149,39.9607472]]},"properties":{"category":"road","name":"","highway":"track","surface":"unpaved"}},{"type":"Feature","id":"way/806488632","geometry":{"type":"Polygon","coordinates":[[[-2.5995129,39.9537538],[-2.5987838,39.9539654],[-2.598306,39.9541146],[-2.5979273,39.9542231],[-2.5978353,39.9542937],[-2.5978141,39.9544076],[-2.5977504,39.9547793],[-2.5982317,39.954584],[-2.598667,39.9543886],[-2.5991342,39.9541011],[-2.5994421,39.9538677],[-2.5995377,39.9537891],[-2.5995129,39.9537538]]]},"properties":{"category":"landuse","name":"","landuse":"farmland"}},{"type":"Feature","id":"way/806488633","geometry":{"type":"LineString","coordinates":[[-2.5948277,39.9494367],[-2.5947542,39.9494798],[-2.5946764,39.9495312],[-2.5946245,39.9495677]]},"properties":{"category":"road","name":"","highway":"track","surface":"unpaved"}},{"type":"Feature","id":"way/806488634","geometry":{"type":"LineString","coordinates":[[-2.5977087,39.9498826],[-2.5976503,39.949886],[-2.5975825,39.9499403],[-2.5973176,39.950193],[-2.5971912,39.9503442],[-2.5971326,39.9504206],[-2.5971097,39.9504509],[-2.5970745,39.9505345]]},"properties":{"category":"road","name":"","highway":"track"}},{"type":"Feature","id":"way/806488635","geometry":{"type":"Polygon","coordinates":[[[-2.597676,39.9547302],[-2.5976354,39.9548237],[-2.5974728,39.9549079],[-2.5969605,39.9550325],[-2.5964808,39.9551167],[-2.5959197,39.9551821],[-2.5953912,39.9552039],[-2.5948912,39.9552195],[-2.5943952,39.9552413],[-2.5940252,39.9552476],[-2.5936228,39.9552912],[-2.5932162,39.9553722],[-2.5929072,39.9554408],[-2.5926349,39.955528],[-2.5924641,39.9555748],[-2.5923625,39.9555592],[-2.592269,39.9554906],[-2.5922405,39.9553878],[-2.5922527,39.9552694],[-2.5923299,39.9551229],[-2.5926227,39.9547489],[-2.5932813,39.9539948],[-2.5937285,39.9534712],[-2.5938098,39.9534463],[-2.5939602,39.9535211],[-2.5943017,39.9537236],[-2.5945294,39.9538576],[-2.5947489,39.9539605],[-2.594944,39.9539916],[-2.5956311,39.9540696],[-2.5965011,39.9541475],[-2.5973183,39.9542316],[-2.5975419,39.9542503],[-2.5976598,39.9542721],[-2.5977289,39.9543002],[-2.597737,39.9544186],[-2.597676,39.9547302]]]},"properties":{"category":"landuse","name":"","landuse":"farmland"}},{"type":"Feature","id":"way/806488636","geometry":{"type":"Polygon","coordinates":[[[-2.6007168,39.9560692],[-2.5976839,39.9561502],[-2.5977164,39.9553337],[-2.5977246,39.9551623],[-2.5977896,39.9550564],[-2.5978831,39.954994],[-2.598123,39.954913],[-2.598375,39.954807],[-2.5986393,39.9546824],[-2.5988588,39.954564],[-2.5991272,39.9543863],[-2.5993711,39.9542243],[-2.5996231,39.9540311],[-2.5996541,39.9540033],[-2.5996836,39.9540062],[-2.5996848,39.9540415],[-2.5996923,39.9540934],[-2.599802,39.9544455],[-2.5999484,39.9548663],[-2.6000785,39.9551841],[-2.6002126,39.9554366],[-2.6003427,39.9556173],[-2.6005013,39.9557607],[-2.6006436,39.9558541],[-2.6007208,39.9559819],[-2.600733,39.956038],[-2.6007168,39.9560692]]]},"properties":{"category":"landuse","name":"","landuse":"farmland"}},{"type":"Feature","id":"way/806488637","geometry":{"type":"Polygon","coordinates":[[[-2.6020107,39.9521053],[-2.6019568,39.9521679],[-2.6018582,39.9522482],[-2.6015948,39.9524572],[-2.6013329,39.9526473],[-2.6011588,39.9527784],[-2.6010402,39.952841],[-2.6008923,39.9528835],[-2.6008337,39.9528859],[-2.6007983,39.9528694],[-2.6008183,39.9528009],[-2.6010972,39.9521478],[-2.6011588,39.9521289],[-2.6015085,39.95211],[-2.6018921,39.9521041],[-2.6019737,39.9521006],[-2.6020107,39.9521053]]]},"properties":{"category":"landuse","name":"","landuse":"farmland"}},{"type":"Feature","id":"way/806488638","geometry":{"type":"Polygon","coordinates":[[[-2.5993626,39.9537079],[-2.5994181,39.9536488],[-2.5994181,39.9535922],[-2.599375,39.953493],[-2.5992425,39.9533536],[-2.5989929,39.9532237],[-2.5988147,39.9531319],[-2.5987064,39.953056],[-2.5986047,39.9529356],[-2.5984845,39.9527088],[-2.5984198,39.9525293],[-2.5983829,39.9523711],[-2.5983753,39.9523423],[-2.598349,39.9523404],[-2.5983182,39.9524703],[-2.5981949,39.9529143],[-2.5980871,39.9532686],[-2.5980039,39.9536323],[-2.597893,39.9539417],[-2.5978437,39.9540622],[-2.5978437,39.9541188],[-2.5978683,39.9541401],[-2.5979328,39.9541386],[-2.5979916,39.9541259],[-2.5991254,39.9537953],[-2.5993626,39.9537079]]]},"properties":{"category":"landuse","name":"","landuse":"farmland"}},{"type":"Feature","id":"way/806488639","geometry":{"type":"LineString","coordinates":[[-2.6012032,39.9511172],[-2.6011107,39.9511255],[-2.6009812,39.9511094],[-2.6008692,39.9510937],[-2.6007675,39.9510747],[-2.6006657,39.9510413],[-2.60059,39.9510035],[-2.6005247,39.950974],[-2.6005018,39.9509905],[-2.6005555,39.9511606],[-2.6006334,39.9513831],[-2.6006722,39.9515532],[-2.6006597,39.9516456],[-2.6006255,39.9517225],[-2.6006238,39.9517886],[-2.6006322,39.9518906],[-2.6006868,39.9519968],[-2.6007926,39.9520695],[-2.6008886,39.9520765]]},"properties":{"category":"water","name":""}},{"type":"Feature","id":"way/806488640","geometry":{"type":"LineString","coordinates":[[-2.6010306,39.9520869],[-2.6010892,39.9520911]]},"properties":{"category":"water","name":""}},{"type":"Feature","id":"way/806488641","geometry":{"type":"LineString","coordinates":[[-2.6008886,39.9520765],[-2.6010306,39.9520869]]},"properties":{"category":"water","name":""}},{"type":"Feature","id":"way/806488642","geometry":{"type":"Polygon","coordinates":[[[-2.6008936,39.9520381],[-2.6011863,39.9512029],[-2.6010704,39.951192],[-2.6008976,39.9511359],[-2.6008428,39.9511172],[-2.6006944,39.951086],[-2.600672,39.9511172],[-2.6006903,39.951499],[-2.6006903,39.9515722],[-2.6006801,39.9516673],[-2.6006862,39.9517795],[-2.6006639,39.9518667],[-2.6007147,39.9519649],[-2.6007635,39.9520116],[-2.6008224,39.9520381],[-2.6008936,39.9520381]]]},"properties":{"category":"landuse","name":"","landuse":"farmland"}},{"type":"Feature","id":"way/806488643","geometry":{"type":"Polygon","coordinates":[[[-2.6002613,39.9520991],[-2.6001434,39.952071],[-2.5999726,39.9520398],[-2.5998222,39.9520336],[-2.599684,39.9520211],[-2.5996921,39.9519339],[-2.5995661,39.9518622],[-2.5993303,39.9518373],[-2.5989481,39.9518279],[-2.5985904,39.9518778],[-2.5983749,39.9518497],[-2.5984032,39.9519935],[-2.5984247,39.9521801],[-2.5984525,39.9523714],[-2.5985233,39.9526052],[-2.5986004,39.9527753],[-2.5986774,39.952917],[-2.5988222,39.9530422],[-2.5989824,39.9531319],[-2.5991888,39.9532382],[-2.5993275,39.9533114],[-2.5994107,39.9533988],[-2.5994723,39.9535051],[-2.5995185,39.9535712],[-2.5995524,39.9536019],[-2.599614,39.9536043],[-2.5996787,39.953583],[-2.5997896,39.9535122],[-2.5999129,39.9534012],[-2.5999714,39.9533279],[-2.6000546,39.9531886],[-2.6001193,39.9530776],[-2.6001748,39.9529902],[-2.6002118,39.9529217],[-2.6002364,39.9528721],[-2.6003134,39.9528249],[-2.6004552,39.9527894],[-2.6007232,39.9523242],[-2.6003596,39.9522273],[-2.6002641,39.9522037],[-2.6002456,39.9521754],[-2.6002613,39.9520991]]]},"properties":{"category":"landuse","name":"","landuse":"farmland"}},{"type":"Feature","id":"way/806493293","geometry":{"type":"Polygon","coordinates":[[[-2.5976132,39.9479671],[-2.5976609,39.9479679],[-2.5976558,39.9479063],[-2.5976096,39.9479079],[-2.5976132,39.9479671]]]},"properties":{"category":"building","name":"","building":"house","building_levels":"1","height":3.0,"height_estimated":false}},{"type":"Feature","id":"way/806493294","geometry":{"type":"Polygon","coordinates":[[[-2.5982874,39.9481272],[-2.5981528,39.9481144],[-2.5980217,39.9480972],[-2.5980329,39.9480146],[-2.5980942,39.9480226],[-2.5981955,39.9480357],[-2.5982006,39.9480193],[-2.5982626,39.9480271],[-2.5982514,39.9480536],[-2.5983139,39.9480621],[-2.5982874,39.9481272]]]},"properties":{"category":"building","name":"","building":"house","building_levels":"2","height":6.0,"height_estimated":false}},{"type":"Feature","id":"way/806493295","geometry":{"type":"Polygon","coordinates":[[[-2.5980329,39.9480146],[-2.5980461,39.9479032],[-2.5981081,39.9479102],[-2.5980942,39.9480226],[-2.5980329,39.9480146]]]},"properties":{"category":"building","name":"","building":"house","building_levels":"2","height":6.0,"height_estimated":false}},{"type":"Feature","id":"way/806493296","geometry":{"type":"Polygon","coordinates":[[[-2.5982006,39.9480193],[-2.5982168,39.9479772],[-2.5982534,39.9479819],[-2.5982605,39.9479616],[-2.5983501,39.9479765],[-2.5983139,39.9480621],[-2.5982514,39.9480536],[-2.5982626,39.9480271],[-2.5982006,39.9480193]]]},"properties":{"category":"building","name":"","building":"house","building_levels":"2","height":6.0,"height_estimated":false}},{"type":"Feature","id":"way/806493297","geometry":{"type":"Polygon","coordinates":[[[-2.5983619,39.9479509],[-2.5982644,39.9479331],[-2.5982749,39.947896],[-2.5983181,39.9478222],[-2.5984108,39.947845],[-2.5983619,39.9479509]]]},"properties":{"category":"building","name":"","building":"house","building_levels":"2","height":6.0,"height_estimated":false}},{"type":"Feature","id":"way/806493298","geometry":{"type":"Polygon","coordinates":[[[-2.5984108,39.947845],[-2.5984396,39.947765],[-2.5984328,39.9477041],[-2.5983689,39.9477036],[-2.5983374,39.9477662],[-2.5983309,39.9477792],[-2.5983181,39.9478222],[-2.5984108,39.947845]]]},"properties":{"category":"building","name":"","building":"house","building_levels":"3","height":9.0,"height_estimated":false}},{"type":"Feature","id":"way/806493299","geometry":{"type":"Polygon","coordinates":[[[-2.5983374,39.9477662],[-2.5982982,39.947755],[-2.5983216,39.9477049],[-2.5983689,39.9477036],[-2.5983374,39.9477662]]]},"properties":{"category":"building","name":"","building":"house","building_levels":"2","height":6.0,"height_estimated":false}},{"type":"Feature","id":"way/806493300","geometry":{"type":"Polygon","coordinates":[[[-2.5983146,39.9477058],[-2.5983117,39.9476373],[-2.5979562,39.9476431],[-2.5979562,39.9477076],[-2.5983146,39.9477058]]]},"properties":{"category":"building","name":"","building":"house","building_levels":"2","height":6.0,"height_estimated":false}},{"type":"Feature","id":"way/806493301","geometry":{"type":"Polygon","coordinates":[[[-2.5983146,39.9477058],[-2.5983216,39.9477049],[-2.5983689,39.9477036],[-2.5984328,39.9477041],[-2.5984253,39.9476361],[-2.5983117,39.9476373],[-2.5983146,39.9477058]]]},"properties":{"category":"building","name":"","building":"house","building_levels":"2","height":6.0,"height_estimated":false}},{"type":"Feature","id":"way/806493302","geometry":{"type":"Polygon","coordinates":[[[-2.5984253,39.9476361],[-2.5984154,39.9475465],[-2.5983864,39.9475492],[-2.5983726,39.9474989],[-2.598281,39.947512],[-2.5983117,39.9476373],[-2.5984253,39.9476361]]]},"properties":{"category":"building","name":"","building":"house","building_levels":"2","height":6.0,"height_estimated":false}},{"type":"Feature","id":"way/806709597","geometry":{"type":"Polygon","coordinates":[[[-2.5980538,39.9475167],[-2.5980319,39.947433],[-2.5982236,39.947397],[-2.5981942,39.9473099],[-2.5981687,39.9472346],[-2.5982037,39.9472284],[-2.5982907,39.9472132],[-2.5983706,39.9474638],[-2.5980538,39.9475167]]]},"properties":{"category":"building","name":"","building":"house","building_levels":"2","height":6.0,"height_estimated":false}},{"type":"Feature","id":"way/806709598","geometry":{"type":"Polygon","coordinates":[[[-2.5981942,39.9473099],[-2.5980064,39.9473446],[-2.5979836,39.9472675],[-2.5981687,39.9472346],[-2.5981942,39.9473099]]]},"properties":{"category":"building","name":"","building":"house","building_levels":"2","height":6.0,"height_estimated":false}},{"type":"Feature","id":"way/806709599","geometry":{"type":"Polygon","coordinates":[[[-2.5975709,39.9472684],[-2.5976792,39.9472767],[-2.5976859,39.9472284],[-2.5975811,39.9472172],[-2.5975709,39.9472684]]]},"properties":{"category":"building","name":"","building":"house","building_levels":"1","height":3.0,"height_estimated":false}},{"type":"Feature","id":"way/806709600","geometry":{"type":"Polygon","coordinates":[[[-2.5979326,39.9474618],[-2.5979326,39.9474104],[-2.5978025,39.9474114],[-2.5978025,39.9474608],[-2.5979326,39.9474618]]]},"properties":{"category":"landuse","name":"","leisure":"swimming_pool"}},{"type":"Feature","id":"way/806709601","geometry":{"type":"Polygon","coordinates":[[[-2.5982907,39.9472132],[-2.5982024,39.9469361],[-2.5981724,39.9469144],[-2.5979388,39.9469144],[-2.5979401,39.9470122],[-2.597941,39.94708],[-2.5979413,39.9471041],[-2.5981537,39.9470722],[-2.5982037,39.9472284],[-2.5982907,39.9472132]]]},"properties":{"category":"building","name":"","building":"house","building_levels":"1","height":3.0,"height_estimated":false}},{"type":"Feature","id":"way/806709602","geometry":{"type":"Polygon","coordinates":[[[-2.5981354,39.9470145],[-2.5981263,39.9469841],[-2.5979881,39.9469919],[-2.5979901,39.9470355],[-2.5981354,39.9470145]]]},"properties":{"category":"landuse","name":"","surface":"paved","leisure":"playground"}},{"type":"Feature","id":"way/806709603","geometry":{"type":"Polygon","coordinates":[[[-2.597941,39.94708],[-2.5978244,39.9470807],[-2.5978254,39.9470114],[-2.5978509,39.9470116],[-2.5979401,39.9470122],[-2.597941,39.94708]]]},"properties":{"category":"building","name":"","building":"house","building_levels":"1","height":3.0,"height_estimated":false}},{"type":"Feature","id":"way/806709604","geometry":{"type":"Polygon","coordinates":[[[-2.5979401,39.9470122],[-2.5979388,39.9469144],[-2.5978518,39.9469171],[-2.5978509,39.9470116],[-2.5979401,39.9470122]]]},"properties":{"category":"building","name":"","building":"house","building_levels":"2","height":6.0,"height_estimated":false}},{"type":"Feature","id":"way/806709605","geometry":{"type":"Polygon","coordinates":[[[-2.5978244,39.9470807],[-2.5978244,39.9471049],[-2.5976831,39.9470877],[-2.5976913,39.9469966],[-2.5977299,39.9469974],[-2.5977298,39.9469208],[-2.5978518,39.9469171],[-2.5978509,39.9470116],[-2.5978254,39.9470114],[-2.5978244,39.9470807]]]},"properties":{"category":"building","name":"","building":"house","building_levels":"2","height":6.0,"height_estimated":false}},{"type":"Feature","id":"way/806709606","geometry":{"type":"Polygon","coordinates":[[[-2.5976831,39.9470877],[-2.5976053,39.9470791],[-2.5976326,39.9469238],[-2.5977298,39.9469208],[-2.5977299,39.9469974],[-2.5976913,39.9469966],[-2.5976831,39.9470877]]]},"properties":{"category":"building","name":"","building":"house","building_levels":"2","height":6.0,"height_estimated":false}},{"type":"Feature","id":"way/806709607","geometry":{"type":"Polygon","coordinates":[[[-2.5976862,39.9467574],[-2.5977482,39.946755],[-2.5977474,39.9467273],[-2.597697,39.9467274],[-2.5976857,39.9467285],[-2.5976862,39.9467574]]]},"properties":{"category":"building","name":"","building":"house","building_levels":"2","height":6.0,"height_estimated":false}},{"type":"Feature","id":"way/806709608","geometry":{"type":"Polygon","coordinates":[[[-2.597697,39.9467274],[-2.5977002,39.9466716],[-2.5977633,39.9466684],[-2.5978084,39.9466662],[-2.5978066,39.9467552],[-2.5977482,39.946755],[-2.5977474,39.9467273],[-2.597697,39.9467274]]]},"properties":{"category":"building","name":"","building":"house","building_levels":"2","height":6.0,"height_estimated":false}},{"type":"Feature","id":"way/806709609","geometry":{"type":"Polygon","coordinates":[[[-2.5979362,39.9467516],[-2.5979281,39.9466595],[-2.5978936,39.9466621],[-2.5978936,39.9467525],[-2.5979362,39.9467516]]]},"properties":{"category":"building","name":"","building":"house","building_levels":"1","height":3.0,"height_estimated":false}},{"type":"Feature","id":"way/806709610","geometry":{"type":"Polygon","coordinates":[[[-2.5977633,39.9466684],[-2.5977518,39.9466022],[-2.5977089,39.9466052],[-2.5977002,39.9466716],[-2.5977633,39.9466684]]]},"properties":{"category":"building","name":"","building":"house","building_levels":"1","height":3.0,"height_estimated":false}},{"type":"Feature","id":"way/806709611","geometry":{"type":"Polygon","coordinates":[[[-2.5977518,39.9466022],[-2.5977366,39.9465297],[-2.5977185,39.9465323],[-2.5977089,39.9466052],[-2.5977518,39.9466022]]]},"properties":{"category":"building","name":"","building":"house","building_levels":"1","height":3.0,"height_estimated":false}},{"type":"Feature","id":"way/806709612","geometry":{"type":"Polygon","coordinates":[[[-2.597924,39.9466035],[-2.5978709,39.9466057],[-2.59787,39.9465974],[-2.5978691,39.9465874],[-2.5979211,39.9465847],[-2.597924,39.9466035]]]},"properties":{"category":"building","name":"","building":"house","building_levels":"2","height":6.0,"height_estimated":false}},{"type":"Feature","id":"way/806709613","geometry":{"type":"Polygon","coordinates":[[[-2.5979281,39.9466595],[-2.5978936,39.9466621],[-2.5978084,39.9466662],[-2.5977633,39.9466684],[-2.5977518,39.9466022],[-2.59787,39.9465974],[-2.5978709,39.9466057],[-2.597924,39.9466035],[-2.5979281,39.9466595]]]},"properties":{"category":"building","name":"","building":"house","building_levels":"3","height":9.0,"height_estimated":false}},{"type":"Feature","id":"way/806709614","geometry":{"type":"Polygon","coordinates":[[[-2.5977185,39.9465323],[-2.5977366,39.9465297],[-2.5977533,39.9465273],[-2.5977553,39.946495],[-2.5977278,39.9464948],[-2.5977185,39.9465323]]]},"properties":{"category":"building","name":"","building":"house","building_levels":"2","height":6.0,"height_estimated":false}},{"type":"Feature","id":"way/806709615","geometry":{"type":"Polygon","coordinates":[[[-2.59787,39.9465974],[-2.5978691,39.9465874],[-2.5979211,39.9465847],[-2.5979169,39.9465324],[-2.597832,39.9465328],[-2.5978315,39.9465168],[-2.5977533,39.9465273],[-2.5977366,39.9465297],[-2.5977518,39.9466022],[-2.59787,39.9465974]]]},"properties":{"category":"building","name":"","building":"house","building_levels":"3","height":9.0,"height_estimated":false}},{"type":"Feature","id":"way/806709616","geometry":{"type":"Polygon","coordinates":[[[-2.5977533,39.9465273],[-2.5977553,39.946495],[-2.5977278,39.9464948],[-2.5977499,39.9464198],[-2.5977656,39.9463763],[-2.5978361,39.9463824],[-2.5978305,39.9464147],[-2.597858,39.9464143],[-2.5978575,39.9464681],[-2.5979118,39.9464657],[-2.5979144,39.9465059],[-2.597831,39.9465121],[-2.5978315,39.9465168],[-2.5977533,39.9465273]]]},"properties":{"category":"building","name":"","building":"house","building_levels":"3","height":9.0,"height_estimated":false}},{"type":"Feature","id":"way/806709617","geometry":{"type":"Polygon","coordinates":[[[-2.597858,39.9464143],[-2.5979068,39.9464147],[-2.5979059,39.946366],[-2.5979052,39.9463235],[-2.5978981,39.9463251],[-2.5978376,39.9463305],[-2.5977863,39.9463261],[-2.5977656,39.9463763],[-2.5978361,39.9463824],[-2.5978305,39.9464147],[-2.597858,39.9464143]]]},"properties":{"category":"building","name":"","building":"house","building_levels":"2","height":6.0,"height_estimated":false}},{"type":"Feature","id":"way/806709618","geometry":{"type":"Polygon","coordinates":[[[-2.5978981,39.9463251],[-2.5978976,39.9462924],[-2.5979367,39.9462916],[-2.5979357,39.9462554],[-2.5978279,39.9462506],[-2.5977863,39.9463261],[-2.5978376,39.9463305],[-2.5978981,39.9463251]]]},"properties":{"category":"building","name":"","building":"house","building_levels":"2","height":6.0,"height_estimated":false}},{"type":"Feature","id":"way/806709619","geometry":{"type":"Polygon","coordinates":[[[-2.5980013,39.9461763],[-2.5978696,39.9461749],[-2.5978872,39.9461429],[-2.5980028,39.9461451],[-2.5980013,39.9461763]]]},"properties":{"category":"building","name":"","building":"house","building_levels":"2","height":6.0,"height_estimated":false}},{"type":"Feature","id":"way/806709620","geometry":{"type":"Polygon","coordinates":[[[-2.5979845,39.9461248],[-2.5979911,39.9460855],[-2.5979769,39.9460855],[-2.5979222,39.9460794],[-2.5978972,39.9461249],[-2.5979845,39.9461248]]]},"properties":{"category":"building","name":"","building":"house","building_levels":"2","height":6.0,"height_estimated":false}},{"type":"Feature","id":"way/806709621","geometry":{"type":"Polygon","coordinates":[[[-2.5979769,39.9460855],[-2.597984,39.9460528],[-2.5979414,39.9460445],[-2.5979222,39.9460794],[-2.5979769,39.9460855]]]},"properties":{"category":"building","name":"","building":"house","building_levels":"2","height":6.0,"height_estimated":false}},{"type":"Feature","id":"way/806709622","geometry":{"type":"Polygon","coordinates":[[[-2.5979414,39.9460445],[-2.597984,39.9460528],[-2.5980018,39.9460571],[-2.5980053,39.9460399],[-2.5980236,39.9460438],[-2.5980658,39.9460508],[-2.598073,39.9460177],[-2.598077,39.9459994],[-2.5980597,39.9459963],[-2.5980714,39.9459551],[-2.5979975,39.9459428],[-2.5979414,39.9460445]]]},"properties":{"category":"building","name":"","building":"house","building_levels":"2","height":6.0,"height_estimated":false}},{"type":"Feature","id":"way/806709623","geometry":{"type":"Polygon","coordinates":[[[-2.598077,39.9459994],[-2.5980887,39.945958],[-2.5980714,39.9459551],[-2.5980597,39.9459963],[-2.598077,39.9459994]]]},"properties":{"category":"building","name":"","building":"house","building_levels":"2","height":6.0,"height_estimated":false}},{"type":"Feature","id":"way/806709624","geometry":{"type":"Polygon","coordinates":[[[-2.598129,39.9460258],[-2.5981334,39.9459654],[-2.5980887,39.945958],[-2.598077,39.9459994],[-2.598073,39.9460177],[-2.598129,39.9460258]]]},"properties":{"category":"building","name":"","building":"house","building_levels":"3","height":9.0,"height_estimated":false}},{"type":"Feature","id":"way/806709625","geometry":{"type":"Polygon","coordinates":[[[-2.5981243,39.9460897],[-2.5980678,39.9460843],[-2.5980658,39.9460508],[-2.598073,39.9460177],[-2.598129,39.9460258],[-2.5981243,39.9460897]]]},"properties":{"category":"building","name":"","building":"house","building_levels":"3","height":9.0,"height_estimated":false}},{"type":"Feature","id":"way/806709626","geometry":{"type":"Polygon","coordinates":[[[-2.5980678,39.9460843],[-2.5980678,39.9460948],[-2.5980094,39.9460882],[-2.5980236,39.9460438],[-2.5980658,39.9460508],[-2.5980678,39.9460843]]]},"properties":{"category":"building","name":"","building":"house","building_levels":"1","height":3.0,"height_estimated":false}},{"type":"Feature","id":"way/806709627","geometry":{"type":"Polygon","coordinates":[[[-2.5981243,39.9460897],[-2.5981197,39.9461518],[-2.5981204,39.9461584],[-2.5980587,39.9461564],[-2.5980592,39.9461377],[-2.5980028,39.9461358],[-2.5980038,39.9461245],[-2.5980094,39.9460882],[-2.5980678,39.9460948],[-2.5980678,39.9460843],[-2.5981243,39.9460897]]]},"properties":{"category":"building","name":"","building":"house","building_levels":"3","height":9.0,"height_estimated":false}},{"type":"Feature","id":"way/806709628","geometry":{"type":"Polygon","coordinates":[[[-2.5981204,39.9461584],[-2.598127,39.9462174],[-2.5980633,39.9462187],[-2.5980612,39.9462035],[-2.5980125,39.9462032],[-2.5980084,39.9461759],[-2.5980013,39.9461763],[-2.5980028,39.9461451],[-2.5980028,39.9461358],[-2.5980592,39.9461377],[-2.5980587,39.9461564],[-2.5981204,39.9461584]]]},"properties":{"category":"building","name":"","building":"house","building_levels":"2","height":6.0,"height_estimated":false}},{"type":"Feature","id":"way/806709629","geometry":{"type":"Polygon","coordinates":[[[-2.598127,39.9462174],[-2.5981414,39.946348],[-2.5980745,39.9463528],[-2.5980719,39.9463255],[-2.5979611,39.9463337],[-2.5979596,39.9462955],[-2.5980699,39.9462873],[-2.5980633,39.9462187],[-2.598127,39.9462174]]]},"properties":{"category":"building","name":"","building":"house","building_levels":"2","height":6.0,"height_estimated":false}},{"type":"Feature","id":"way/806709630","geometry":{"type":"Polygon","coordinates":[[[-2.5979596,39.9462955],[-2.5979566,39.9462499],[-2.5979327,39.9462476],[-2.5979388,39.9462187],[-2.5980633,39.9462187],[-2.5980699,39.9462873],[-2.5979596,39.9462955]]]},"properties":{"category":"building","name":"","building":"house","building_levels":"2","height":6.0,"height_estimated":false}},{"type":"Feature","id":"way/806709631","geometry":{"type":"Polygon","coordinates":[[[-2.5980745,39.9463528],[-2.5979377,39.9463629],[-2.5979362,39.9463341],[-2.5979611,39.9463337],[-2.5980719,39.9463255],[-2.5980745,39.9463528]]]},"properties":{"category":"building","name":"","building":"house","building_levels":"2","height":6.0,"height_estimated":false}},{"type":"Feature","id":"way/806709632","geometry":{"type":"Polygon","coordinates":[[[-2.5981554,39.9464739],[-2.5980759,39.9464845],[-2.5980467,39.9464883],[-2.598027,39.946491],[-2.5979449,39.9465018],[-2.5979144,39.9465059],[-2.5979118,39.9464657],[-2.5979068,39.9464147],[-2.5979059,39.946366],[-2.5979377,39.9463629],[-2.5980745,39.9463528],[-2.5981414,39.946348],[-2.5981554,39.9464739]]]},"properties":{"category":"building","name":"Ermita","building":"chapel","building_levels":"2","height":8.0,"height_estimated":false}},{"type":"Feature","id":"way/806709633","geometry":{"type":"Polygon","coordinates":[[[-2.5980368,39.9465608],[-2.5979499,39.9465713],[-2.5979449,39.9465018],[-2.598027,39.946491],[-2.5980368,39.9465608]]]},"properties":{"category":"building","name":"","building":"house","building_levels":"2","height":6.0,"height_estimated":false}},{"type":"Feature","id":"way/806709634","geometry":{"type":"Polygon","coordinates":[[[-2.5980368,39.9465608],[-2.5981288,39.9465503],[-2.5981243,39.9465328],[-2.59808,39.9465378],[-2.5980775,39.9465016],[-2.5980475,39.9465055],[-2.5980467,39.9464883],[-2.598027,39.946491],[-2.5980368,39.9465608]]]},"properties":{"category":"building","name":"","building":"house","building_levels":"2","height":6.0,"height_estimated":false}},{"type":"Feature","id":"way/806709635","geometry":{"type":"Polygon","coordinates":[[[-2.5981634,39.9465462],[-2.5981288,39.9465503],[-2.5981243,39.9465328],[-2.59808,39.9465378],[-2.5980775,39.9465016],[-2.5981574,39.9464919],[-2.5981634,39.9465462]]]},"properties":{"category":"building","name":"","building":"house","building_levels":"1","height":3.0,"height_estimated":false}},{"type":"Feature","id":"way/806709636","geometry":{"type":"Polygon","coordinates":[[[-2.5980775,39.9465016],[-2.5980759,39.9464845],[-2.5980467,39.9464883],[-2.5980475,39.9465055],[-2.5980775,39.9465016]]]},"properties":{"category":"building","name":"","building":"house","building_levels":"2","height":6.0,"height_estimated":false}},{"type":"Feature","id":"way/806709637","geometry":{"type":"Polygon","coordinates":[[[-2.5981574,39.9464919],[-2.5981554,39.9464739],[-2.5980759,39.9464845],[-2.5980775,39.9465016],[-2.5981574,39.9464919]]]},"properties":{"category":"building","name":"","building":"house","building_levels":"1","height":3.0,"height_estimated":false}},{"type":"Feature","id":"way/806709638","geometry":{"type":"Polygon","coordinates":[[[-2.5974138,39.9471699],[-2.5973852,39.9471647],[-2.5973989,39.9471257],[-2.5974265,39.9471319],[-2.5974138,39.9471699]]]},"properties":{"category":"building","name":"","building":"house","building_levels":"1","height":3.0,"height_estimated":false}},{"type":"Feature","id":"way/806709639","geometry":{"type":"Polygon","coordinates":[[[-2.5973852,39.9471647],[-2.5973242,39.947153],[-2.597345,39.947086],[-2.5973105,39.9470801],[-2.5973266,39.947023],[-2.597405,39.9470297],[-2.5973796,39.9471222],[-2.5973989,39.9471257],[-2.5973852,39.9471647]]]},"properties":{"category":"building","name":"","building":"house","building_levels":"2","height":6.0,"height_estimated":false}},{"type":"Feature","id":"way/806709640","geometry":{"type":"Polygon","coordinates":[[[-2.5974265,39.9471319],[-2.5973989,39.9471257],[-2.5973796,39.9471222],[-2.597405,39.9470297],[-2.5974137,39.9470313],[-2.5974522,39.9470546],[-2.5974265,39.9471319]]]},"properties":{"category":"building","name":"","building":"house","building_levels":"2","height":6.0,"height_estimated":false}},{"type":"Feature","id":"way/806709641","geometry":{"type":"Polygon","coordinates":[[[-2.5973242,39.947153],[-2.597345,39.947086],[-2.5973105,39.9470801],[-2.5973266,39.947023],[-2.5973095,39.9470218],[-2.5972962,39.9470684],[-2.5972749,39.9470645],[-2.5972525,39.9471401],[-2.5973242,39.947153]]]},"properties":{"category":"building","name":"","building":"house","building_levels":"1","height":3.0,"height_estimated":false}},{"type":"Feature","id":"way/806709642","geometry":{"type":"Polygon","coordinates":[[[-2.5969989,39.9472358],[-2.5971077,39.9472562],[-2.5971102,39.9472484],[-2.5971565,39.9472558],[-2.5971697,39.947218],[-2.5971793,39.9471931],[-2.5971331,39.9471849],[-2.5971457,39.9471487],[-2.5971904,39.9470132],[-2.5970843,39.9470055],[-2.5969989,39.9472358]]]},"properties":{"category":"building","name":"","building":"house","building_levels":"1","height":3.0,"height_estimated":false}},{"type":"Feature","id":"way/806709643","geometry":{"type":"Polygon","coordinates":[[[-2.5971793,39.9471931],[-2.5971849,39.9471732],[-2.5972032,39.9471763],[-2.5972068,39.9471608],[-2.5971457,39.9471487],[-2.5971331,39.9471849],[-2.5971793,39.9471931]]]},"properties":{"category":"building","name":"","building":"house","building_levels":"2","height":6.0,"height_estimated":false}},{"type":"Feature","id":"way/806709644","geometry":{"type":"Polygon","coordinates":[[[-2.5971697,39.947218],[-2.5972007,39.9472235],[-2.597188,39.9472624],[-2.5971621,39.9472566],[-2.5971483,39.9472956],[-2.597097,39.9472878],[-2.5971077,39.9472562],[-2.5971102,39.9472484],[-2.5971565,39.9472558],[-2.5971697,39.947218]]]},"properties":{"category":"building","name":"","building":"house","building_levels":"1","height":3.0,"height_estimated":false}},{"type":"Feature","id":"way/806709645","geometry":{"type":"Polygon","coordinates":[[[-2.5973394,39.9473127],[-2.5973242,39.9473622],[-2.5972251,39.9473427],[-2.5972388,39.947294],[-2.5972437,39.9472949],[-2.5973394,39.9473127]]]},"properties":{"category":"building","name":"","building":"house","building_levels":"2","height":6.0,"height_estimated":false}},{"type":"Feature","id":"way/806709646","geometry":{"type":"Polygon","coordinates":[[[-2.5973854,39.9472547],[-2.5973645,39.947317],[-2.5973394,39.9473127],[-2.5972437,39.9472949],[-2.5972622,39.9472336],[-2.5973854,39.9472547]]]},"properties":{"category":"building","name":"","building":"house","building_levels":"2","height":6.0,"height_estimated":false}},{"type":"Feature","id":"way/806709647","geometry":{"type":"Polygon","coordinates":[[[-2.5970446,39.947445],[-2.5970747,39.9473688],[-2.5968272,39.9473131],[-2.5967989,39.9473916],[-2.5970446,39.947445]]]},"properties":{"category":"building","name":"","building":"house","building_levels":"1","height":3.0,"height_estimated":false}},{"type":"Feature","id":"way/806709648","geometry":{"type":"Polygon","coordinates":[[[-2.5967989,39.9473916],[-2.5967177,39.947374],[-2.5967245,39.9473474],[-2.5967017,39.9473423],[-2.5967273,39.9472824],[-2.5967489,39.9472321],[-2.5967967,39.9472449],[-2.596785,39.9472815],[-2.5968343,39.9472944],[-2.5968272,39.9473131],[-2.5967989,39.9473916]]]},"properties":{"category":"building","name":"","building":"house","building_levels":"2","height":6.0,"height_estimated":false}},{"type":"Feature","id":"way/806709649","geometry":{"type":"Polygon","coordinates":[[[-2.5967177,39.947374],[-2.5967245,39.9473474],[-2.5967017,39.9473423],[-2.5966985,39.9473415],[-2.5966894,39.9473678],[-2.5967177,39.947374]]]},"properties":{"category":"building","name":"","building":"house","building_levels":"1","height":3.0,"height_estimated":false}},{"type":"Feature","id":"way/806709650","geometry":{"type":"Polygon","coordinates":[[[-2.5966894,39.9473678],[-2.5966232,39.9473535],[-2.5966313,39.9473328],[-2.5966551,39.9472667],[-2.5967273,39.9472824],[-2.5967017,39.9473423],[-2.5966985,39.9473415],[-2.5966894,39.9473678]]]},"properties":{"category":"building","name":"","building":"house","building_levels":"2","height":6.0,"height_estimated":false}},{"type":"Feature","id":"way/806709651","geometry":{"type":"Polygon","coordinates":[[[-2.5966232,39.9473535],[-2.5966005,39.9473485],[-2.5966039,39.9473284],[-2.5966313,39.9473328],[-2.5966232,39.9473535]]]},"properties":{"category":"building","name":"","building":"house","building_levels":"1","height":3.0,"height_estimated":false}},{"type":"Feature","id":"way/806709652","geometry":{"type":"Polygon","coordinates":[[[-2.5966313,39.9473328],[-2.5966551,39.9472667],[-2.596603,39.9472565],[-2.5965916,39.9473178],[-2.5966054,39.9473195],[-2.5966039,39.9473284],[-2.5966313,39.9473328]]]},"properties":{"category":"building","name":"","building":"house","building_levels":"2","height":6.0,"height_estimated":false}},{"type":"Feature","id":"way/806709653","geometry":{"type":"Polygon","coordinates":[[[-2.5966005,39.9473485],[-2.5964772,39.9473218],[-2.5964998,39.9472483],[-2.596603,39.9472565],[-2.5965916,39.9473178],[-2.5966054,39.9473195],[-2.5966039,39.9473284],[-2.5966005,39.9473485]]]},"properties":{"category":"building","name":"","building":"house","building_levels":"2","height":6.0,"height_estimated":false}},{"type":"Feature","id":"way/806709654","geometry":{"type":"Polygon","coordinates":[[[-2.5964772,39.9473218],[-2.5964277,39.947311],[-2.596446,39.947244],[-2.5964998,39.9472483],[-2.5964772,39.9473218]]]},"properties":{"category":"building","name":"","building":"house","building_levels":"2","height":6.0,"height_estimated":false}},{"type":"Feature","id":"way/806709655","geometry":{"type":"Polygon","coordinates":[[[-2.5970505,39.9486374],[-2.5971201,39.9486489],[-2.597133,39.9485987],[-2.5970658,39.9485898],[-2.5970505,39.9486374]]]},"properties":{"category":"building","name":"","building":"house","building_levels":"1","height":3.0,"height_estimated":false}},{"type":"Feature","id":"way/806709656","geometry":{"type":"Polygon","coordinates":[[[-2.5973635,39.9488319],[-2.5973846,39.9487684],[-2.5973437,39.9487599],[-2.5973215,39.9488295],[-2.5973635,39.9488319]]]},"properties":{"category":"building","name":"","building":"house","building_levels":"1","height":3.0,"height_estimated":false}},{"type":"Feature","id":"way/806709657","geometry":{"type":"Polygon","coordinates":[[[-2.5974727,39.9488381],[-2.5974937,39.9487787],[-2.5974616,39.9487787],[-2.5974539,39.9488371],[-2.5974727,39.9488381]]]},"properties":{"category":"building","name":"","building":"house","building_levels":"2","height":6.0,"height_estimated":false}},{"type":"Feature","id":"way/806709658","geometry":{"type":"Polygon","coordinates":[[[-2.5975695,39.9488437],[-2.5974727,39.9488381],[-2.5974937,39.9487787],[-2.5975651,39.9487837],[-2.5975695,39.9488437]]]},"properties":{"category":"building","name":"","building":"house","building_levels":"1","height":3.0,"height_estimated":false}},{"type":"Feature","id":"way/806709659","geometry":{"type":"Polygon","coordinates":[[[-2.5975153,39.9487089],[-2.5975398,39.948712],[-2.5975559,39.9486593],[-2.5975556,39.9486548],[-2.5975321,39.9486517],[-2.5975153,39.9487089]]]},"properties":{"category":"building","name":"","building":"house","building_levels":"1","height":3.0,"height_estimated":false}},{"type":"Feature","id":"way/806709660","geometry":{"type":"Polygon","coordinates":[[[-2.5974539,39.9488371],[-2.5974616,39.9487787],[-2.5974937,39.9487787],[-2.5975153,39.9487089],[-2.5975321,39.9486517],[-2.5974278,39.9486378],[-2.5973846,39.9487684],[-2.5973635,39.9488319],[-2.5974539,39.9488371]]]},"properties":{"category":"building","name":"","building":"house","building_levels":"2","height":6.0,"height_estimated":false}},{"type":"Feature","id":"way/806709661","geometry":{"type":"Polygon","coordinates":[[[-2.5971916,39.9482308],[-2.5972176,39.9481477],[-2.5971948,39.9481468],[-2.5971702,39.9482288],[-2.5971916,39.9482308]]]},"properties":{"category":"building","name":"","building":"house","building_levels":"2","height":6.0,"height_estimated":false}},{"type":"Feature","id":"way/806709662","geometry":{"type":"Polygon","coordinates":[[[-2.5972754,39.9482382],[-2.5973046,39.9481562],[-2.5972912,39.9481544],[-2.5972176,39.9481477],[-2.5971916,39.9482308],[-2.5972754,39.9482382]]]},"properties":{"category":"building","name":"","building":"house","building_levels":"3","height":9.0,"height_estimated":false}},{"type":"Feature","id":"way/806709663","geometry":{"type":"Polygon","coordinates":[[[-2.5972754,39.9482382],[-2.5973004,39.9482404],[-2.5973279,39.948158],[-2.5973046,39.9481562],[-2.5972754,39.9482382]]]},"properties":{"category":"building","name":"","building":"house","building_levels":"2","height":6.0,"height_estimated":false}},{"type":"Feature","id":"way/806709664","geometry":{"type":"Polygon","coordinates":[[[-2.5974904,39.9481715],[-2.5973279,39.948158],[-2.5973046,39.9481562],[-2.5972912,39.9481544],[-2.5973145,39.9480774],[-2.5974132,39.9480846],[-2.5974812,39.9480901],[-2.5974904,39.9481715]]]},"properties":{"category":"building","name":"","building":"house","building_levels":"1","height":3.0,"height_estimated":false}},{"type":"Feature","id":"way/806709665","geometry":{"type":"Polygon","coordinates":[[[-2.5972912,39.9481544],[-2.5972176,39.9481477],[-2.5971948,39.9481468],[-2.5972158,39.948072],[-2.5973145,39.9480774],[-2.5972912,39.9481544]]]},"properties":{"category":"building","name":"","building":"house","building_levels":"2","height":6.0,"height_estimated":false}},{"type":"Feature","id":"way/806709666","geometry":{"type":"Polygon","coordinates":[[[-2.5974523,39.9478927],[-2.5973933,39.9478881],[-2.5974132,39.9480846],[-2.5974812,39.9480901],[-2.5974523,39.9478927]]]},"properties":{"category":"building","name":"","building":"house","building_levels":"2","height":6.0,"height_estimated":false}},{"type":"Feature","id":"way/806709667","geometry":{"type":"Polygon","coordinates":[[[-2.5973145,39.9480774],[-2.5973355,39.9480103],[-2.5972356,39.9480012],[-2.5972158,39.948072],[-2.5973145,39.9480774]]]},"properties":{"category":"building","name":"","building":"house","building_levels":"2","height":6.0,"height_estimated":false}},{"type":"Feature","id":"way/806709668","geometry":{"type":"Polygon","coordinates":[[[-2.5973355,39.9480103],[-2.5973729,39.9478859],[-2.597278,39.9478772],[-2.5972356,39.9480012],[-2.5973355,39.9480103]]]},"properties":{"category":"building","name":"","building":"house","building_levels":"2","height":6.0,"height_estimated":false}},{"type":"Feature","id":"way/806709669","geometry":{"type":"Polygon","coordinates":[[[-2.5973933,39.9478881],[-2.5973997,39.9478523],[-2.5972941,39.9478411],[-2.597278,39.9478772],[-2.5973729,39.9478859],[-2.5973933,39.9478881]]]},"properties":{"category":"building","name":"","building":"house","building_levels":"2","height":6.0,"height_estimated":false}},{"type":"Feature","id":"way/806709670","geometry":{"type":"Polygon","coordinates":[[[-2.5974523,39.9478927],[-2.597447,39.947857],[-2.5973997,39.9478523],[-2.5973933,39.9478881],[-2.5974523,39.9478927]]]},"properties":{"category":"building","name":"","building":"house","building_levels":"1","height":3.0,"height_estimated":false}},{"type":"Feature","id":"way/806709671","geometry":{"type":"Polygon","coordinates":[[[-2.597447,39.947857],[-2.5974386,39.9477994],[-2.5973102,39.9477883],[-2.5972941,39.9478411],[-2.5973997,39.9478523],[-2.597447,39.947857]]]},"properties":{"category":"building","name":"","building":"house","building_levels":"3","height":9.0,"height_estimated":false}},{"type":"Feature","id":"way/806709672","geometry":{"type":"Polygon","coordinates":[[[-2.5974386,39.9477994],[-2.5974292,39.9477355],[-2.5973626,39.9477311],[-2.5973318,39.9477286],[-2.5973102,39.9477883],[-2.5974386,39.9477994]]]},"properties":{"category":"building","name":"","building":"house","building_levels":"3","height":9.0,"height_estimated":false}},{"type":"Feature","id":"way/806709673","geometry":{"type":"Polygon","coordinates":[[[-2.5974292,39.9477355],[-2.597425,39.9477075],[-2.5973652,39.9477042],[-2.5973626,39.9477311],[-2.5974292,39.9477355]]]},"properties":{"category":"building","name":"","building":"house","building_levels":"3","height":9.0,"height_estimated":false}},{"type":"Feature","id":"way/806709674","geometry":{"type":"Polygon","coordinates":[[[-2.5973626,39.9477311],[-2.5973318,39.9477286],[-2.5973626,39.9476422],[-2.597415,39.9476434],[-2.597425,39.9477075],[-2.5973652,39.9477042],[-2.5973626,39.9477311]]]},"properties":{"category":"building","name":"","building":"house","building_levels":"3","height":9.0,"height_estimated":false}},{"type":"Feature","id":"way/806709675","geometry":{"type":"Polygon","coordinates":[[[-2.5955292,39.9476258],[-2.595033,39.947497],[-2.5950131,39.9474915],[-2.5946046,39.9473779],[-2.5946489,39.9473446],[-2.5948324,39.9472064],[-2.5949315,39.9471318],[-2.5949572,39.9471265],[-2.5949817,39.947121],[-2.5950319,39.9470333],[-2.5950711,39.9470359],[-2.5951176,39.9470391],[-2.5952328,39.9470467],[-2.5953004,39.9470664],[-2.5953059,39.947069],[-2.5953346,39.9470822],[-2.5953813,39.9471039],[-2.5954431,39.9471245],[-2.5955117,39.947147],[-2.5955147,39.9471475],[-2.5955986,39.9471612],[-2.5955748,39.9472786],[-2.5955742,39.9472821],[-2.5955677,39.9473279],[-2.5955588,39.9473898],[-2.5955414,39.9475197],[-2.5955292,39.9476258]]]},"properties":{"category":"landuse","name":"","landuse":"residential"}},{"type":"Feature","id":"way/806709676","geometry":{"type":"Polygon","coordinates":[[[-2.5969874,39.9469723],[-2.596891,39.9470991],[-2.5968335,39.947148],[-2.5966698,39.9471683],[-2.5966123,39.9471724],[-2.5965627,39.9471629],[-2.5965565,39.9471731],[-2.5964804,39.947188],[-2.596407,39.9472029],[-2.596322,39.947226],[-2.5963265,39.9472165],[-2.5961902,39.9472199],[-2.5960893,39.9472124],[-2.5960495,39.9472083],[-2.5958407,39.9471615],[-2.5959425,39.9469146],[-2.5958796,39.9469038],[-2.5957752,39.9471473],[-2.5956691,39.9471195],[-2.5956124,39.9470991],[-2.5955629,39.94707],[-2.5955478,39.9470903],[-2.5954682,39.9470598],[-2.5953806,39.9470374],[-2.595324,39.9470164],[-2.5952665,39.9469974],[-2.5953939,39.9467817],[-2.595516,39.9465762],[-2.5956186,39.9463944],[-2.5957434,39.9461848],[-2.5958044,39.946081],[-2.5958987,39.9461454],[-2.595896,39.9461495],[-2.5959677,39.9462082],[-2.5959482,39.9462309],[-2.5960763,39.9463097],[-2.596151,39.9463788],[-2.5962111,39.9464301],[-2.5962912,39.9464904],[-2.596396,39.9466345],[-2.596446,39.9467532],[-2.5965269,39.9467797],[-2.5966424,39.946827],[-2.5968527,39.9469049],[-2.5969074,39.9469256],[-2.5969837,39.9469557],[-2.5969874,39.9469723]]]},"properties":{"category":"landuse","name":"","landuse":"residential"}},{"type":"Feature","id":"way/806709677","geometry":{"type":"Polygon","coordinates":[[[-2.593335,39.9537776],[-2.5925372,39.9546519],[-2.5914451,39.9540787],[-2.5926095,39.9527764],[-2.5927369,39.9528307],[-2.5931704,39.9530762],[-2.5934362,39.9532112],[-2.5933567,39.9533028],[-2.5932817,39.9532607],[-2.5932413,39.9532381],[-2.5932077,39.9532747],[-2.5929356,39.9535718],[-2.593335,39.9537776]]]},"properties":{"category":"landuse","name":"","landuse":"farmland"}},{"type":"Feature","id":"way/806709678","geometry":{"type":"Polygon","coordinates":[[[-2.593335,39.9537776],[-2.5936719,39.9533904],[-2.5936595,39.9533525],[-2.5935958,39.9533077],[-2.5934362,39.9532112],[-2.5933567,39.9533028],[-2.5932817,39.9532607],[-2.5932413,39.9532381],[-2.5932077,39.9532747],[-2.5929356,39.9535718],[-2.593335,39.9537776]]]},"properties":{"category":"landuse","name":"La Palomareña","landuse":"industrial"}},{"type":"Feature","id":"way/806709679","geometry":{"type":"Polygon","coordinates":[[[-2.5933804,39.9534479],[-2.5933143,39.9534144],[-2.5932198,39.9535196],[-2.5932808,39.9535531],[-2.5933804,39.9534479]]]},"properties":{"category":"building","name":"","building":"industrial","building_levels":"1","height":3.0,"height_estimated":false}},{"type":"Feature","id":"way/806709680","geometry":{"type":"Polygon","coordinates":[[[-2.5932046,39.9533684],[-2.5931578,39.9533435],[-2.5930867,39.9534222],[-2.5931294,39.9534463],[-2.5932046,39.9533684]]]},"properties":{"category":"building","name":"","building":"industrial","building_levels":"1","height":3.0,"height_estimated":false}},{"type":"Feature","id":"way/806709681","geometry":{"type":"Polygon","coordinates":[[[-2.5932817,39.9532607],[-2.5932462,39.9532967],[-2.5932077,39.9532747],[-2.5932413,39.9532381],[-2.5932817,39.9532607]]]},"properties":{"category":"building","name":"","building":"industrial","building_levels":"1","height":3.0,"height_estimated":false}},{"type":"Feature","id":"way/806738945","geometry":{"type":"Polygon","coordinates":[[[-2.597855,39.9537538],[-2.597778,39.9540727],[-2.5977688,39.9541388],[-2.5976917,39.9541754],[-2.5976332,39.9541837],[-2.5975038,39.9541813],[-2.5967582,39.9541105],[-2.5968106,39.9538082],[-2.5968337,39.9536635],[-2.5974187,39.9537135],[-2.5977833,39.9537472],[-2.597855,39.9537538]]]},"properties":{"category":"landuse","name":"","landuse":"farmland"}},{"type":"Feature","id":"way/806738946","geometry":{"type":"Polygon","coordinates":[[[-2.5967582,39.9541105],[-2.5961684,39.9540507],[-2.5959351,39.9540137],[-2.5958224,39.9539726],[-2.5957983,39.9538965],[-2.5958519,39.9535511],[-2.5959652,39.9535629],[-2.5965211,39.953621],[-2.5968337,39.9536635],[-2.5968106,39.9538082],[-2.5967582,39.9541105]]]},"properties":{"category":"landuse","name":"","landuse":"farmland"}},{"type":"Feature","id":"way/806738947","geometry":{"type":"Polygon","coordinates":[[[-2.597855,39.9537538],[-2.5977833,39.9537472],[-2.5974187,39.9537135],[-2.5968337,39.9536635],[-2.5970153,39.9536626],[-2.5977673,39.9537369],[-2.5977939,39.9535958],[-2.5976258,39.9535781],[-2.5976346,39.9534974],[-2.5974709,39.9534832],[-2.5975258,39.9531531],[-2.5980217,39.9531827],[-2.597855,39.9537538]]]},"properties":{"category":"landuse","name":"","landuse":"farmland"}},{"type":"Feature","id":"way/806738948","geometry":{"type":"Polygon","coordinates":[[[-2.5968337,39.9536635],[-2.5965211,39.953621],[-2.5964347,39.9533594],[-2.596373,39.9531189],[-2.5963717,39.953087],[-2.5966493,39.9531034],[-2.5970986,39.9531291],[-2.5975258,39.9531531],[-2.5974709,39.9534832],[-2.5974566,39.9535609],[-2.5970369,39.9535219],[-2.5970153,39.9536626],[-2.5968337,39.9536635]]]},"properties":{"category":"landuse","name":"","landuse":"farmland"}},{"type":"Feature","id":"way/806738949","geometry":{"type":"Polygon","coordinates":[[[-2.5963717,39.953087],[-2.5966493,39.9531034],[-2.5970986,39.9531291],[-2.5975258,39.9531531],[-2.5980217,39.9531827],[-2.5980815,39.952958],[-2.5965521,39.9525588],[-2.5965031,39.9527342],[-2.5964144,39.9529132],[-2.596391,39.9529776],[-2.5963717,39.953087]]]},"properties":{"category":"landuse","name":"","landuse":"farmland"}},{"type":"Feature","id":"way/806738950","geometry":{"type":"Polygon","coordinates":[[[-2.5958013,39.9532169],[-2.5957647,39.9533415],[-2.5957241,39.9538651],[-2.5957078,39.9539929],[-2.5948622,39.95389],[-2.5946508,39.9538184],[-2.593858,39.9533571],[-2.5946223,39.9525531],[-2.5946183,39.9526808],[-2.595098,39.9529364],[-2.5952321,39.9529831],[-2.5958013,39.9532169]]]},"properties":{"category":"landuse","name":"","landuse":"farmland"}},{"type":"Feature","id":"way/806738951","geometry":{"type":"Polygon","coordinates":[[[-2.596391,39.9529776],[-2.5962865,39.9529677],[-2.5959808,39.9528587],[-2.5959244,39.9530417],[-2.5961471,39.9531075],[-2.596373,39.9531189],[-2.5963717,39.953087],[-2.596391,39.9529776]]]},"properties":{"category":"landuse","name":"","landuse":"farmland"}},{"type":"Feature","id":"way/806738952","geometry":{"type":"Polygon","coordinates":[[[-2.596373,39.9531189],[-2.5964347,39.9533594],[-2.5960532,39.9533296],[-2.5961068,39.9532165],[-2.5961471,39.9531075],[-2.596373,39.9531189]]]},"properties":{"category":"landuse","name":"","landuse":"farmland"}},{"type":"Feature","id":"way/806738953","geometry":{"type":"Polygon","coordinates":[[[-2.5964347,39.9533594],[-2.5965211,39.953621],[-2.5959652,39.9535629],[-2.5960532,39.9533296],[-2.5964347,39.9533594]]]},"properties":{"category":"landuse","name":"","landuse":"farmland"}},{"type":"Feature","id":"way/806738954","geometry":{"type":"Polygon","coordinates":[[[-2.5959652,39.9535629],[-2.5958519,39.9535511],[-2.5958896,39.9531857],[-2.5959244,39.9530417],[-2.5961471,39.9531075],[-2.5961068,39.9532165],[-2.5960532,39.9533296],[-2.5959652,39.9535629]]]},"properties":{"category":"landuse","name":"","landuse":"farmland"}},{"type":"Feature","id":"way/806738955","geometry":{"type":"Polygon","coordinates":[[[-2.596391,39.9529776],[-2.5962865,39.9529677],[-2.5959808,39.9528587],[-2.5959942,39.9527169],[-2.5960103,39.9525915],[-2.5960478,39.9526202],[-2.596249,39.9526758],[-2.596418,39.9527169],[-2.5965031,39.9527342],[-2.5964144,39.9529132],[-2.596391,39.9529776]]]},"properties":{"category":"landuse","name":"","landuse":"farmland"}},{"type":"Feature","id":"way/806738956","geometry":{"type":"Polygon","coordinates":[[[-2.5960103,39.9525915],[-2.5960505,39.952429],[-2.59608,39.9522604],[-2.5962946,39.9519253],[-2.5966057,39.952024],[-2.5964287,39.9522995],[-2.596249,39.9526758],[-2.5960478,39.9526202],[-2.5960103,39.9525915]]]},"properties":{"category":"landuse","name":"","landuse":"farmland"}},{"type":"Feature","id":"way/806738957","geometry":{"type":"Polygon","coordinates":[[[-2.596249,39.9526758],[-2.596418,39.9527169],[-2.5965031,39.9527342],[-2.5965521,39.9525588],[-2.5980815,39.952958],[-2.5980407,39.9528773],[-2.5980863,39.9527498],[-2.5980943,39.952684],[-2.5975552,39.9524989],[-2.5971878,39.9523735],[-2.5970051,39.952311],[-2.5967613,39.9522275],[-2.5968176,39.9520815],[-2.5966057,39.952024],[-2.5964287,39.9522995],[-2.596249,39.9526758]]]},"properties":{"category":"landuse","name":"","landuse":"farmland"}},{"type":"Feature","id":"way/806738958","geometry":{"type":"Polygon","coordinates":[[[-2.5968176,39.9520815],[-2.5969442,39.9518559],[-2.5971271,39.9514881],[-2.5973588,39.9510768],[-2.5974442,39.9508991],[-2.5972572,39.9508399],[-2.596997,39.9507651],[-2.5967409,39.9512108],[-2.5965539,39.9515068],[-2.5963831,39.951753],[-2.5962946,39.9519253],[-2.5966057,39.952024],[-2.5968176,39.9520815]]]},"properties":{"category":"landuse","name":"","landuse":"farmland"}},{"type":"Feature","id":"way/806738959","geometry":{"type":"Polygon","coordinates":[[[-2.5974442,39.9508991],[-2.5975292,39.9507418],[-2.5972568,39.9506406],[-2.5971004,39.9505496],[-2.5970745,39.9505345],[-2.5970291,39.9505081],[-2.5968746,39.9507169],[-2.596997,39.9507651],[-2.5972572,39.9508399],[-2.5974442,39.9508991]]]},"properties":{"category":"landuse","name":"","landuse":"farmland"}},{"type":"Feature","id":"way/806738960","geometry":{"type":"Polygon","coordinates":[[[-2.59608,39.9522604],[-2.5961725,39.951872],[-2.5962403,39.9515248],[-2.596268,39.9514161],[-2.596274,39.9513622],[-2.5962987,39.9513073],[-2.5963173,39.9513453],[-2.5963604,39.9513925],[-2.5965539,39.9515068],[-2.5963831,39.951753],[-2.5962946,39.9519253],[-2.59608,39.9522604]]]},"properties":{"category":"landuse","name":"","landuse":"farmland"}},{"type":"Feature","id":"way/806738961","geometry":{"type":"Polygon","coordinates":[[[-2.5963173,39.9513453],[-2.5962987,39.9513073],[-2.5962803,39.9512697],[-2.5964559,39.9511776],[-2.5964867,39.9512224],[-2.5966131,39.9512342],[-2.5967409,39.9512108],[-2.5965539,39.9515068],[-2.5963604,39.9513925],[-2.5963173,39.9513453]]]},"properties":{"category":"landuse","name":"","landuse":"greenfield"}},{"type":"Feature","id":"way/806738962","geometry":{"type":"Polygon","coordinates":[[[-2.5964559,39.9511776],[-2.5967377,39.9506789],[-2.5967751,39.9506893],[-2.5968746,39.9507169],[-2.596997,39.9507651],[-2.5967409,39.9512108],[-2.5966131,39.9512342],[-2.5964867,39.9512224],[-2.5964559,39.9511776]]]},"properties":{"category":"landuse","name":"","landuse":"farmland"}},{"type":"Feature","id":"way/806738963","geometry":{"type":"Polygon","coordinates":[[[-2.5964559,39.9511776],[-2.5962803,39.9512697],[-2.5962277,39.9511927],[-2.5965696,39.9506718],[-2.5967377,39.9506789],[-2.5964559,39.9511776]]]},"properties":{"category":"landuse","name":"","landuse":"farmland"}},{"type":"Feature","id":"way/806738964","geometry":{"type":"Polygon","coordinates":[[[-2.5960956,39.9510083],[-2.5961867,39.9509062],[-2.5963034,39.9507308],[-2.5963385,39.9506718],[-2.5963478,39.9506521],[-2.5965696,39.9506718],[-2.5962277,39.9511927],[-2.5960956,39.9510083]]]},"properties":{"category":"landuse","name":"","landuse":"farmland"}},{"type":"Feature","id":"way/806738965","geometry":{"type":"Polygon","coordinates":[[[-2.5977833,39.9537472],[-2.5977654,39.9538829],[-2.5974158,39.9538579],[-2.5974187,39.9537135],[-2.5977833,39.9537472]]]},"properties":{"category":"building","name":"","building":"farm_auxiliary","height":6.0,"height_estimated":true}},{"type":"Feature","id":"way/806738966","geometry":{"type":"Polygon","coordinates":[[[-2.5977673,39.9537369],[-2.5970153,39.9536626],[-2.5970369,39.9535219],[-2.5974566,39.9535609],[-2.5974709,39.9534832],[-2.5976346,39.9534974],[-2.5976258,39.9535781],[-2.5977939,39.9535958],[-2.5977673,39.9537369]]]},"properties":{"category":"building","name":"","building":"farm_auxiliary","height":6.0,"height_estimated":true}},{"type":"Feature","id":"way/806738967","geometry":{"type":"Polygon","coordinates":[[[-2.5970986,39.9531291],[-2.5971186,39.9529633],[-2.5966653,39.9529384],[-2.5966493,39.9531034],[-2.5970986,39.9531291]]]},"properties":{"category":"building","name":"","building":"farm_auxiliary","height":6.0,"height_estimated":true}},{"type":"Feature","id":"way/806738968","geometry":{"type":"Polygon","coordinates":[[[-2.5968749,39.9523418],[-2.5967316,39.9522993],[-2.5967524,39.9522468],[-2.5968995,39.9522916],[-2.5968749,39.9523418]]]},"properties":{"category":"building","name":"","building":"farm_auxiliary","building_levels":"1","height":3.0,"height_estimated":false}},{"type":"Feature","id":"way/806738969","geometry":{"type":"Polygon","coordinates":[[[-2.5974221,39.9508784],[-2.5971498,39.950794],[-2.5972169,39.9506625],[-2.5974931,39.9507447],[-2.5974221,39.9508784]]]},"properties":{"category":"building","name":"","building":"farm_auxiliary","building_levels":"1","height":3.0,"height_estimated":false}},{"type":"Feature","id":"way/806738970","geometry":{"type":"Polygon","coordinates":[[[-2.596927,39.9508426],[-2.5966961,39.9507656],[-2.5967402,39.9506868],[-2.5969731,39.9507638],[-2.596927,39.9508426]]]},"properties":{"category":"building","name":"","building":"farm_auxiliary","building_levels":"1","height":3.0,"height_estimated":false}},{"type":"Feature","id":"way/806738971","geometry":{"type":"Polygon","coordinates":[[[-2.5971303,39.9503825],[-2.5967837,39.9502207],[-2.5968607,39.9501286],[-2.5968793,39.9501025],[-2.5972243,39.9502703],[-2.5971303,39.9503825]]]},"properties":{"category":"building","name":"","building":"farm_auxiliary","building_levels":"1","height":3.0,"height_estimated":false}},{"type":"Feature","id":"way/806738972","geometry":{"type":"Polygon","coordinates":[[[-2.5972243,39.9502703],[-2.5972705,39.9502125],[-2.597209,39.9501852],[-2.5972829,39.9500942],[-2.5969588,39.949947],[-2.5969039,39.9500282],[-2.5968701,39.9500978],[-2.5968793,39.9501025],[-2.5972243,39.9502703]]]},"properties":{"category":"building","name":"","building":"farm_auxiliary","building_levels":"1","height":3.0,"height_estimated":false}},{"type":"Feature","id":"way/806738973","geometry":{"type":"Polygon","coordinates":[[[-2.5974102,39.9500677],[-2.5973377,39.9500676],[-2.5973377,39.9499316],[-2.5975349,39.9499201],[-2.5975335,39.9499379],[-2.5974102,39.9500677]]]},"properties":{"category":"building","name":"","building":"farm_auxiliary","building_levels":"1","height":3.0,"height_estimated":false}},{"type":"Feature","id":"way/806738974","geometry":{"type":"Polygon","coordinates":[[[-2.5973377,39.9499316],[-2.5973179,39.9497051],[-2.5973762,39.9497007],[-2.597505,39.9496938],[-2.5975349,39.9499201],[-2.5973377,39.9499316]]]},"properties":{"category":"building","name":"","building":"farm_auxiliary","building_levels":"1","height":3.0,"height_estimated":false}},{"type":"Feature","id":"way/806738975","geometry":{"type":"Polygon","coordinates":[[[-2.597505,39.9496938],[-2.59748,39.9495039],[-2.5973629,39.9495086],[-2.597366,39.9495606],[-2.5973762,39.9497007],[-2.597505,39.9496938]]]},"properties":{"category":"building","name":"","building":"farm_auxiliary","building_levels":"1","height":3.0,"height_estimated":false}},{"type":"Feature","id":"way/806738976","geometry":{"type":"Polygon","coordinates":[[[-2.5972181,39.9495641],[-2.5971478,39.9494586],[-2.597138,39.9494416],[-2.5968144,39.9496144],[-2.5967778,39.9496425],[-2.5967412,39.9497126],[-2.5967006,39.9498513],[-2.5966579,39.9500803],[-2.5965725,39.9500601],[-2.5964465,39.9503702],[-2.5963478,39.9506521],[-2.5965696,39.9506718],[-2.5967377,39.9506789],[-2.5967751,39.9506893],[-2.5968746,39.9507169],[-2.5970291,39.9505081],[-2.5971303,39.9503825],[-2.5967837,39.9502207],[-2.5968607,39.9501286],[-2.5966759,39.9500837],[-2.5967067,39.9500058],[-2.5968438,39.9500365],[-2.5968515,39.9500141],[-2.5969039,39.9500282],[-2.5969588,39.949947],[-2.5972181,39.9495641]]]},"properties":{"category":"landuse","name":"","landuse":"greenfield"}},{"type":"Feature","id":"way/806738977","geometry":{"type":"Polygon","coordinates":[[[-2.597366,39.9495606],[-2.5973629,39.9495086],[-2.59748,39.9495039],[-2.5974773,39.949432],[-2.5974804,39.9493423],[-2.5974896,39.9492491],[-2.5974989,39.9491984],[-2.5971403,39.9494102],[-2.597138,39.9494416],[-2.5972181,39.9495641],[-2.597366,39.9495606]]]},"properties":{"category":"landuse","name":"","landuse":"greenfield"}},{"type":"Feature","id":"way/806738978","geometry":{"type":"Polygon","coordinates":[[[-2.5981228,39.9507795],[-2.5980579,39.9507639],[-2.5977492,39.9507048],[-2.5976293,39.9506794],[-2.5976009,39.9506635],[-2.5975623,39.950753],[-2.5975292,39.9507418],[-2.5972568,39.9506406],[-2.5971004,39.9505496],[-2.5971237,39.9504603],[-2.5972902,39.9502735],[-2.5974202,39.950121],[-2.5976537,39.949903],[-2.5976821,39.9499045],[-2.5976964,39.9499263],[-2.5977431,39.9500369],[-2.5977695,39.9502237],[-2.5977715,39.9503031],[-2.597737,39.9503732],[-2.5976009,39.9505771],[-2.5976476,39.9505771],[-2.5976923,39.950532],[-2.5977492,39.9504386],[-2.597802,39.9503514],[-2.5978121,39.9502455],[-2.5978182,39.950135],[-2.5977817,39.9500307],[-2.5977999,39.9500213],[-2.5979279,39.9501972],[-2.5980111,39.9503311],[-2.5980883,39.9505211],[-2.598133,39.9506767],[-2.5981228,39.9507795]]]},"properties":{"category":"landuse","name":"","landuse":"greenfield"}},{"type":"Feature","id":"way/806738979","geometry":{"type":"LineString","coordinates":[[-2.597658,39.9505367],[-2.597738,39.9504164],[-2.5977811,39.9503385],[-2.5977934,39.9502689],[-2.5977888,39.9501733],[-2.5977847,39.9501259],[-2.5977656,39.9500338],[-2.597761,39.9500072],[-2.5977781,39.9499815]]},"properties":{"category":"road","name":"","highway":"footway","surface":"dirt"}},{"type":"Feature","id":"way/806738980","geometry":{"type":"Polygon","coordinates":[[[-2.5980943,39.952684],[-2.5981953,39.9524048],[-2.5983079,39.9520248],[-2.5982998,39.9519139],[-2.5980587,39.9518481],[-2.5980051,39.9518297],[-2.5979032,39.9518173],[-2.5978898,39.9518646],[-2.5975552,39.9524989],[-2.5980943,39.952684]]]},"properties":{"category":"landuse","name":"","landuse":"farmland"}},{"type":"Feature","id":"way/806738981","geometry":{"type":"Polygon","coordinates":[[[-2.5975552,39.9524989],[-2.5978898,39.9518646],[-2.5979032,39.9518173],[-2.5979247,39.9517352],[-2.597997,39.9515564],[-2.5980426,39.9514866],[-2.5980613,39.951425],[-2.5976942,39.9514845],[-2.5976621,39.9514866],[-2.5974557,39.9518995],[-2.597303,39.9521891],[-2.5971878,39.9523735],[-2.5975552,39.9524989]]]},"properties":{"category":"landuse","name":"","landuse":"farmland"}},{"type":"Feature","id":"way/806738982","geometry":{"type":"Polygon","coordinates":[[[-2.5971878,39.9523735],[-2.5970051,39.952311],[-2.5971931,39.9519283],[-2.5973807,39.9514907],[-2.5975978,39.9510285],[-2.5976996,39.9508128],[-2.5978657,39.9509361],[-2.59793,39.9509854],[-2.5978738,39.9510737],[-2.5976621,39.9514866],[-2.5974557,39.9518995],[-2.597303,39.9521891],[-2.5971878,39.9523735]]]},"properties":{"category":"landuse","name":"","landuse":"farmland"}},{"type":"Feature","id":"way/806738983","geometry":{"type":"Polygon","coordinates":[[[-2.5970051,39.952311],[-2.5967613,39.9522275],[-2.5968176,39.9520815],[-2.5969442,39.9518559],[-2.5971271,39.9514881],[-2.5973588,39.9510768],[-2.5974442,39.9508991],[-2.5975292,39.9507418],[-2.5975623,39.950753],[-2.59762,39.950769],[-2.5976996,39.9508128],[-2.5975978,39.9510285],[-2.5973807,39.9514907],[-2.5971931,39.9519283],[-2.5970051,39.952311]]]},"properties":{"category":"landuse","name":"","landuse":"farmland"}},{"type":"Feature","id":"way/806738984","geometry":{"type":"Polygon","coordinates":[[[-2.5982998,39.9519139],[-2.5982193,39.9515878],[-2.5981592,39.9513818],[-2.5981203,39.9513032],[-2.5980613,39.951425],[-2.5980426,39.9514866],[-2.597997,39.9515564],[-2.5979247,39.9517352],[-2.5979032,39.9518173],[-2.5980051,39.9518297],[-2.5980587,39.9518481],[-2.5982998,39.9519139]]]},"properties":{"category":"landuse","name":"","landuse":"farmland"}},{"type":"Feature","id":"way/806738985","geometry":{"type":"Polygon","coordinates":[[[-2.5976621,39.9514866],[-2.5976942,39.9514845],[-2.5980613,39.951425],[-2.5981203,39.9513032],[-2.598092,39.9512273],[-2.5980902,39.9511799],[-2.598023,39.951085],[-2.5980142,39.9510674],[-2.59793,39.9509854],[-2.5978738,39.9510737],[-2.5976621,39.9514866]]]},"properties":{"category":"landuse","name":"","landuse":"farmland"}},{"type":"Feature","id":"way/806738986","geometry":{"type":"Polygon","coordinates":[[[-2.5975623,39.950753],[-2.5976009,39.9506635],[-2.5976293,39.9506794],[-2.5977492,39.9507048],[-2.5976996,39.9508128],[-2.59762,39.950769],[-2.5975623,39.950753]]]},"properties":{"category":"landuse","name":"","landuse":"farmland"}},{"type":"Feature","id":"way/806738987","geometry":{"type":"Polygon","coordinates":[[[-2.5980902,39.9511799],[-2.5980865,39.951128],[-2.5980966,39.9509894],[-2.5981068,39.9508898],[-2.5981228,39.9507795],[-2.5980579,39.9507639],[-2.5980142,39.9510674],[-2.5980902,39.9511799]]]},"properties":{"category":"landuse","name":"","landuse":"farmland"}},{"type":"Feature","id":"way/806738988","geometry":{"type":"Polygon","coordinates":[[[-2.5980142,39.9510674],[-2.59793,39.9509854],[-2.5978657,39.9509361],[-2.5976996,39.9508128],[-2.5977492,39.9507048],[-2.5980579,39.9507639],[-2.5980142,39.9510674]]]},"properties":{"category":"landuse","name":"","landuse":"farmland"}},{"type":"Feature","id":"way/806738989","geometry":{"type":"Polygon","coordinates":[[[-2.597811,39.9507726],[-2.5977598,39.9507703],[-2.5977655,39.9507198],[-2.5978159,39.9507228],[-2.597811,39.9507726]]]},"properties":{"category":"landuse","name":"","amenity":"watering_place"}},{"type":"Feature","id":"way/806790800","geometry":{"type":"Polygon","coordinates":[[[-2.5958847,39.9530218],[-2.5957616,39.9529785],[-2.5955628,39.9529085],[-2.5954873,39.9530242],[-2.5958,39.9531506],[-2.5958293,39.95316],[-2.5958462,39.9531517],[-2.5958847,39.9530218]]]},"properties":{"category":"landuse","name":"","landuse":"farmland"}},{"type":"Feature","id":"way/806790801","geometry":{"type":"Polygon","coordinates":[[[-2.5954873,39.9530242],[-2.5954703,39.9530183],[-2.5952408,39.9529179],[-2.5950944,39.9528707],[-2.5951992,39.9527148],[-2.5953779,39.9527821],[-2.5954965,39.9528187],[-2.5955797,39.9528648],[-2.5955628,39.9529085],[-2.5954873,39.9530242]]]},"properties":{"category":"landuse","name":"","landuse":"farmland"}},{"type":"Feature","id":"way/806790802","geometry":{"type":"Polygon","coordinates":[[[-2.5950944,39.9528707],[-2.594905,39.9527727],[-2.5946847,39.9526369],[-2.5946862,39.952566],[-2.5946708,39.9525188],[-2.5946492,39.9524751],[-2.594754,39.9525448],[-2.5948279,39.9525743],[-2.594837,39.9525741],[-2.594945,39.9525719],[-2.5950883,39.9525967],[-2.5951776,39.9526321],[-2.59521,39.9526947],[-2.5951992,39.9527148],[-2.5950944,39.9528707]]]},"properties":{"category":"landuse","name":"","landuse":"farmland"}},{"type":"Feature","id":"way/806790803","geometry":{"type":"Polygon","coordinates":[[[-2.59521,39.9526947],[-2.595312,39.952528],[-2.5953147,39.9525235],[-2.5951345,39.9524739],[-2.5949157,39.9524467],[-2.5947062,39.9524172],[-2.5946492,39.9524751],[-2.594754,39.9525448],[-2.594837,39.9525741],[-2.594945,39.9525719],[-2.5950883,39.9525967],[-2.5951776,39.9526321],[-2.59521,39.9526947]]]},"properties":{"category":"landuse","name":"","landuse":"farmland"}},{"type":"Feature","id":"way/806790804","geometry":{"type":"Polygon","coordinates":[[[-2.5962159,39.9512469],[-2.5961435,39.9513508],[-2.5958662,39.9512363],[-2.595914,39.9511831],[-2.5960141,39.9510851],[-2.5960496,39.9510414],[-2.5960619,39.9510473],[-2.5962159,39.9512469]]]},"properties":{"category":"landuse","name":"","landuse":"farmland"}},{"type":"Feature","id":"way/806790805","geometry":{"type":"Polygon","coordinates":[[[-2.5957646,39.9519082],[-2.5957245,39.9519],[-2.5953687,39.9517653],[-2.5954041,39.9517358],[-2.5955535,39.9515563],[-2.5959017,39.9517098],[-2.5957646,39.9519082]]]},"properties":{"category":"landuse","name":"","landuse":"farmland"}},{"type":"Feature","id":"way/806790806","geometry":{"type":"Polygon","coordinates":[[[-2.5959017,39.9517098],[-2.5960249,39.9515103],[-2.5959587,39.9514902],[-2.5957245,39.9513815],[-2.5955535,39.9515563],[-2.5959017,39.9517098]]]},"properties":{"category":"landuse","name":"","landuse":"farmland"}},{"type":"Feature","id":"way/806790807","geometry":{"type":"Polygon","coordinates":[[[-2.5960249,39.9515103],[-2.5961435,39.9513508],[-2.5958662,39.9512363],[-2.5958216,39.951293],[-2.5957245,39.9513815],[-2.5959587,39.9514902],[-2.5960249,39.9515103]]]},"properties":{"category":"landuse","name":"","landuse":"farmland"}},{"type":"Feature","id":"way/806790808","geometry":{"type":"Polygon","coordinates":[[[-2.5955828,39.9521491],[-2.5956768,39.9520322],[-2.5956783,39.9520122],[-2.5957646,39.9519082],[-2.5957245,39.9519],[-2.5953687,39.9517653],[-2.5950775,39.9520346],[-2.5952516,39.9521491],[-2.5952734,39.9521251],[-2.5953143,39.952105],[-2.5953455,39.9520972],[-2.5955828,39.9521491]]]},"properties":{"category":"landuse","name":"","landuse":"greenfield"}},{"type":"Feature","id":"way/806790809","geometry":{"type":"Polygon","coordinates":[[[-2.5955868,39.9521323],[-2.5953588,39.9520798],[-2.5954554,39.9519616],[-2.595672,39.9520176],[-2.5955868,39.9521323]]]},"properties":{"category":"building","name":"","building":"farm_auxiliary","building_levels":"1","height":3.0,"height_estimated":false}},{"type":"Feature","id":"way/806790810","geometry":{"type":"Polygon","coordinates":[[[-2.5953147,39.9525235],[-2.5954028,39.9523909],[-2.5955828,39.9521491],[-2.5953455,39.9520972],[-2.5953143,39.952105],[-2.5952734,39.9521251],[-2.5952516,39.9521491],[-2.5951345,39.9524739],[-2.5953147,39.9525235]]]},"properties":{"category":"landuse","name":"","landuse":"farmland"}},{"type":"Feature","id":"way/806790811","geometry":{"type":"Polygon","coordinates":[[[-2.5951345,39.9524739],[-2.5949157,39.9524467],[-2.5947062,39.9524172],[-2.5950775,39.9520346],[-2.5952516,39.9521491],[-2.5951345,39.9524739]]]},"properties":{"category":"landuse","name":"","landuse":"farmland"}},{"type":"Feature","id":"way/806790812","geometry":{"type":"Polygon","coordinates":[[[-2.5958847,39.9530218],[-2.5957616,39.9529785],[-2.5955628,39.9529085],[-2.5955797,39.9528648],[-2.5955929,39.9528402],[-2.5956365,39.9527587],[-2.5958825,39.9528397],[-2.5959219,39.9528551],[-2.5959163,39.9529326],[-2.5958847,39.9530218]]]},"properties":{"category":"landuse","name":"","landuse":"farmland"}},{"type":"Feature","id":"way/806790813","geometry":{"type":"Polygon","coordinates":[[[-2.5956365,39.9527587],[-2.5956577,39.9527407],[-2.5957509,39.9525952],[-2.5957864,39.9525351],[-2.5956919,39.9525592],[-2.595657,39.952551],[-2.5955168,39.9525413],[-2.5953727,39.9525341],[-2.595312,39.952528],[-2.59521,39.9526947],[-2.5951992,39.9527148],[-2.5953779,39.9527821],[-2.5954965,39.9528187],[-2.5955797,39.9528648],[-2.5955929,39.9528402],[-2.5956365,39.9527587]]]},"properties":{"category":"landuse","name":"","landuse":"farmland"}},{"type":"Feature","id":"way/806790814","geometry":{"type":"Polygon","coordinates":[[[-2.5959219,39.9528551],[-2.5959333,39.9527159],[-2.5960006,39.9524263],[-2.5960032,39.952412],[-2.5959917,39.9524087],[-2.5957864,39.9525351],[-2.5957509,39.9525952],[-2.5956577,39.9527407],[-2.5956365,39.9527587],[-2.5959219,39.9528551]]]},"properties":{"category":"landuse","name":"","landuse":"farmland"}},{"type":"Feature","id":"way/806790815","geometry":{"type":"Polygon","coordinates":[[[-2.5957864,39.9525351],[-2.5956919,39.9525592],[-2.595657,39.952551],[-2.5955168,39.9525413],[-2.5953727,39.9525341],[-2.595312,39.952528],[-2.5953147,39.9525235],[-2.5955828,39.9521491],[-2.5956768,39.9520322],[-2.5956783,39.9520122],[-2.5957646,39.9519082],[-2.5959017,39.9517098],[-2.5960249,39.9515103],[-2.5960654,39.9515448],[-2.5961277,39.9515938],[-2.5961416,39.9515962],[-2.5961509,39.9515743],[-2.5962094,39.9514881],[-2.5961732,39.9516411],[-2.5961277,39.9518377],[-2.5960892,39.9520077],[-2.5960538,39.9521589],[-2.5960107,39.9522882],[-2.5959953,39.9523762],[-2.5959917,39.9524087],[-2.5957864,39.9525351]]]},"properties":{"category":"landuse","name":"","landuse":"farmland"}},{"type":"Feature","id":"way/806790816","geometry":{"type":"Polygon","coordinates":[[[-2.5962094,39.9514881],[-2.5962269,39.9513673],[-2.596233,39.9513026],[-2.5962159,39.9512469],[-2.5961435,39.9513508],[-2.5960249,39.9515103],[-2.5960654,39.9515448],[-2.5961277,39.9515938],[-2.5961416,39.9515962],[-2.5961509,39.9515743],[-2.5962094,39.9514881]]]},"properties":{"category":"landuse","name":"","landuse":"farmland"}},{"type":"Feature","id":"way/806790817","geometry":{"type":"LineString","coordinates":[[-2.5941722,39.9508672],[-2.5942024,39.9510138],[-2.5942086,39.9511485],[-2.5942485,39.951251],[-2.5942702,39.9513067],[-2.5943318,39.9514602],[-2.5943965,39.9515028],[-2.5945383,39.9515524],[-2.5946307,39.9515642]]},"properties":{"category":"road","name":"","highway":"track","surface":"dirt"}},{"type":"Feature","id":"way/806790818","geometry":{"type":"LineString","coordinates":[[-2.5939744,39.9516775],[-2.59411,39.9516468],[-2.5942117,39.9515925],[-2.594264,39.9515547],[-2.5943195,39.951498],[-2.5943318,39.9514602]]},"properties":{"category":"road","name":"","highway":"track"}},{"type":"Feature","id":"way/806790819","geometry":{"type":"LineString","coordinates":[[-2.592111,39.9524445],[-2.5931364,39.951413],[-2.5933212,39.9512713],[-2.5934168,39.9512524],[-2.593503,39.9512949],[-2.5935739,39.9513044],[-2.593617,39.951276],[-2.5936663,39.9512335],[-2.5937249,39.9511626],[-2.5937988,39.9511201],[-2.5938728,39.951113],[-2.5940206,39.9511556],[-2.5942485,39.951251]]},"properties":{"category":"road","name":"","highway":"path","surface":"dirt"}},{"type":"Feature","id":"way/806790820","geometry":{"type":"Polygon","coordinates":[[[-2.5926347,39.9507827],[-2.5921911,39.9511937],[-2.592074,39.9513496],[-2.5918121,39.9516141],[-2.5915995,39.9518149],[-2.5915102,39.9518999],[-2.5914085,39.9519188],[-2.5913684,39.9519046],[-2.5913099,39.9518668],[-2.591048,39.9514889],[-2.5921972,39.9504899],[-2.5926347,39.9507827]]]},"properties":{"category":"landuse","name":"","landuse":"farmland"}},{"type":"Feature","id":"way/806790821","geometry":{"type":"Polygon","coordinates":[[[-2.591048,39.9514889],[-2.5908323,39.9511654],[-2.5919199,39.9503009],[-2.5921972,39.9504899],[-2.591048,39.9514889]]]},"properties":{"category":"landuse","name":"","landuse":"farmland"}},{"type":"Feature","id":"way/806790822","geometry":{"type":"Polygon","coordinates":[[[-2.5908323,39.9511654],[-2.5906536,39.9509008],[-2.5905643,39.9507426],[-2.5913979,39.9502775],[-2.5914302,39.9502846],[-2.5916736,39.9501571],[-2.5919199,39.9503009],[-2.5908323,39.9511654]]]},"properties":{"category":"landuse","name":"","landuse":"farmland"}},{"type":"Feature","id":"way/806790823","geometry":{"type":"Polygon","coordinates":[[[-2.590442,39.9526383],[-2.5884217,39.9500276],[-2.5888354,39.9498751],[-2.5892768,39.9497115],[-2.589648,39.9495787],[-2.589868,39.9494841],[-2.5899472,39.9495263],[-2.5900147,39.9496928],[-2.5902225,39.9502028],[-2.5903996,39.9506373],[-2.5905188,39.9508931],[-2.5906351,39.9510962],[-2.5908832,39.9514274],[-2.5911583,39.9518018],[-2.5912466,39.9519721],[-2.5912842,39.9520379],[-2.5912198,39.9521818],[-2.5910857,39.9523504],[-2.5907799,39.9525108],[-2.590442,39.9526383]]]},"properties":{"category":"landuse","name":"","landuse":"farmland"}},{"type":"Feature","id":"way/806891608","geometry":{"type":"Polygon","coordinates":[[[-2.5960648,39.9462084],[-2.5960917,39.9461726],[-2.5958255,39.9460509],[-2.5959201,39.945922],[-2.5959646,39.9458685],[-2.5960337,39.9457853],[-2.5960882,39.9457197],[-2.5961591,39.945754],[-2.5962057,39.9457784],[-2.5962689,39.9458115],[-2.5963225,39.9458391],[-2.5963564,39.9458566],[-2.5964431,39.9459014],[-2.5964934,39.9459278],[-2.5965333,39.9459487],[-2.5964745,39.9460282],[-2.5965065,39.946041],[-2.5965155,39.9460446],[-2.5965356,39.9460152],[-2.5965288,39.9460097],[-2.5965708,39.9459609],[-2.5966159,39.9459838],[-2.5968412,39.9461001],[-2.5971868,39.9462684],[-2.5970911,39.9464188],[-2.5971249,39.9464322],[-2.5972113,39.946289],[-2.5973012,39.9463382],[-2.5971821,39.9465378],[-2.5972522,39.9465539],[-2.5972709,39.9465235],[-2.597237,39.9465127],[-2.5973281,39.9463579],[-2.597474,39.9464277],[-2.597495,39.9464617],[-2.5975289,39.9464546],[-2.5976421,39.9465083],[-2.5975522,39.9467383],[-2.5975382,39.9467356],[-2.5974448,39.9469638],[-2.5973911,39.9469621],[-2.5973164,39.946954],[-2.597195,39.946937],[-2.5969883,39.9468958],[-2.5967338,39.9467929],[-2.5965505,39.9467079],[-2.596317,39.9464635],[-2.5963404,39.9464223],[-2.5962376,39.9463704],[-2.5961734,39.9463149],[-2.5960648,39.9462084]]]},"properties":{"category":"landuse","name":"","landuse":"residential"}},{"type":"Feature","id":"way/806891609","geometry":{"type":"Polygon","coordinates":[[[-2.5966889,39.945512],[-2.5966744,39.9455268],[-2.596675,39.9455599],[-2.5966484,39.9455429],[-2.5966119,39.9455194],[-2.5966488,39.945485],[-2.5965735,39.9454335],[-2.5964368,39.9453378],[-2.5963573,39.9454107],[-2.5963202,39.9454448],[-2.5962875,39.9454749],[-2.5962143,39.945542],[-2.5961554,39.9456023],[-2.5961238,39.9456347],[-2.5962151,39.9456799],[-2.596278,39.945711],[-2.5963284,39.9457361],[-2.596384,39.9457638],[-2.5964183,39.9457251],[-2.596451,39.9456881],[-2.5964666,39.9456983],[-2.5964049,39.9457699],[-2.5964905,39.9458159],[-2.5965422,39.9458437],[-2.5966672,39.9459109],[-2.5967926,39.9459783],[-2.5968787,39.9460268],[-2.5969377,39.9460585],[-2.5970294,39.9461092],[-2.5970811,39.9461404],[-2.5971382,39.9461729],[-2.5972271,39.9462227],[-2.5972673,39.9462452],[-2.5973099,39.946269],[-2.5974336,39.946334],[-2.5975325,39.9463855],[-2.5976462,39.9464447],[-2.5976887,39.9463708],[-2.5977133,39.9463265],[-2.597725,39.9463061],[-2.5977771,39.9462147],[-2.5977807,39.9462047],[-2.5977803,39.9461971],[-2.597775,39.9461901],[-2.5977679,39.946184],[-2.59775,39.9461747],[-2.5977007,39.9461463],[-2.5976513,39.9461188],[-2.597607,39.9460941],[-2.5975437,39.9461575],[-2.5974811,39.9461178],[-2.5974959,39.9461044],[-2.5975193,39.9461178],[-2.5975843,39.946064],[-2.5975271,39.9460285],[-2.5975029,39.9460123],[-2.5974848,39.9460011],[-2.5974031,39.9459508],[-2.5973472,39.9459164],[-2.5972649,39.9458667],[-2.5971995,39.9458263],[-2.5971323,39.9457847],[-2.5970669,39.9457441],[-2.5969528,39.9456746],[-2.5969205,39.9456549],[-2.5968627,39.9456175],[-2.5968192,39.9455928],[-2.5967653,39.9455591],[-2.5966889,39.945512]]]},"properties":{"category":"landuse","name":"","landuse":"residential"}},{"type":"Feature","id":"way/806891610","geometry":{"type":"Polygon","coordinates":[[[-2.597345,39.945506],[-2.5973309,39.9454855],[-2.5973467,39.9454773],[-2.5974309,39.94544],[-2.59738,39.9453763],[-2.5974255,39.9453487],[-2.5974854,39.945313],[-2.5975082,39.9452994],[-2.5975415,39.9452796],[-2.5975439,39.9452848],[-2.5975586,39.9453181],[-2.5975963,39.9452982],[-2.5976899,39.9452487],[-2.5976665,39.9452213],[-2.5976203,39.9451621],[-2.5975954,39.9451326],[-2.5975516,39.9450809],[-2.5975241,39.9450524],[-2.5975003,39.9450276],[-2.5974127,39.9450697],[-2.5973067,39.9451222],[-2.5972585,39.9451461],[-2.597154,39.9451979],[-2.5970515,39.9452487],[-2.5969941,39.9452771],[-2.5969581,39.9452949],[-2.5968979,39.9453248],[-2.5966784,39.9454335],[-2.5967511,39.9454815],[-2.5967895,39.9455069],[-2.5968169,39.945525],[-2.5969377,39.9456048],[-2.5969819,39.945634],[-2.5970137,39.9456545],[-2.5970958,39.9457074],[-2.5971378,39.9457345],[-2.5971657,39.9457525],[-2.5973005,39.9458394],[-2.5973041,39.9458417],[-2.5973283,39.9458572],[-2.5973898,39.9458967],[-2.5974195,39.9459159],[-2.597521,39.9459811],[-2.5976754,39.9460803],[-2.5977067,39.9461004],[-2.597761,39.9461353],[-2.5978027,39.9461621],[-2.5978159,39.9461372],[-2.5978444,39.9460835],[-2.5978637,39.946047],[-2.5978807,39.946015],[-2.597882,39.9460126],[-2.5979182,39.9459634],[-2.5979074,39.945956],[-2.5978838,39.9459399],[-2.5978108,39.94589],[-2.5978375,39.945864],[-2.5978989,39.9458332],[-2.5979903,39.9457947],[-2.5979133,39.9456287],[-2.5979031,39.9456009],[-2.5978552,39.9455074],[-2.5978045,39.9455294],[-2.5976965,39.9455763],[-2.5977164,39.9456028],[-2.5976751,39.9456241],[-2.5976714,39.9456198],[-2.5976181,39.9455579],[-2.5975746,39.9455789],[-2.597568,39.9455821],[-2.597532,39.9455341],[-2.5975236,39.945523],[-2.5975342,39.9455187],[-2.5975715,39.9455035],[-2.597589,39.9455258],[-2.5976345,39.9455105],[-2.5976613,39.9455529],[-2.5977283,39.9455247],[-2.597772,39.9455064],[-2.5978388,39.9454784],[-2.5978224,39.9454405],[-2.597808,39.9454073],[-2.5978025,39.9453977],[-2.5977907,39.9453773],[-2.5977126,39.9452806],[-2.5976683,39.9453037],[-2.5976212,39.9453282],[-2.5975429,39.94537],[-2.5975213,39.9453369],[-2.5974669,39.9453647],[-2.5974188,39.9453893],[-2.5974335,39.9454089],[-2.5974649,39.9454509],[-2.5974353,39.9454645],[-2.5974096,39.9454764],[-2.597345,39.945506]]]},"properties":{"category":"landuse","name":"","landuse":"residential"}},{"type":"Feature","id":"way/807190882","geometry":{"type":"Polygon","coordinates":[[[-2.5967122,39.9484554],[-2.5967259,39.9484114],[-2.5966675,39.9483993],[-2.5966515,39.9484428],[-2.5967122,39.9484554]]]},"properties":{"category":"building","name":"","building":"house","building_levels":"1","height":3.0,"height_estimated":false}},{"type":"Feature","id":"way/807190883","geometry":{"type":"Polygon","coordinates":[[[-2.5967443,39.9484621],[-2.5967503,39.9484406],[-2.5967847,39.9484471],[-2.5967782,39.9484692],[-2.5967443,39.9484621]]]},"properties":{"category":"building","name":"","building":"house","building_levels":"1","height":3.0,"height_estimated":false}},{"type":"Feature","id":"way/807190884","geometry":{"type":"Polygon","coordinates":[[[-2.5967782,39.9484692],[-2.5969025,39.948495],[-2.5969246,39.9484309],[-2.5968845,39.9484223],[-2.5968936,39.9483943],[-2.5968839,39.9483919],[-2.5968911,39.9483724],[-2.5968139,39.9483585],[-2.5967981,39.948411],[-2.5968189,39.9484145],[-2.5968148,39.9484293],[-2.5967915,39.9484243],[-2.5967847,39.9484471],[-2.5967782,39.9484692]]]},"properties":{"category":"building","name":"","building":"house","building_levels":"2","height":6.0,"height_estimated":false}},{"type":"Feature","id":"way/807190885","geometry":{"type":"Polygon","coordinates":[[[-2.5969561,39.9484367],[-2.5969714,39.948388],[-2.5968911,39.9483724],[-2.5968839,39.9483919],[-2.5968936,39.9483943],[-2.5968845,39.9484223],[-2.5969246,39.9484309],[-2.5969561,39.9484367]]]},"properties":{"category":"building","name":"","building":"house","building_levels":"2","height":6.0,"height_estimated":false}},{"type":"Feature","id":"way/807190886","geometry":{"type":"Polygon","coordinates":[[[-2.5967488,39.9483463],[-2.596765,39.9482941],[-2.5968301,39.9483062],[-2.5968139,39.9483585],[-2.5967488,39.9483463]]]},"properties":{"category":"building","name":"","building":"house","building_levels":"1","height":3.0,"height_estimated":false}},{"type":"Feature","id":"way/807190887","geometry":{"type":"Polygon","coordinates":[[[-2.5969714,39.948388],[-2.5969866,39.9483405],[-2.5969514,39.9483334],[-2.5969149,39.9483261],[-2.5969063,39.9483557],[-2.5968959,39.9483538],[-2.5968911,39.9483724],[-2.5969714,39.948388]]]},"properties":{"category":"building","name":"","building":"house","building_levels":"2","height":6.0,"height_estimated":false}},{"type":"Feature","id":"way/807190888","geometry":{"type":"Polygon","coordinates":[[[-2.5968911,39.9483724],[-2.5968139,39.9483585],[-2.5968301,39.9483062],[-2.5968509,39.9483101],[-2.5968555,39.9482973],[-2.5968336,39.948293],[-2.5968468,39.9482505],[-2.5969703,39.9482739],[-2.5969514,39.9483334],[-2.5969149,39.9483261],[-2.5969063,39.9483557],[-2.5968959,39.9483538],[-2.5968911,39.9483724]]]},"properties":{"category":"building","name":"","building":"house","building_levels":"2","height":6.0,"height_estimated":false}},{"type":"Feature","id":"way/807190889","geometry":{"type":"Polygon","coordinates":[[[-2.5963953,39.9483895],[-2.5962448,39.9483582],[-2.5963888,39.9480591],[-2.5965327,39.9480958],[-2.5964212,39.9483341],[-2.5963953,39.9483895]]]},"properties":{"category":"building","name":"","building":"house","building_levels":"1","height":3.0,"height_estimated":false}},{"type":"Feature","id":"way/807190890","geometry":{"type":"Polygon","coordinates":[[[-2.5964212,39.9483341],[-2.5965748,39.9483769],[-2.5966888,39.9481365],[-2.5965327,39.9480958],[-2.5964212,39.9483341]]]},"properties":{"category":"landuse","name":"","surface":"paved","amenity":"parking"}},{"type":"Feature","id":"way/807190891","geometry":{"type":"Polygon","coordinates":[[[-2.5971301,39.948015],[-2.5969788,39.9479779],[-2.597008,39.9478964],[-2.597057,39.9479099],[-2.5971582,39.9479368],[-2.5971301,39.948015]]]},"properties":{"category":"building","name":"","building":"house","building_levels":"1","height":3.0,"height_estimated":false}},{"type":"Feature","id":"way/807190892","geometry":{"type":"Polygon","coordinates":[[[-2.5969012,39.9479542],[-2.5967681,39.947922],[-2.5967815,39.9478866],[-2.5967961,39.9478481],[-2.5968786,39.9478678],[-2.596931,39.9478803],[-2.5969012,39.9479542]]]},"properties":{"category":"building","name":"","building":"house","building_levels":"2","height":6.0,"height_estimated":false}},{"type":"Feature","id":"way/807190893","geometry":{"type":"Polygon","coordinates":[[[-2.5965627,39.9478582],[-2.5966397,39.9478781],[-2.5966537,39.9478427],[-2.5966192,39.9478159],[-2.5965838,39.9478073],[-2.5965627,39.9478582]]]},"properties":{"category":"building","name":"","building":"house","building_levels":"1","height":3.0,"height_estimated":false}},{"type":"Feature","id":"way/807190894","geometry":{"type":"Polygon","coordinates":[[[-2.5967681,39.947922],[-2.5967208,39.9479103],[-2.5967354,39.9478745],[-2.5967815,39.9478866],[-2.5967681,39.947922]]]},"properties":{"category":"building","name":"","building":"house","building_levels":"1","height":3.0,"height_estimated":false}},{"type":"Feature","id":"way/807190895","geometry":{"type":"Polygon","coordinates":[[[-2.596931,39.9478803],[-2.5969444,39.9478481],[-2.5968913,39.9478347],[-2.5968786,39.9478678],[-2.596931,39.9478803]]]},"properties":{"category":"building","name":"","building":"house","building_levels":"1","height":3.0,"height_estimated":false}},{"type":"Feature","id":"way/807190896","geometry":{"type":"Polygon","coordinates":[[[-2.5971582,39.9479368],[-2.5971778,39.9478805],[-2.5970792,39.9478557],[-2.597057,39.9479099],[-2.5971582,39.9479368]]]},"properties":{"category":"building","name":"","building":"house","building_levels":"1","height":3.0,"height_estimated":false}},{"type":"Feature","id":"way/807190897","geometry":{"type":"Polygon","coordinates":[[[-2.5971778,39.9478805],[-2.5972121,39.947782],[-2.5971072,39.9477554],[-2.5971006,39.9477727],[-2.5970714,39.9478531],[-2.5970792,39.9478557],[-2.5971778,39.9478805]]]},"properties":{"category":"building","name":"","building":"house","building_levels":"2","height":6.0,"height_estimated":false}},{"type":"Feature","id":"way/807190898","geometry":{"type":"Polygon","coordinates":[[[-2.5971006,39.9477727],[-2.597057,39.9477626],[-2.5970626,39.9477435],[-2.5971072,39.9477554],[-2.5971006,39.9477727]]]},"properties":{"category":"building","name":"","building":"house","building_levels":"1","height":3.0,"height_estimated":false}},{"type":"Feature","id":"way/807190899","geometry":{"type":"Polygon","coordinates":[[[-2.5972121,39.947782],[-2.5972297,39.9477313],[-2.5970855,39.947692],[-2.5970626,39.9477435],[-2.5971072,39.9477554],[-2.5972121,39.947782]]]},"properties":{"category":"building","name":"","building":"house","building_levels":"1","height":3.0,"height_estimated":false}},{"type":"Feature","id":"way/807190900","geometry":{"type":"Polygon","coordinates":[[[-2.5969224,39.947814],[-2.5969402,39.94777],[-2.5966906,39.9477041],[-2.5967125,39.9476542],[-2.5966607,39.9476414],[-2.596615,39.9477322],[-2.5969224,39.947814]]]},"properties":{"category":"building","name":"","building":"house","building_levels":"1","height":3.0,"height_estimated":false}},{"type":"Feature","id":"way/807190901","geometry":{"type":"Polygon","coordinates":[[[-2.5964226,39.9476718],[-2.5964487,39.9476059],[-2.5964884,39.9476153],[-2.5964599,39.9476835],[-2.5964226,39.9476718]]]},"properties":{"category":"building","name":"","building":"house","building_levels":"1","height":3.0,"height_estimated":false}},{"type":"Feature","id":"way/807190902","geometry":{"type":"Polygon","coordinates":[[[-2.596615,39.9477322],[-2.5965595,39.9477148],[-2.5966286,39.9475619],[-2.5966876,39.9475775],[-2.5966607,39.9476414],[-2.596615,39.9477322]]]},"properties":{"category":"building","name":"","building":"house","building_levels":"1","height":3.0,"height_estimated":false}},{"type":"Feature","id":"way/807190903","geometry":{"type":"Polygon","coordinates":[[[-2.5965413,39.9473845],[-2.5965026,39.9474766],[-2.5966022,39.9475019],[-2.5966431,39.9474106],[-2.5965413,39.9473845]]]},"properties":{"category":"building","name":"","building":"house","building_levels":"2","height":6.0,"height_estimated":false}},{"type":"Feature","id":"way/807190904","geometry":{"type":"Polygon","coordinates":[[[-2.5966022,39.9475019],[-2.5966424,39.9475132],[-2.5966551,39.9474844],[-2.596684,39.947421],[-2.5966431,39.9474106],[-2.5966022,39.9475019]]]},"properties":{"category":"building","name":"","building":"house","building_levels":"2","height":6.0,"height_estimated":false}},{"type":"Feature","id":"way/807190905","geometry":{"type":"Polygon","coordinates":[[[-2.5967227,39.9475031],[-2.5966551,39.9474844],[-2.596684,39.947421],[-2.5967515,39.9474383],[-2.5967227,39.9475031]]]},"properties":{"category":"building","name":"","building":"house","building_levels":"2","height":6.0,"height_estimated":false}},{"type":"Feature","id":"way/807190906","geometry":{"type":"Polygon","coordinates":[[[-2.5967227,39.9475031],[-2.5966876,39.9475775],[-2.5966286,39.9475619],[-2.5966215,39.9475592],[-2.5966424,39.9475132],[-2.5966551,39.9474844],[-2.5967227,39.9475031]]]},"properties":{"category":"building","name":"","building":"house","building_levels":"2","height":6.0,"height_estimated":false}},{"type":"Feature","id":"way/807190907","geometry":{"type":"Polygon","coordinates":[[[-2.5967445,39.9476624],[-2.5967725,39.9476005],[-2.5966876,39.9475775],[-2.5966607,39.9476414],[-2.5967125,39.9476542],[-2.5967445,39.9476624]]]},"properties":{"category":"building","name":"","building":"house","building_levels":"1","height":3.0,"height_estimated":false}},{"type":"Feature","id":"way/807190908","geometry":{"type":"Polygon","coordinates":[[[-2.5969432,39.9476527],[-2.5969193,39.9477064],[-2.5968842,39.9476975],[-2.5969056,39.9476433],[-2.5969432,39.9476527]]]},"properties":{"category":"building","name":"","building":"house","building_levels":"1","height":3.0,"height_estimated":false}},{"type":"Feature","id":"way/807190909","geometry":{"type":"Polygon","coordinates":[[[-2.5969081,39.9476199],[-2.5968177,39.9475892],[-2.5968522,39.9475237],[-2.5969442,39.9475483],[-2.5969168,39.9475985],[-2.5969081,39.9476199]]]},"properties":{"category":"building","name":"","building":"house","building_levels":"1","height":3.0,"height_estimated":false}},{"type":"Feature","id":"way/807190910","geometry":{"type":"Polygon","coordinates":[[[-2.5969442,39.9475483],[-2.596973,39.9474953],[-2.5968569,39.9474653],[-2.5968293,39.9475186],[-2.5968522,39.9475237],[-2.5969442,39.9475483]]]},"properties":{"category":"building","name":"","building":"house","building_levels":"2","height":6.0,"height_estimated":false}},{"type":"Feature","id":"way/807190911","geometry":{"type":"Polygon","coordinates":[[[-2.5969168,39.9475985],[-2.5970372,39.9476231],[-2.5970712,39.9475584],[-2.5970903,39.9475243],[-2.596973,39.9474953],[-2.5969442,39.9475483],[-2.5969168,39.9475985]]]},"properties":{"category":"building","name":"","building":"house","building_levels":"1","height":3.0,"height_estimated":false}},{"type":"Feature","id":"way/807190912","geometry":{"type":"Polygon","coordinates":[[[-2.5971687,39.9475844],[-2.5970712,39.9475584],[-2.5970903,39.9475243],[-2.5971786,39.9475461],[-2.5971687,39.9475844]]]},"properties":{"category":"building","name":"","building":"house","building_levels":"1","height":3.0,"height_estimated":false}},{"type":"Feature","id":"way/807190913","geometry":{"type":"Polygon","coordinates":[[[-2.5972509,39.9476683],[-2.597151,39.947647],[-2.5971687,39.9475844],[-2.5971786,39.9475461],[-2.5972831,39.947573],[-2.5972509,39.9476683]]]},"properties":{"category":"building","name":"","building":"house","building_levels":"2","height":6.0,"height_estimated":false}},{"type":"Feature","id":"way/807190914","geometry":{"type":"Polygon","coordinates":[[[-2.5972297,39.9477313],[-2.5970855,39.947692],[-2.5971032,39.9476367],[-2.597151,39.947647],[-2.5972509,39.9476683],[-2.5972297,39.9477313]]]},"properties":{"category":"building","name":"","building":"house","building_levels":"1","height":3.0,"height_estimated":false}},{"type":"Feature","id":"way/807190915","geometry":{"type":"Polygon","coordinates":[[[-2.595987,39.9473393],[-2.5960225,39.9473475],[-2.5960301,39.9473272],[-2.5960326,39.9473205],[-2.5959977,39.9473126],[-2.595987,39.9473393]]]},"properties":{"category":"building","name":"","building":"house","building_levels":"1","height":3.0,"height_estimated":false}},{"type":"Feature","id":"way/807190916","geometry":{"type":"Polygon","coordinates":[[[-2.5959696,39.9473863],[-2.5960413,39.9474048],[-2.5960681,39.9474126],[-2.5960846,39.9473696],[-2.5961077,39.947375],[-2.5961181,39.9473498],[-2.5960301,39.9473272],[-2.5960225,39.9473475],[-2.595987,39.9473393],[-2.5959696,39.9473863]]]},"properties":{"category":"building","name":"","building":"house","building_levels":"2","height":6.0,"height_estimated":false}},{"type":"Feature","id":"way/807190917","geometry":{"type":"Polygon","coordinates":[[[-2.5960681,39.9474126],[-2.5961161,39.9474246],[-2.5961315,39.9474293],[-2.5961449,39.9473933],[-2.5961825,39.9473997],[-2.5961955,39.9473704],[-2.5961328,39.9473534],[-2.5961181,39.9473498],[-2.5961077,39.947375],[-2.5960846,39.9473696],[-2.5960681,39.9474126]]]},"properties":{"category":"building","name":"","building":"house","building_levels":"2","height":6.0,"height_estimated":false}},{"type":"Feature","id":"way/807190918","geometry":{"type":"Polygon","coordinates":[[[-2.5961955,39.9473704],[-2.5961328,39.9473534],[-2.5961351,39.9473459],[-2.5961372,39.9473411],[-2.5962006,39.9473586],[-2.5961955,39.9473704]]]},"properties":{"category":"building","name":"","building":"house","building_levels":"1","height":3.0,"height_estimated":false}},{"type":"Feature","id":"way/807190919","geometry":{"type":"Polygon","coordinates":[[[-2.5962006,39.9473586],[-2.5962266,39.9472978],[-2.5961387,39.9472746],[-2.5961127,39.9473396],[-2.5961351,39.9473459],[-2.5961372,39.9473411],[-2.5962006,39.9473586]]]},"properties":{"category":"building","name":"","building":"house","building_levels":"2","height":6.0,"height_estimated":false}},{"type":"Feature","id":"way/807190920","geometry":{"type":"Polygon","coordinates":[[[-2.5961127,39.9473396],[-2.596044,39.9473208],[-2.5960303,39.9472928],[-2.5960475,39.9472505],[-2.5961387,39.9472746],[-2.5961127,39.9473396]]]},"properties":{"category":"building","name":"","building":"house","building_levels":"2","height":6.0,"height_estimated":false}},{"type":"Feature","id":"way/807190921","geometry":{"type":"Polygon","coordinates":[[[-2.5958658,39.9473054],[-2.595877,39.9473085],[-2.5958961,39.9473133],[-2.5959189,39.9472658],[-2.5958876,39.9472572],[-2.5958658,39.9473054]]]},"properties":{"category":"building","name":"","building":"house","building_levels":"1","height":3.0,"height_estimated":false}},{"type":"Feature","id":"way/807190922","geometry":{"type":"Polygon","coordinates":[[[-2.595987,39.9473393],[-2.5959344,39.9473249],[-2.5959555,39.9472761],[-2.5959189,39.9472658],[-2.5958876,39.9472572],[-2.5959081,39.9472145],[-2.5960231,39.947244],[-2.595987,39.9473393]]]},"properties":{"category":"building","name":"","building":"house","building_levels":"2","height":6.0,"height_estimated":false}},{"type":"Feature","id":"way/807190923","geometry":{"type":"Polygon","coordinates":[[[-2.5958296,39.9472463],[-2.5957911,39.9472385],[-2.5958062,39.9471972],[-2.5958458,39.9472061],[-2.5958296,39.9472463]]]},"properties":{"category":"building","name":"","building":"house","building_levels":"2","height":6.0,"height_estimated":false}},{"type":"Feature","id":"way/807190924","geometry":{"type":"Polygon","coordinates":[[[-2.595733,39.9472257],[-2.5956827,39.947214],[-2.5956978,39.9471728],[-2.5957484,39.9471842],[-2.595733,39.9472257]]]},"properties":{"category":"building","name":"","building":"house","building_levels":"2","height":6.0,"height_estimated":false}},{"type":"Feature","id":"way/807190925","geometry":{"type":"Polygon","coordinates":[[[-2.5957911,39.9472385],[-2.595738,39.9472269],[-2.595733,39.9472257],[-2.5957484,39.9471842],[-2.5958062,39.9471972],[-2.5957911,39.9472385]]]},"properties":{"category":"building","name":"","building":"house","building_levels":"3","height":9.0,"height_estimated":false}},{"type":"Feature","id":"way/807190926","geometry":{"type":"Polygon","coordinates":[[[-2.595686,39.9473531],[-2.59565,39.9473446],[-2.5956508,39.9473025],[-2.5957021,39.9473141],[-2.595686,39.9473531]]]},"properties":{"category":"building","name":"","building":"house","building_levels":"1","height":3.0,"height_estimated":false}},{"type":"Feature","id":"way/807190927","geometry":{"type":"Polygon","coordinates":[[[-2.5958111,39.9472922],[-2.5957815,39.947285],[-2.5957196,39.9472712],[-2.5957292,39.9472474],[-2.5958211,39.9472675],[-2.5958111,39.9472922]]]},"properties":{"category":"building","name":"","building":"house","building_levels":"1","height":3.0,"height_estimated":false}},{"type":"Feature","id":"way/807190928","geometry":{"type":"Polygon","coordinates":[[[-2.5958075,39.9473376],[-2.5958226,39.9473041],[-2.5958264,39.9472959],[-2.5958111,39.9472922],[-2.5957815,39.947285],[-2.5957637,39.947328],[-2.5958075,39.9473376]]]},"properties":{"category":"building","name":"","building":"house","building_levels":"1","height":3.0,"height_estimated":false}},{"type":"Feature","id":"way/807190929","geometry":{"type":"Polygon","coordinates":[[[-2.5957637,39.947328],[-2.5957021,39.9473141],[-2.5956508,39.9473025],[-2.5956827,39.947214],[-2.595733,39.9472257],[-2.595738,39.9472269],[-2.5957292,39.9472474],[-2.5957196,39.9472712],[-2.5957815,39.947285],[-2.5957637,39.947328]]]},"properties":{"category":"building","name":"","building":"house","building_levels":"2","height":6.0,"height_estimated":false}},{"type":"Feature","id":"way/807190930","geometry":{"type":"Polygon","coordinates":[[[-2.5958731,39.9473166],[-2.5958034,39.9474654],[-2.5957958,39.9474806],[-2.5957497,39.9474672],[-2.5957891,39.9473781],[-2.5958075,39.9473376],[-2.5958226,39.9473041],[-2.5958731,39.9473166]]]},"properties":{"category":"building","name":"","building":"house","building_levels":"1","height":3.0,"height_estimated":false}},{"type":"Feature","id":"way/807190931","geometry":{"type":"Polygon","coordinates":[[[-2.5957334,39.947503],[-2.5956482,39.9474829],[-2.59565,39.9473446],[-2.595686,39.9473531],[-2.5957891,39.9473781],[-2.5957495,39.9474668],[-2.5957334,39.947503]]]},"properties":{"category":"building","name":"","building":"house","building_levels":"1","height":3.0,"height_estimated":false}},{"type":"Feature","id":"way/807190932","geometry":{"type":"Polygon","coordinates":[[[-2.5957758,39.9475218],[-2.5957958,39.9474806],[-2.5957495,39.9474668],[-2.5957334,39.947503],[-2.5957294,39.947512],[-2.5957758,39.9475218]]]},"properties":{"category":"building","name":"","building":"house","building_levels":"1","height":3.0,"height_estimated":false}},{"type":"Feature","id":"way/807190933","geometry":{"type":"Polygon","coordinates":[[[-2.5957758,39.9475218],[-2.5957958,39.9474806],[-2.5958034,39.9474654],[-2.5959112,39.9474958],[-2.5958844,39.9475438],[-2.5957758,39.9475218]]]},"properties":{"category":"building","name":"","building":"house","building_levels":"1","height":3.0,"height_estimated":false}},{"type":"Feature","id":"way/807190934","geometry":{"type":"Polygon","coordinates":[[[-2.595936,39.9476076],[-2.5960317,39.9476191],[-2.5960463,39.9475808],[-2.5959503,39.9475591],[-2.5960413,39.9474048],[-2.5959696,39.9473863],[-2.5959112,39.9474958],[-2.5958844,39.9475438],[-2.5959444,39.9475694],[-2.595936,39.9476076]]]},"properties":{"category":"building","name":"","building":"house","building_levels":"1","height":3.0,"height_estimated":false}},{"type":"Feature","id":"way/807190935","geometry":{"type":"Polygon","coordinates":[[[-2.5955292,39.9476258],[-2.5955414,39.9475197],[-2.5952889,39.9474546],[-2.5952686,39.9474936],[-2.5950389,39.9474328],[-2.5950131,39.9474915],[-2.5955292,39.9476258]]]},"properties":{"category":"building","name":"","building":"house","building_levels":"1","height":3.0,"height_estimated":false}},{"type":"Feature","id":"way/807190936","geometry":{"type":"Polygon","coordinates":[[[-2.5950131,39.9474915],[-2.5946046,39.9473779],[-2.5946489,39.9473446],[-2.5947673,39.9473759],[-2.5948234,39.9473911],[-2.5948426,39.9473486],[-2.595054,39.9474036],[-2.5950389,39.9474328],[-2.5950131,39.9474915]]]},"properties":{"category":"building","name":"","building":"house","building_levels":"1","height":3.0,"height_estimated":false}},{"type":"Feature","id":"way/807190937","geometry":{"type":"Polygon","coordinates":[[[-2.5947673,39.9473759],[-2.5948508,39.947213],[-2.5948324,39.9472064],[-2.5949315,39.9471318],[-2.5949572,39.9471265],[-2.5948426,39.9473486],[-2.5948234,39.9473911],[-2.5947673,39.9473759]]]},"properties":{"category":"building","name":"","building":"house","building_levels":"2","height":6.0,"height_estimated":false}},{"type":"Feature","id":"way/807190938","geometry":{"type":"Polygon","coordinates":[[[-2.5950633,39.9473862],[-2.5949781,39.9473642],[-2.5950341,39.9472501],[-2.5951164,39.9472707],[-2.5950633,39.9473862]]]},"properties":{"category":"building","name":"","building":"house","building_levels":"1","height":3.0,"height_estimated":false}},{"type":"Feature","id":"way/807190939","geometry":{"type":"Polygon","coordinates":[[[-2.5951164,39.9472707],[-2.5951357,39.9472252],[-2.5950423,39.9472022],[-2.5950189,39.9472461],[-2.5950341,39.9472501],[-2.5951164,39.9472707]]]},"properties":{"category":"building","name":"","building":"house","building_levels":"1","height":3.0,"height_estimated":false}},{"type":"Feature","id":"way/807190940","geometry":{"type":"Polygon","coordinates":[[[-2.5949817,39.947121],[-2.5950264,39.9471321],[-2.5950428,39.9470968],[-2.5950711,39.9470359],[-2.5950319,39.9470333],[-2.5949817,39.947121]]]},"properties":{"category":"building","name":"","building":"house","building_levels":"1","height":3.0,"height_estimated":false}},{"type":"Feature","id":"way/807190941","geometry":{"type":"Polygon","coordinates":[[[-2.5950428,39.9470968],[-2.5950794,39.9471069],[-2.5951176,39.9470391],[-2.5950711,39.9470359],[-2.5950428,39.9470968]]]},"properties":{"category":"building","name":"","building":"house","building_levels":"2","height":6.0,"height_estimated":false}},{"type":"Feature","id":"way/807190942","geometry":{"type":"Polygon","coordinates":[[[-2.5952135,39.9471742],[-2.5951525,39.9471683],[-2.5951629,39.9471141],[-2.5952219,39.9471208],[-2.5952135,39.9471742]]]},"properties":{"category":"building","name":"","building":"house","building_levels":"1","height":3.0,"height_estimated":false}},{"type":"Feature","id":"way/807190943","geometry":{"type":"Polygon","coordinates":[[[-2.5952501,39.9471884],[-2.5952132,39.9471786],[-2.5952135,39.9471742],[-2.5952219,39.9471208],[-2.5952328,39.9470467],[-2.5953004,39.9470664],[-2.5953059,39.947069],[-2.595291,39.9471159],[-2.5952722,39.9471146],[-2.5952501,39.9471884]]]},"properties":{"category":"building","name":"","building":"house","height":2.5,"height_estimated":false}},{"type":"Feature","id":"way/807190944","geometry":{"type":"Polygon","coordinates":[[[-2.5952328,39.9470467],[-2.5951176,39.9470391],[-2.5950794,39.9471069],[-2.5951629,39.9471141],[-2.5952219,39.9471208],[-2.5952328,39.9470467]]]},"properties":{"category":"building","name":"","building":"house","building_levels":"2","height":6.0,"height_estimated":false}},{"type":"Feature","id":"way/807190945","geometry":{"type":"Polygon","coordinates":[[[-2.5955742,39.9472821],[-2.5954378,39.9472421],[-2.5954579,39.947184],[-2.5955075,39.9471984],[-2.5955147,39.9471475],[-2.5955986,39.9471612],[-2.5955742,39.9472821]]]},"properties":{"category":"building","name":"","building":"house","building_levels":"1","height":3.0,"height_estimated":false}},{"type":"Feature","id":"way/807190946","geometry":{"type":"Polygon","coordinates":[[[-2.5955075,39.9471984],[-2.5954579,39.947184],[-2.595421,39.9471737],[-2.5954431,39.9471245],[-2.5955147,39.9471475],[-2.5955075,39.9471984]]]},"properties":{"category":"building","name":"","building":"house","building_levels":"2","height":6.0,"height_estimated":false}},{"type":"Feature","id":"way/807190947","geometry":{"type":"Polygon","coordinates":[[[-2.5953949,39.9472305],[-2.5953352,39.9472125],[-2.5953483,39.9471814],[-2.5954096,39.9471982],[-2.5953949,39.9472305]]]},"properties":{"category":"building","name":"","building":"house","building_levels":"1","height":3.0,"height_estimated":false}},{"type":"Feature","id":"way/807190948","geometry":{"type":"Polygon","coordinates":[[[-2.5954096,39.9471982],[-2.595421,39.9471737],[-2.5954431,39.9471245],[-2.5953813,39.9471039],[-2.5953513,39.9471745],[-2.5953483,39.9471814],[-2.5954096,39.9471982]]]},"properties":{"category":"building","name":"","building":"house","building_levels":"2","height":6.0,"height_estimated":false}},{"type":"Feature","id":"way/807190949","geometry":{"type":"Polygon","coordinates":[[[-2.5953513,39.9471745],[-2.5953014,39.9471604],[-2.5953346,39.9470822],[-2.5953813,39.9471039],[-2.5953513,39.9471745]]]},"properties":{"category":"building","name":"","building":"house","building_levels":"1","height":3.0,"height_estimated":false}},{"type":"Feature","id":"way/807190950","geometry":{"type":"Polygon","coordinates":[[[-2.5952028,39.9472925],[-2.5951672,39.9472835],[-2.5952132,39.9471786],[-2.5952501,39.9471884],[-2.5952028,39.9472925]]]},"properties":{"category":"building","name":"","building":"house","building_levels":"1","height":3.0,"height_estimated":false}},{"type":"Feature","id":"way/807190951","geometry":{"type":"Polygon","coordinates":[[[-2.5955588,39.9473898],[-2.5954227,39.9473521],[-2.5954509,39.9472956],[-2.5955677,39.9473279],[-2.5955588,39.9473898]]]},"properties":{"category":"building","name":"","building":"house","building_levels":"2","height":6.0,"height_estimated":false}},{"type":"Feature","id":"way/807190952","geometry":{"type":"Polygon","coordinates":[[[-2.5955677,39.9473279],[-2.5954509,39.9472956],[-2.5954613,39.9472748],[-2.5953252,39.947237],[-2.5953352,39.9472125],[-2.5953949,39.9472305],[-2.5954378,39.9472421],[-2.5955742,39.9472821],[-2.5955677,39.9473279]]]},"properties":{"category":"building","name":"","building":"house","building_levels":"1","height":3.0,"height_estimated":false}},{"type":"Feature","id":"way/807190953","geometry":{"type":"LineString","coordinates":[[-2.5945291,39.9460702],[-2.5944467,39.9461753],[-2.5943865,39.9463343],[-2.5943314,39.9465193],[-2.5942951,39.9466447],[-2.5942644,39.9467239],[-2.5942581,39.9467843],[-2.5942901,39.9468204],[-2.5943718,39.9468771],[-2.5944909,39.9469054],[-2.5946305,39.9469203],[-2.5949182,39.946985],[-2.595022,39.9470106],[-2.5951815,39.9470162],[-2.5952147,39.9470182],[-2.5953518,39.947061],[-2.5955304,39.9471157],[-2.5956652,39.9471471],[-2.5958945,39.9471958],[-2.596278,39.9472895],[-2.5965273,39.9473555],[-2.5968833,39.9474391],[-2.5970397,39.947483],[-2.5973733,39.9475555]]},"properties":{"category":"road","name":"Calle Nuestra Señora de la Cabeza","highway":"residential"}},{"type":"Feature","id":"way/807190954","geometry":{"type":"LineString","coordinates":[[-2.5956199,39.9477231],[-2.5955989,39.9476243],[-2.5955992,39.9475574],[-2.5955995,39.9474431],[-2.5956187,39.9473281],[-2.5956399,39.9472393],[-2.5956652,39.9471471]]},"properties":{"category":"road","name":"Travesía Nuestra Señora de La Cabeza","highway":"track"}},{"type":"Feature","id":"way/807190955","geometry":{"type":"Polygon","coordinates":[[[-2.5921043,39.9523854],[-2.5933324,39.951151],[-2.5934024,39.951111],[-2.5934138,39.9510926],[-2.5934533,39.9510544],[-2.5936615,39.9508417],[-2.5938121,39.9506837],[-2.5939305,39.9505595],[-2.5937344,39.9504493],[-2.593573,39.9503804],[-2.5930351,39.9508878],[-2.5929961,39.9509448],[-2.5917327,39.9521928],[-2.5921043,39.9523854]]]},"properties":{"category":"landuse","name":"","landuse":"farmland"}},{"type":"Feature","id":"way/807190956","geometry":{"type":"Polygon","coordinates":[[[-2.5917327,39.9521928],[-2.59156,39.9520912],[-2.5915281,39.9520613],[-2.5915157,39.9520206],[-2.591521,39.9519826],[-2.5919068,39.9515947],[-2.592266,39.9512392],[-2.5924589,39.9510344],[-2.592781,39.9507224],[-2.5930358,39.9504646],[-2.5931384,39.950367],[-2.5932659,39.9502557],[-2.5933496,39.9502897],[-2.5934466,39.9503291],[-2.593573,39.9503804],[-2.5930351,39.9508878],[-2.5929961,39.9509448],[-2.5917327,39.9521928]]]},"properties":{"category":"landuse","name":"","landuse":"farmland"}},{"type":"Feature","id":"way/807190957","geometry":{"type":"Polygon","coordinates":[[[-2.5937313,39.9532808],[-2.5924784,39.9525998],[-2.5934658,39.9516339],[-2.5934694,39.951737],[-2.5935012,39.951794],[-2.5937773,39.9518727],[-2.5936215,39.9520925],[-2.5938941,39.9522064],[-2.5938268,39.9523204],[-2.5944214,39.9523122],[-2.5944179,39.9524126],[-2.5943683,39.9524994],[-2.5941064,39.9528223],[-2.5940462,39.9529389],[-2.5938941,39.9531261],[-2.5937313,39.9532808]]]},"properties":{"category":"landuse","name":"","landuse":"farmland"}},{"type":"Feature","id":"way/807190958","geometry":{"type":"Polygon","coordinates":[[[-2.5924784,39.9525998],[-2.5921043,39.9523854],[-2.5933324,39.951151],[-2.5935012,39.951246],[-2.5935614,39.951288],[-2.5934658,39.9516339],[-2.5924784,39.9525998]]]},"properties":{"category":"landuse","name":"","landuse":"farmland"}},{"type":"Feature","id":"way/807190959","geometry":{"type":"Polygon","coordinates":[[[-2.5905643,39.9507426],[-2.5905254,39.9506651],[-2.5902893,39.9501387],[-2.5907265,39.9501058],[-2.591212,39.9500565],[-2.5911825,39.9500852],[-2.5911584,39.9500914],[-2.5912013,39.9501387],[-2.5913515,39.95026],[-2.5913979,39.9502775],[-2.5905643,39.9507426]]]},"properties":{"category":"landuse","name":"","landuse":"farmland"}},{"type":"Feature","id":"way/807190960","geometry":{"type":"Polygon","coordinates":[[[-2.5902893,39.9501387],[-2.5902161,39.9499457],[-2.5914513,39.9497477],[-2.5914442,39.949707],[-2.5916637,39.9497545],[-2.5914159,39.9499267],[-2.591216,39.9500665],[-2.5911813,39.9500692],[-2.590726,39.9501047],[-2.5902893,39.9501387]]]},"properties":{"category":"landuse","name":"","landuse":"greenfield"}},{"type":"Feature","id":"way/807190961","geometry":{"type":"Polygon","coordinates":[[[-2.5911813,39.9500692],[-2.5911523,39.949886],[-2.5906975,39.9499254],[-2.590726,39.9501047],[-2.5911813,39.9500692]]]},"properties":{"category":"building","name":"","building":"farm_auxiliary","building_levels":"1","height":3.0,"height_estimated":false}},{"type":"Feature","id":"way/807190962","geometry":{"type":"Polygon","coordinates":[[[-2.5922939,39.9500091],[-2.5919595,39.9502682],[-2.5918409,39.9501908],[-2.59171,39.9501108],[-2.5914286,39.9502722],[-2.5914091,39.9502655],[-2.5913789,39.9502608],[-2.5912061,39.9501123],[-2.5914754,39.9499426],[-2.5916248,39.9498343],[-2.5916614,39.9498413],[-2.5917132,39.949846],[-2.5917376,39.9498623],[-2.5917661,39.9498647],[-2.5917935,39.9498545],[-2.5919175,39.949895],[-2.5919978,39.9499379],[-2.592137,39.9499745],[-2.5922939,39.9500091]]]},"properties":{"category":"landuse","name":"","landuse":"farmyard"}},{"type":"Feature","id":"way/807190963","geometry":{"type":"Polygon","coordinates":[[[-2.5915089,39.950201],[-2.5914566,39.9501512],[-2.5913593,39.9502134],[-2.5914097,39.9502617],[-2.5915089,39.950201]]]},"properties":{"category":"building","name":"","building":"farm_auxiliary","building_levels":"1","height":3.0,"height_estimated":false}},{"type":"Feature","id":"way/807190964","geometry":{"type":"Polygon","coordinates":[[[-2.5919595,39.9502682],[-2.5920833,39.9503575],[-2.5922337,39.9504495],[-2.5927056,39.9500443],[-2.5925538,39.9500372],[-2.5924557,39.9500228],[-2.5922939,39.9500091],[-2.5919595,39.9502682]]]},"properties":{"category":"landuse","name":"","landuse":"farmland"}},{"type":"Feature","id":"way/807190965","geometry":{"type":"Polygon","coordinates":[[[-2.5922337,39.9504495],[-2.5922888,39.9504954],[-2.5924849,39.9506127],[-2.592625,39.9504677],[-2.5926374,39.9504574],[-2.5927975,39.9503241],[-2.5928293,39.9502976],[-2.5931084,39.9500595],[-2.5928889,39.9500506],[-2.5927056,39.9500443],[-2.5922337,39.9504495]]]},"properties":{"category":"landuse","name":"","landuse":"farmland"}},{"type":"Feature","id":"way/807190966","geometry":{"type":"Polygon","coordinates":[[[-2.5924849,39.9506127],[-2.5925795,39.9506771],[-2.5926309,39.9507039],[-2.59266,39.9506896],[-2.5926892,39.9507048],[-2.5927254,39.9507227],[-2.5927546,39.9507066],[-2.5929379,39.9505223],[-2.5930593,39.9503925],[-2.5931772,39.9502806],[-2.5932531,39.9502063],[-2.5933687,39.9501276],[-2.5934913,39.9500497],[-2.593527,39.9500296],[-2.5935302,39.9500203],[-2.5935151,39.9500185],[-2.5934504,39.9500336],[-2.5933594,39.9500416],[-2.5932917,39.9500497],[-2.5932088,39.9500577],[-2.5931084,39.9500595],[-2.5927975,39.9503241],[-2.5926374,39.9504574],[-2.5924849,39.9506127]]]},"properties":{"category":"landuse","name":"","landuse":"farmland"}},{"type":"Feature","id":"way/807509060","geometry":{"type":"Polygon","coordinates":[[[-2.5978159,39.9461372],[-2.5977755,39.9461151],[-2.597761,39.9461353],[-2.5978027,39.9461621],[-2.5978159,39.9461372]]]},"properties":{"category":"building","name":"","building":"house","building_levels":"1","height":3.0,"height_estimated":false}},{"type":"Feature","id":"way/807509061","geometry":{"type":"Polygon","coordinates":[[[-2.5977067,39.9461004],[-2.597761,39.9461353],[-2.5977755,39.9461151],[-2.5978159,39.9461372],[-2.5978444,39.9460835],[-2.5977749,39.9460405],[-2.5977067,39.9461004]]]},"properties":{"category":"building","name":"","building":"house","building_levels":"2","height":6.0,"height_estimated":false}},{"type":"Feature","id":"way/807509062","geometry":{"type":"Polygon","coordinates":[[[-2.5976754,39.9460803],[-2.5977061,39.9460541],[-2.5976154,39.9459927],[-2.5976481,39.9459645],[-2.5976503,39.9459625],[-2.5977749,39.9460405],[-2.5977067,39.9461004],[-2.5976754,39.9460803]]]},"properties":{"category":"building","name":"","building":"house","building_levels":"2","height":6.0,"height_estimated":false}},{"type":"Feature","id":"way/807509063","geometry":{"type":"Polygon","coordinates":[[[-2.5976754,39.9460803],[-2.597521,39.9459811],[-2.597591,39.9459287],[-2.5976481,39.9459645],[-2.5976154,39.9459927],[-2.5977061,39.9460541],[-2.5976754,39.9460803]]]},"properties":{"category":"building","name":"","building":"house","building_levels":"2","height":6.0,"height_estimated":false}},{"type":"Feature","id":"way/807509064","geometry":{"type":"Polygon","coordinates":[[[-2.597521,39.9459811],[-2.5974195,39.9459159],[-2.5974997,39.9458558],[-2.5975513,39.9458924],[-2.5975968,39.9459231],[-2.597591,39.9459287],[-2.597521,39.9459811]]]},"properties":{"category":"building","name":"","building":"house","building_levels":"2","height":6.0,"height_estimated":false}},{"type":"Feature","id":"way/807509065","geometry":{"type":"Polygon","coordinates":[[[-2.5975513,39.9458924],[-2.5976318,39.9458266],[-2.597673,39.9458576],[-2.5976796,39.9458626],[-2.5975968,39.9459231],[-2.5975513,39.9458924]]]},"properties":{"category":"building","name":"","building":"house","building_levels":"2","height":6.0,"height_estimated":false}},{"type":"Feature","id":"way/807509066","geometry":{"type":"Polygon","coordinates":[[[-2.5977269,39.9458968],[-2.5977,39.9458768],[-2.5976796,39.9458626],[-2.597673,39.9458576],[-2.5977389,39.9458145],[-2.5977601,39.9458337],[-2.5977296,39.9458543],[-2.5977527,39.9458744],[-2.5977269,39.9458968]]]},"properties":{"category":"building","name":"","building":"ruins","building_levels":"1","height":3.0,"height_estimated":false}},{"type":"Feature","id":"way/807509067","geometry":{"type":"Polygon","coordinates":[[[-2.5977,39.9458768],[-2.5976418,39.9459222],[-2.5976742,39.9459426],[-2.5977258,39.9458995],[-2.5977269,39.9458968],[-2.5977,39.9458768]]]},"properties":{"category":"building","name":"","building":"house","building_levels":"1","height":3.0,"height_estimated":false}},{"type":"Feature","id":"way/807509068","geometry":{"type":"Polygon","coordinates":[[[-2.5978807,39.946015],[-2.5978624,39.9460014],[-2.5978349,39.9459808],[-2.5977658,39.9459291],[-2.5977536,39.94592],[-2.5977318,39.9459396],[-2.5977566,39.9459568],[-2.5977402,39.9459712],[-2.5978126,39.9460244],[-2.5978187,39.9460192],[-2.5978637,39.946047],[-2.5978807,39.946015]]]},"properties":{"category":"building","name":"","building":"house","building_levels":"1","height":3.0,"height_estimated":false}},{"type":"Feature","id":"way/807509069","geometry":{"type":"Polygon","coordinates":[[[-2.5978807,39.946015],[-2.597882,39.9460126],[-2.5979182,39.9459634],[-2.5979074,39.945956],[-2.5978624,39.9460014],[-2.5978807,39.946015]]]},"properties":{"category":"building","name":"","building":"house","building_levels":"2","height":6.0,"height_estimated":false}},{"type":"Feature","id":"way/807509070","geometry":{"type":"Polygon","coordinates":[[[-2.5978624,39.9460014],[-2.5978349,39.9459808],[-2.5978838,39.9459399],[-2.5979074,39.945956],[-2.5978624,39.9460014]]]},"properties":{"category":"building","name":"","building":"house","building_levels":"3","height":9.0,"height_estimated":false}},{"type":"Feature","id":"way/807509071","geometry":{"type":"Polygon","coordinates":[[[-2.5978349,39.9459808],[-2.5977658,39.9459291],[-2.5978108,39.94589],[-2.5978838,39.9459399],[-2.5978349,39.9459808]]]},"properties":{"category":"building","name":"","building":"house","building_levels":"3","height":9.0,"height_estimated":false}},{"type":"Feature","id":"way/807509072","geometry":{"type":"Polygon","coordinates":[[[-2.5977658,39.9459291],[-2.5977536,39.94592],[-2.5977258,39.9458995],[-2.5977269,39.9458968],[-2.5977527,39.9458744],[-2.5977674,39.9458619],[-2.5978108,39.94589],[-2.5977658,39.9459291]]]},"properties":{"category":"building","name":"","building":"house","building_levels":"2","height":6.0,"height_estimated":false}},{"type":"Feature","id":"way/807509073","geometry":{"type":"Polygon","coordinates":[[[-2.5978375,39.945864],[-2.5977546,39.9457069],[-2.5978146,39.9456766],[-2.5978989,39.9458332],[-2.5978375,39.945864]]]},"properties":{"category":"building","name":"","building":"house","building_levels":"1","height":3.0,"height_estimated":false}},{"type":"Feature","id":"way/807509074","geometry":{"type":"Polygon","coordinates":[[[-2.5978989,39.9458332],[-2.5979903,39.9457947],[-2.5979133,39.9456287],[-2.5978146,39.9456766],[-2.5978989,39.9458332]]]},"properties":{"category":"building","name":"","building":"house","building_levels":"3","height":9.0,"height_estimated":false}},{"type":"Feature","id":"way/807509075","geometry":{"type":"Polygon","coordinates":[[[-2.5977546,39.9457069],[-2.5977409,39.9456812],[-2.5978297,39.9456373],[-2.5979031,39.9456009],[-2.5979133,39.9456287],[-2.5978146,39.9456766],[-2.5977546,39.9457069]]]},"properties":{"category":"building","name":"","building":"house","building_levels":"1","height":3.0,"height_estimated":false}},{"type":"Feature","id":"way/807509076","geometry":{"type":"Polygon","coordinates":[[[-2.5978297,39.9456373],[-2.5977972,39.9455905],[-2.5978284,39.9455771],[-2.5978045,39.9455294],[-2.5978552,39.9455074],[-2.5979031,39.9456009],[-2.5978297,39.9456373]]]},"properties":{"category":"building","name":"","building":"house","building_levels":"2","height":6.0,"height_estimated":false}},{"type":"Feature","id":"way/807509077","geometry":{"type":"Polygon","coordinates":[[[-2.5978045,39.9455294],[-2.5978284,39.9455771],[-2.5977972,39.9455905],[-2.5977308,39.9456208],[-2.5977164,39.9456028],[-2.5976965,39.9455763],[-2.5978045,39.9455294]]]},"properties":{"category":"building","name":"","building":"house","building_levels":"2","height":6.0,"height_estimated":false}},{"type":"Feature","id":"way/807509078","geometry":{"type":"Polygon","coordinates":[[[-2.5977308,39.9456208],[-2.5977446,39.945638],[-2.5976198,39.9457018],[-2.597585,39.9456648],[-2.5976714,39.9456198],[-2.5976751,39.9456241],[-2.5977164,39.9456028],[-2.5977308,39.9456208]]]},"properties":{"category":"building","name":"","building":"house","building_levels":"1","height":3.0,"height_estimated":false}},{"type":"Feature","id":"way/807509079","geometry":{"type":"Polygon","coordinates":[[[-2.597585,39.9456648],[-2.5975414,39.9456175],[-2.5975846,39.9455926],[-2.5975746,39.9455789],[-2.5976181,39.9455579],[-2.5976714,39.9456198],[-2.597585,39.9456648]]]},"properties":{"category":"building","name":"","building":"house","building_levels":"2","height":6.0,"height_estimated":false}},{"type":"Feature","id":"way/807509080","geometry":{"type":"Polygon","coordinates":[[[-2.5974924,39.9458229],[-2.5974499,39.945792],[-2.5975183,39.9457337],[-2.5975605,39.945764],[-2.5974924,39.9458229]]]},"properties":{"category":"building","name":"","building":"house","building_levels":"2","height":6.0,"height_estimated":false}},{"type":"Feature","id":"way/807509081","geometry":{"type":"Polygon","coordinates":[[[-2.5975605,39.945764],[-2.597593,39.9457362],[-2.5975602,39.9457085],[-2.5975183,39.9457337],[-2.5975605,39.945764]]]},"properties":{"category":"building","name":"","building":"house","building_levels":"2","height":6.0,"height_estimated":false}},{"type":"Feature","id":"way/807509082","geometry":{"type":"Polygon","coordinates":[[[-2.5975183,39.9457337],[-2.5974884,39.945709],[-2.5975273,39.9456817],[-2.5975602,39.9457085],[-2.5975183,39.9457337]]]},"properties":{"category":"building","name":"","building":"house","building_levels":"1","height":3.0,"height_estimated":false}},{"type":"Feature","id":"way/807509083","geometry":{"type":"Polygon","coordinates":[[[-2.5973898,39.9458967],[-2.5974494,39.9458368],[-2.5973857,39.9457976],[-2.5973283,39.9458572],[-2.5973898,39.9458967]]]},"properties":{"category":"building","name":"","building":"house","building_levels":"2","height":6.0,"height_estimated":false}},{"type":"Feature","id":"way/807509084","geometry":{"type":"Polygon","coordinates":[[[-2.5973283,39.9458572],[-2.5973005,39.9458394],[-2.5973347,39.9458012],[-2.5973514,39.9457825],[-2.5973548,39.9457786],[-2.5973857,39.9457976],[-2.5973283,39.9458572]]]},"properties":{"category":"building","name":"","building":"house","building_levels":"2","height":6.0,"height_estimated":false}},{"type":"Feature","id":"way/807509085","geometry":{"type":"Polygon","coordinates":[[[-2.5973347,39.9458012],[-2.5972789,39.9457712],[-2.5972988,39.9457504],[-2.5973514,39.9457825],[-2.5973347,39.9458012]]]},"properties":{"category":"building","name":"","building":"house","building_levels":"1","height":3.0,"height_estimated":false}},{"type":"Feature","id":"way/807509086","geometry":{"type":"Polygon","coordinates":[[[-2.5973005,39.9458394],[-2.5971657,39.9457525],[-2.5971724,39.9457442],[-2.5972077,39.9457108],[-2.5972576,39.9456634],[-2.5972693,39.945652],[-2.5973093,39.9456734],[-2.5973475,39.9456947],[-2.5972988,39.9457504],[-2.5972789,39.9457712],[-2.5973347,39.9458012],[-2.5973005,39.9458394]]]},"properties":{"category":"building","name":"","building":"house","building_levels":"2","height":6.0,"height_estimated":false}},{"type":"Feature","id":"way/807509087","geometry":{"type":"Polygon","coordinates":[[[-2.5973093,39.9456734],[-2.597337,39.9456432],[-2.5973828,39.9456752],[-2.5974106,39.9456477],[-2.5973568,39.9456041],[-2.5973358,39.9455877],[-2.5972693,39.945652],[-2.5973093,39.9456734]]]},"properties":{"category":"building","name":"","building":"house","building_levels":"1","height":3.0,"height_estimated":false}},{"type":"Feature","id":"way/807509088","geometry":{"type":"Polygon","coordinates":[[[-2.5974794,39.945639],[-2.5974368,39.9455698],[-2.5974876,39.9455611],[-2.5975273,39.9456086],[-2.5974794,39.945639]]]},"properties":{"category":"building","name":"","building":"house","building_levels":"1","height":3.0,"height_estimated":false}},{"type":"Feature","id":"way/807509089","geometry":{"type":"Polygon","coordinates":[[[-2.5975273,39.9456086],[-2.597568,39.9455821],[-2.597532,39.9455341],[-2.5974876,39.9455611],[-2.5975273,39.9456086]]]},"properties":{"category":"building","name":"","building":"house","building_levels":"2","height":6.0,"height_estimated":false}},{"type":"Feature","id":"way/807509090","geometry":{"type":"Polygon","coordinates":[[[-2.5974368,39.9455698],[-2.5974266,39.9455528],[-2.5974062,39.9455602],[-2.5973819,39.9455264],[-2.5974298,39.9455065],[-2.5974578,39.9454951],[-2.5974721,39.94549],[-2.5975083,39.9455302],[-2.5975236,39.945523],[-2.597532,39.9455341],[-2.5974876,39.9455611],[-2.5974368,39.9455698]]]},"properties":{"category":"building","name":"","building":"house","building_levels":"2","height":6.0,"height_estimated":false}},{"type":"Feature","id":"way/807509091","geometry":{"type":"Polygon","coordinates":[[[-2.5973099,39.9453805],[-2.5972734,39.9453371],[-2.597337,39.9453074],[-2.5973647,39.9453396],[-2.5973726,39.9453492],[-2.5973621,39.9453544],[-2.5973192,39.9453759],[-2.5973099,39.9453805]]]},"properties":{"category":"building","name":"","building":"house","building_levels":"2","height":6.0,"height_estimated":false}},{"type":"Feature","id":"way/807509092","geometry":{"type":"Polygon","coordinates":[[[-2.59738,39.9453763],[-2.5973621,39.9453544],[-2.5973726,39.9453492],[-2.5973647,39.9453396],[-2.5973968,39.9453215],[-2.5974255,39.9453487],[-2.59738,39.9453763]]]},"properties":{"category":"building","name":"","building":"house","building_levels":"1","height":3.0,"height_estimated":false}},{"type":"Feature","id":"way/807509093","geometry":{"type":"Polygon","coordinates":[[[-2.5971829,39.9453946],[-2.5971444,39.9453519],[-2.5972062,39.9453188],[-2.5972418,39.9453626],[-2.5972121,39.9453787],[-2.5971829,39.9453946]]]},"properties":{"category":"building","name":"","building":"house","building_levels":"1","height":3.0,"height_estimated":false}},{"type":"Feature","id":"way/807509094","geometry":{"type":"Polygon","coordinates":[[[-2.5972144,39.9454291],[-2.5971826,39.945445],[-2.597156,39.9454141],[-2.5971855,39.9453987],[-2.5972144,39.9454291]]]},"properties":{"category":"building","name":"","building":"house","building_levels":"2","height":6.0,"height_estimated":false}},{"type":"Feature","id":"way/807509095","geometry":{"type":"Polygon","coordinates":[[[-2.5972144,39.9454291],[-2.597241,39.9454152],[-2.5972121,39.9453787],[-2.5971829,39.9453946],[-2.5971855,39.9453987],[-2.5972144,39.9454291]]]},"properties":{"category":"building","name":"","building":"house","building_levels":"1","height":3.0,"height_estimated":false}},{"type":"Feature","id":"way/807509096","geometry":{"type":"Polygon","coordinates":[[[-2.596936,39.9454559],[-2.5969082,39.945426],[-2.5969549,39.9453978],[-2.5969675,39.9454125],[-2.5969812,39.9454318],[-2.596936,39.9454559]]]},"properties":{"category":"building","name":"","building":"house","building_levels":"1","height":3.0,"height_estimated":false}},{"type":"Feature","id":"way/807509097","geometry":{"type":"Polygon","coordinates":[[[-2.5968251,39.9454743],[-2.5967895,39.9455069],[-2.5967511,39.9454815],[-2.5967941,39.9454521],[-2.5968251,39.9454743]]]},"properties":{"category":"building","name":"","building":"house","building_levels":"3","height":9.0,"height_estimated":false}},{"type":"Feature","id":"way/807509098","geometry":{"type":"Polygon","coordinates":[[[-2.5968251,39.9454743],[-2.5968671,39.9454508],[-2.5968361,39.9454242],[-2.5967941,39.9454521],[-2.5968251,39.9454743]]]},"properties":{"category":"building","name":"","building":"house","building_levels":"3","height":9.0,"height_estimated":false}},{"type":"Feature","id":"way/807509099","geometry":{"type":"Polygon","coordinates":[[[-2.5967895,39.9455069],[-2.5968169,39.945525],[-2.596863,39.9454949],[-2.5968974,39.9454763],[-2.5968671,39.9454508],[-2.5968251,39.9454743],[-2.5967895,39.9455069]]]},"properties":{"category":"building","name":"","building":"house","building_levels":"3","height":9.0,"height_estimated":false}},{"type":"Feature","id":"way/807509100","geometry":{"type":"Polygon","coordinates":[[[-2.5969377,39.9456048],[-2.5968169,39.945525],[-2.596863,39.9454949],[-2.5969701,39.9455716],[-2.5969377,39.9456048]]]},"properties":{"category":"building","name":"","building":"house","building_levels":"2","height":6.0,"height_estimated":false}},{"type":"Feature","id":"way/807509101","geometry":{"type":"Polygon","coordinates":[[[-2.5969675,39.9454125],[-2.5969549,39.9453978],[-2.5968979,39.9453248],[-2.5969581,39.9452949],[-2.5970232,39.9453676],[-2.5970343,39.9453808],[-2.5969675,39.9454125]]]},"properties":{"category":"building","name":"","building":"house","building_levels":"3","height":9.0,"height_estimated":false}},{"type":"Feature","id":"way/807509102","geometry":{"type":"Polygon","coordinates":[[[-2.5970232,39.9453676],[-2.5970486,39.9453537],[-2.5969987,39.9452973],[-2.5970081,39.9452924],[-2.5969941,39.9452771],[-2.5969581,39.9452949],[-2.5970232,39.9453676]]]},"properties":{"category":"building","name":"","building":"house","building_levels":"2","height":6.0,"height_estimated":false}},{"type":"Feature","id":"way/807509103","geometry":{"type":"Polygon","coordinates":[[[-2.5970486,39.9453537],[-2.5971152,39.945319],[-2.5970515,39.9452487],[-2.5969941,39.9452771],[-2.5970081,39.9452924],[-2.5969987,39.9452973],[-2.5970486,39.9453537]]]},"properties":{"category":"building","name":"","building":"house","building_levels":"2","height":6.0,"height_estimated":false}},{"type":"Feature","id":"way/807509104","geometry":{"type":"Polygon","coordinates":[[[-2.5971152,39.945319],[-2.5970515,39.9452487],[-2.597154,39.9451979],[-2.597196,39.9452472],[-2.5972124,39.9452666],[-2.5971152,39.945319]]]},"properties":{"category":"building","name":"","building":"house","building_levels":"2","height":6.0,"height_estimated":false}},{"type":"Feature","id":"way/807509105","geometry":{"type":"Polygon","coordinates":[[[-2.597196,39.9452472],[-2.5972573,39.9452152],[-2.5973005,39.9451919],[-2.5972585,39.9451461],[-2.597154,39.9451979],[-2.597196,39.9452472]]]},"properties":{"category":"building","name":"","building":"house","building_levels":"2","height":6.0,"height_estimated":false}},{"type":"Feature","id":"way/807509106","geometry":{"type":"Polygon","coordinates":[[[-2.5972369,39.9452948],[-2.5972124,39.9452666],[-2.597196,39.9452472],[-2.5972573,39.9452152],[-2.5972988,39.9452633],[-2.5972369,39.9452948]]]},"properties":{"category":"building","name":"","building":"house","building_levels":"2","height":6.0,"height_estimated":false}},{"type":"Feature","id":"way/807509107","geometry":{"type":"Polygon","coordinates":[[[-2.5972988,39.9452633],[-2.5973887,39.9452174],[-2.5973671,39.9451915],[-2.5973067,39.9451222],[-2.5972585,39.9451461],[-2.5973005,39.9451919],[-2.5972573,39.9452152],[-2.5972988,39.9452633]]]},"properties":{"category":"building","name":"","building":"house","building_levels":"2","height":6.0,"height_estimated":false}},{"type":"Feature","id":"way/807509108","geometry":{"type":"Polygon","coordinates":[[[-2.5973887,39.9452174],[-2.5973671,39.9451915],[-2.597417,39.9451639],[-2.5974246,39.9451762],[-2.5974365,39.9451937],[-2.5973887,39.9452174]]]},"properties":{"category":"building","name":"","building":"house","building_levels":"1","height":3.0,"height_estimated":false}},{"type":"Feature","id":"way/807509109","geometry":{"type":"Polygon","coordinates":[[[-2.5974462,39.9452071],[-2.5974365,39.9451937],[-2.5974246,39.9451762],[-2.5974543,39.9451621],[-2.597478,39.9451885],[-2.5974462,39.9452071]]]},"properties":{"category":"building","name":"","building":"house","building_levels":"1","height":3.0,"height_estimated":false}},{"type":"Feature","id":"way/807509110","geometry":{"type":"Polygon","coordinates":[[[-2.5973671,39.9451915],[-2.597417,39.9451639],[-2.5974511,39.9451474],[-2.5974467,39.9451335],[-2.59744,39.9451013],[-2.5974127,39.9450697],[-2.5973067,39.9451222],[-2.5973671,39.9451915]]]},"properties":{"category":"building","name":"","building":"house","building_levels":"2","height":6.0,"height_estimated":false}},{"type":"Feature","id":"way/807509111","geometry":{"type":"Polygon","coordinates":[[[-2.5974467,39.9451335],[-2.5974617,39.945126],[-2.5975516,39.9450809],[-2.5975291,39.9450547],[-2.5975241,39.9450524],[-2.59744,39.9451013],[-2.5974467,39.9451335]]]},"properties":{"category":"building","name":"","building":"house","building_levels":"2","height":6.0,"height_estimated":false}},{"type":"Feature","id":"way/807509112","geometry":{"type":"Polygon","coordinates":[[[-2.59744,39.9451013],[-2.5974127,39.9450697],[-2.5975003,39.9450276],[-2.5975241,39.9450524],[-2.59744,39.9451013]]]},"properties":{"category":"building","name":"","building":"house","building_levels":"1","height":3.0,"height_estimated":false}},{"type":"Feature","id":"way/807509113","geometry":{"type":"Polygon","coordinates":[[[-2.5975238,39.9452049],[-2.5975022,39.9451769],[-2.5975954,39.9451326],[-2.5976203,39.9451621],[-2.5975238,39.9452049]]]},"properties":{"category":"building","name":"","building":"house","building_levels":"2","height":6.0,"height_estimated":false}},{"type":"Feature","id":"way/807509114","geometry":{"type":"Polygon","coordinates":[[[-2.5975022,39.9451769],[-2.5974617,39.945126],[-2.5975516,39.9450809],[-2.5975954,39.9451326],[-2.5975022,39.9451769]]]},"properties":{"category":"building","name":"","building":"house","building_levels":"2","height":6.0,"height_estimated":false}},{"type":"Feature","id":"way/807509115","geometry":{"type":"Polygon","coordinates":[[[-2.5975743,39.9452695],[-2.5975238,39.9452049],[-2.5976203,39.9451621],[-2.5976665,39.9452213],[-2.5975743,39.9452695]]]},"properties":{"category":"building","name":"","building":"house","building_levels":"2","height":6.0,"height_estimated":false}},{"type":"Feature","id":"way/807509116","geometry":{"type":"Polygon","coordinates":[[[-2.5975963,39.9452982],[-2.5975743,39.9452695],[-2.5975439,39.9452848],[-2.5975586,39.9453181],[-2.5975963,39.9452982]]]},"properties":{"category":"building","name":"","building":"house","building_levels":"1","height":3.0,"height_estimated":false}},{"type":"Feature","id":"way/807509117","geometry":{"type":"Polygon","coordinates":[[[-2.5975963,39.9452982],[-2.5976899,39.9452487],[-2.5976665,39.9452213],[-2.5975743,39.9452695],[-2.5975963,39.9452982]]]},"properties":{"category":"building","name":"","building":"house","building_levels":"2","height":6.0,"height_estimated":false}},{"type":"Feature","id":"way/807509118","geometry":{"type":"Polygon","coordinates":[[[-2.5974854,39.945313],[-2.5974564,39.9452736],[-2.5974803,39.9452581],[-2.5975082,39.9452994],[-2.5974854,39.945313]]]},"properties":{"category":"building","name":"","building":"house","building_levels":"1","height":3.0,"height_estimated":false}},{"type":"Feature","id":"way/807509119","geometry":{"type":"Polygon","coordinates":[[[-2.5975082,39.9452994],[-2.5974803,39.9452581],[-2.5974791,39.9452557],[-2.5975165,39.9452331],[-2.5975415,39.9452796],[-2.5975082,39.9452994]]]},"properties":{"category":"building","name":"","building":"house","building_levels":"1","height":3.0,"height_estimated":false}},{"type":"Feature","id":"way/807509120","geometry":{"type":"Polygon","coordinates":[[[-2.5977283,39.9455247],[-2.5977053,39.9454843],[-2.5977468,39.945466],[-2.597772,39.9455064],[-2.5977283,39.9455247]]]},"properties":{"category":"building","name":"","building":"house","building_levels":"2","height":6.0,"height_estimated":false}},{"type":"Feature","id":"way/807509121","geometry":{"type":"Polygon","coordinates":[[[-2.597772,39.9455064],[-2.5978388,39.9454784],[-2.5978224,39.9454405],[-2.5977468,39.945466],[-2.597772,39.9455064]]]},"properties":{"category":"building","name":"","building":"house","building_levels":"3","height":9.0,"height_estimated":false}},{"type":"Feature","id":"way/807509122","geometry":{"type":"Polygon","coordinates":[[[-2.5977053,39.9454843],[-2.5976865,39.9454524],[-2.597808,39.9454073],[-2.5978224,39.9454405],[-2.5977468,39.945466],[-2.5977053,39.9454843]]]},"properties":{"category":"building","name":"","building":"house","building_levels":"2","height":6.0,"height_estimated":false}},{"type":"Feature","id":"way/807509123","geometry":{"type":"Polygon","coordinates":[[[-2.5977033,39.94541],[-2.5976738,39.9453673],[-2.5977039,39.9453554],[-2.5976924,39.9453389],[-2.5976683,39.9453037],[-2.5977126,39.9452806],[-2.5977907,39.9453773],[-2.5977033,39.94541]]]},"properties":{"category":"building","name":"","building":"house","building_levels":"2","height":6.0,"height_estimated":false}},{"type":"Feature","id":"way/807509124","geometry":{"type":"Polygon","coordinates":[[[-2.5976469,39.9453613],[-2.5976212,39.9453282],[-2.5976683,39.9453037],[-2.5976924,39.9453389],[-2.5976469,39.9453613]]]},"properties":{"category":"building","name":"","building":"house","building_levels":"2","height":6.0,"height_estimated":false}},{"type":"Feature","id":"way/807509125","geometry":{"type":"Polygon","coordinates":[[[-2.5977033,39.94541],[-2.5976873,39.9454154],[-2.5976677,39.9453883],[-2.5976568,39.945374],[-2.5976738,39.9453673],[-2.5977033,39.94541]]]},"properties":{"category":"building","name":"","building":"house","building_levels":"2","height":6.0,"height_estimated":false}},{"type":"Feature","id":"way/807509126","geometry":{"type":"Polygon","coordinates":[[[-2.597808,39.9454073],[-2.5976865,39.9454524],[-2.5976657,39.9454597],[-2.5976639,39.9454566],[-2.5976453,39.9454288],[-2.5976873,39.9454154],[-2.5977033,39.94541],[-2.5977907,39.9453773],[-2.5978025,39.9453977],[-2.597808,39.9454073]]]},"properties":{"category":"building","name":"","building":"house","building_levels":"2","height":6.0,"height_estimated":false}},{"type":"Feature","id":"way/807509127","geometry":{"type":"Polygon","coordinates":[[[-2.5976314,39.9454334],[-2.5976013,39.9454432],[-2.5975763,39.9454509],[-2.5975442,39.9453993],[-2.5975113,39.9454124],[-2.597486,39.9453859],[-2.5974669,39.9453647],[-2.5975213,39.9453369],[-2.5975429,39.94537],[-2.5976212,39.9453282],[-2.5976469,39.9453613],[-2.5976568,39.945374],[-2.5976677,39.9453883],[-2.5976174,39.94541],[-2.5976314,39.9454334]]]},"properties":{"category":"building","name":"","building":"house","building_levels":"3","height":9.0,"height_estimated":false}},{"type":"Feature","id":"way/807509128","geometry":{"type":"Polygon","coordinates":[[[-2.5974721,39.94549],[-2.5974578,39.9454951],[-2.5974353,39.9454645],[-2.5974649,39.9454509],[-2.5974335,39.9454089],[-2.597486,39.9453859],[-2.5975113,39.9454124],[-2.5975442,39.9453993],[-2.5975763,39.9454509],[-2.5974984,39.9454755],[-2.5975342,39.9455187],[-2.5975236,39.945523],[-2.5975083,39.9455302],[-2.5974721,39.94549]]]},"properties":{"category":"building","name":"","building":"house","building_levels":"2","height":6.0,"height_estimated":false}},{"type":"Feature","id":"way/807509129","geometry":{"type":"Polygon","coordinates":[[[-2.5974578,39.9454951],[-2.5974353,39.9454645],[-2.5974096,39.9454764],[-2.5974298,39.9455065],[-2.5974578,39.9454951]]]},"properties":{"category":"building","name":"","building":"house","building_levels":"1","height":3.0,"height_estimated":false}},{"type":"Feature","id":"way/807509130","geometry":{"type":"Polygon","coordinates":[[[-2.5975715,39.9455035],[-2.5975342,39.9455187],[-2.5974984,39.9454755],[-2.5975763,39.9454509],[-2.5976013,39.9454432],[-2.5976186,39.945474],[-2.5975661,39.945495],[-2.5975715,39.9455035]]]},"properties":{"category":"building","name":"","building":"house","building_levels":"2","height":6.0,"height_estimated":false}},{"type":"Feature","id":"way/807509131","geometry":{"type":"Polygon","coordinates":[[[-2.5976639,39.9454566],[-2.5976186,39.945474],[-2.5976013,39.9454432],[-2.5976314,39.9454334],[-2.5976453,39.9454288],[-2.5976639,39.9454566]]]},"properties":{"category":"building","name":"","building":"house","building_levels":"1","height":3.0,"height_estimated":false}},{"type":"Feature","id":"way/807509132","geometry":{"type":"Polygon","coordinates":[[[-2.5976613,39.9455529],[-2.5976345,39.9455105],[-2.597589,39.9455258],[-2.5975715,39.9455035],[-2.5975661,39.945495],[-2.5976186,39.945474],[-2.5976639,39.9454566],[-2.5976657,39.9454597],[-2.5976865,39.9454524],[-2.5977053,39.9454843],[-2.5977283,39.9455247],[-2.5976613,39.9455529]]]},"properties":{"category":"building","name":"","building":"house","building_levels":"2","height":6.0,"height_estimated":false}},{"type":"Feature","id":"way/807509133","geometry":{"type":"Polygon","coordinates":[[[-2.5973309,39.9454855],[-2.5973135,39.9454934],[-2.5972827,39.9454507],[-2.5973152,39.9454345],[-2.5973467,39.9454773],[-2.5973309,39.9454855]]]},"properties":{"category":"building","name":"","building":"house","building_levels":"1","height":3.0,"height_estimated":false}},{"type":"Feature","id":"way/807509134","geometry":{"type":"Polygon","coordinates":[[[-2.5973467,39.9454773],[-2.5974309,39.94544],[-2.59738,39.9453763],[-2.5973621,39.9453544],[-2.5973192,39.9453759],[-2.5973501,39.9454168],[-2.5973152,39.9454345],[-2.5973467,39.9454773]]]},"properties":{"category":"building","name":"","building":"house","building_levels":"2","height":6.0,"height_estimated":false}},{"type":"Feature","id":"way/807509135","geometry":{"type":"Polygon","coordinates":[[[-2.5973501,39.9454168],[-2.5973152,39.9454345],[-2.5972827,39.9454507],[-2.5972482,39.9454682],[-2.5972144,39.9454291],[-2.597241,39.9454152],[-2.5973099,39.9453805],[-2.5973192,39.9453759],[-2.5973501,39.9454168]]]},"properties":{"category":"building","name":"","building":"house","building_levels":"2","height":6.0,"height_estimated":false}},{"type":"Feature","id":"way/807509136","geometry":{"type":"Polygon","coordinates":[[[-2.5971704,39.9455726],[-2.5971311,39.9455471],[-2.5971596,39.9455242],[-2.5971952,39.945497],[-2.5972254,39.9455206],[-2.5971704,39.9455726]]]},"properties":{"category":"building","name":"","building":"house","building_levels":"1","height":3.0,"height_estimated":false}},{"type":"Feature","id":"way/807509137","geometry":{"type":"Polygon","coordinates":[[[-2.5971596,39.9455242],[-2.597114,39.9454955],[-2.5971242,39.9454845],[-2.5971526,39.9454613],[-2.5971952,39.945497],[-2.5971596,39.9455242]]]},"properties":{"category":"building","name":"","building":"house","building_levels":"1","height":3.0,"height_estimated":false}},{"type":"Feature","id":"way/807509138","geometry":{"type":"Polygon","coordinates":[[[-2.5970948,39.9455141],[-2.5970495,39.9454718],[-2.5970924,39.9454485],[-2.5971242,39.9454845],[-2.597114,39.9454955],[-2.5970948,39.9455141]]]},"properties":{"category":"building","name":"","building":"house","building_levels":"1","height":3.0,"height_estimated":false}},{"type":"Feature","id":"way/807509139","geometry":{"type":"Polygon","coordinates":[[[-2.5971952,39.945497],[-2.5972482,39.9454682],[-2.5972144,39.9454291],[-2.5971826,39.945445],[-2.597156,39.9454141],[-2.5970924,39.9454485],[-2.5971242,39.9454845],[-2.5971526,39.9454613],[-2.5971952,39.945497]]]},"properties":{"category":"building","name":"","building":"house","building_levels":"2","height":6.0,"height_estimated":false}},{"type":"Feature","id":"way/807509140","geometry":{"type":"Polygon","coordinates":[[[-2.5970958,39.9457074],[-2.5970137,39.9456545],[-2.5970472,39.9456218],[-2.5970773,39.9456388],[-2.5971164,39.9456003],[-2.5970922,39.9455815],[-2.5971311,39.9455471],[-2.5971704,39.9455726],[-2.5972083,39.9455978],[-2.5971996,39.9456046],[-2.5971864,39.9456184],[-2.5971039,39.9456994],[-2.5970958,39.9457074]]]},"properties":{"category":"building","name":"","building":"house","building_levels":"2","height":6.0,"height_estimated":false}},{"type":"Feature","id":"way/807509141","geometry":{"type":"Polygon","coordinates":[[[-2.5970137,39.9456545],[-2.5969377,39.9456048],[-2.5969701,39.9455716],[-2.5969713,39.9455685],[-2.5970274,39.9455558],[-2.5970802,39.945594],[-2.5970922,39.9455815],[-2.5971164,39.9456003],[-2.5970773,39.9456388],[-2.5970472,39.9456218],[-2.5970137,39.9456545]]]},"properties":{"category":"building","name":"","building":"house","building_levels":"2","height":6.0,"height_estimated":false}},{"type":"Feature","id":"way/807509142","geometry":{"type":"Polygon","coordinates":[[[-2.5971657,39.9457525],[-2.5971724,39.9457442],[-2.5971465,39.9457269],[-2.5971378,39.9457345],[-2.5971657,39.9457525]]]},"properties":{"category":"building","name":"","building":"house","height":2.5,"height_estimated":false}},{"type":"Feature","id":"way/807509143","geometry":{"type":"Polygon","coordinates":[[[-2.5971378,39.9457345],[-2.5970958,39.9457074],[-2.5971039,39.9456994],[-2.5971465,39.9457269],[-2.5971378,39.9457345]]]},"properties":{"category":"building","name":"","building":"house","building_levels":"1","height":3.0,"height_estimated":false}},{"type":"Feature","id":"way/807509144","geometry":{"type":"Polygon","coordinates":[[[-2.5971465,39.9457269],[-2.597181,39.9456943],[-2.5972077,39.9457108],[-2.5971724,39.9457442],[-2.5971465,39.9457269]]]},"properties":{"category":"building","name":"","building":"house","building_levels":"2","height":6.0,"height_estimated":false}},{"type":"Feature","id":"way/807509145","geometry":{"type":"Polygon","coordinates":[[[-2.5972214,39.9456412],[-2.5971864,39.9456184],[-2.5971996,39.9456046],[-2.5972367,39.9456297],[-2.5972214,39.9456412]]]},"properties":{"category":"building","name":"","building":"house","building_levels":"1","height":3.0,"height_estimated":false}},{"type":"Feature","id":"way/807509146","geometry":{"type":"Polygon","coordinates":[[[-2.5972077,39.9457108],[-2.597181,39.9456943],[-2.5971465,39.9457269],[-2.5971039,39.9456994],[-2.5971864,39.9456184],[-2.5972214,39.9456412],[-2.5972576,39.9456634],[-2.5972077,39.9457108]]]},"properties":{"category":"building","name":"","building":"house","building_levels":"2","height":6.0,"height_estimated":false}},{"type":"Feature","id":"way/807509147","geometry":{"type":"Polygon","coordinates":[[[-2.596278,39.945711],[-2.5963033,39.9456855],[-2.5962863,39.9456757],[-2.5963168,39.945636],[-2.5962977,39.9456259],[-2.5962611,39.9456075],[-2.5962294,39.9456414],[-2.5962416,39.9456479],[-2.5962151,39.9456799],[-2.596278,39.945711]]]},"properties":{"category":"building","name":"","building":"house","building_levels":"2","height":6.0,"height_estimated":false}},{"type":"Feature","id":"way/807509148","geometry":{"type":"Polygon","coordinates":[[[-2.5962151,39.9456799],[-2.5961238,39.9456347],[-2.5961554,39.9456023],[-2.596175,39.945613],[-2.5962001,39.9456268],[-2.5962294,39.9456414],[-2.5962416,39.9456479],[-2.5962151,39.9456799]]]},"properties":{"category":"building","name":"","building":"house","building_levels":"2","height":6.0,"height_estimated":false}},{"type":"Feature","id":"way/807509149","geometry":{"type":"Polygon","coordinates":[[[-2.5962977,39.9456259],[-2.5963252,39.9455941],[-2.5962911,39.9455742],[-2.5962876,39.9455781],[-2.5962611,39.9456075],[-2.5962977,39.9456259]]]},"properties":{"category":"building","name":"","building":"house","building_levels":"1","height":3.0,"height_estimated":false}},{"type":"Feature","id":"way/807509150","geometry":{"type":"Polygon","coordinates":[[[-2.5965251,39.9454799],[-2.5963874,39.9453857],[-2.5964368,39.9453378],[-2.5965735,39.9454335],[-2.5965251,39.9454799]]]},"properties":{"category":"building","name":"","building":"house","building_levels":"1","height":3.0,"height_estimated":false}},{"type":"Feature","id":"way/807509151","geometry":{"type":"Polygon","coordinates":[[[-2.5966552,39.9456621],[-2.5965797,39.9456166],[-2.5966066,39.9455868],[-2.5966519,39.9456159],[-2.5966839,39.9456345],[-2.5966552,39.9456621]]]},"properties":{"category":"building","name":"","building":"house","building_levels":"2","height":6.0,"height_estimated":false}},{"type":"Feature","id":"way/807509152","geometry":{"type":"Polygon","coordinates":[[[-2.5966744,39.9457293],[-2.5966177,39.9456964],[-2.5966552,39.9456621],[-2.5966839,39.9456345],[-2.5967143,39.9456056],[-2.5967653,39.9455591],[-2.5968192,39.9455928],[-2.5968038,39.9456083],[-2.5967086,39.9456973],[-2.5966744,39.9457293]]]},"properties":{"category":"building","name":"","building":"house","building_levels":"2","height":6.0,"height_estimated":false}},{"type":"Feature","id":"way/807509153","geometry":{"type":"Polygon","coordinates":[[[-2.5967086,39.9456973],[-2.5968108,39.945762],[-2.5968621,39.9457111],[-2.596905,39.9456695],[-2.5968038,39.9456083],[-2.5967086,39.9456973]]]},"properties":{"category":"building","name":"","building":"house","building_levels":"1","height":3.0,"height_estimated":false}},{"type":"Feature","id":"way/807509154","geometry":{"type":"Polygon","coordinates":[[[-2.5967849,39.9458708],[-2.5967294,39.9458429],[-2.5967429,39.9458281],[-2.596757,39.9458126],[-2.5967968,39.9458361],[-2.5968096,39.9458442],[-2.5967849,39.9458708]]]},"properties":{"category":"building","name":"","building":"house","building_levels":"2","height":6.0,"height_estimated":false}},{"type":"Feature","id":"way/807509155","geometry":{"type":"Polygon","coordinates":[[[-2.5967181,39.9458554],[-2.5966915,39.9458411],[-2.5967177,39.9458128],[-2.5967429,39.9458281],[-2.5967294,39.9458429],[-2.5967181,39.9458554]]]},"properties":{"category":"building","name":"","building":"house","building_levels":"1","height":3.0,"height_estimated":false}},{"type":"Feature","id":"way/807509156","geometry":{"type":"Polygon","coordinates":[[[-2.5968096,39.9458442],[-2.5968277,39.9458543],[-2.5968723,39.9458077],[-2.5968406,39.9457906],[-2.5967968,39.9458361],[-2.5968096,39.9458442]]]},"properties":{"category":"building","name":"","building":"house","building_levels":"1","height":3.0,"height_estimated":false}},{"type":"Feature","id":"way/807509157","geometry":{"type":"Polygon","coordinates":[[[-2.5971323,39.9457847],[-2.5971034,39.9458114],[-2.5970388,39.9457736],[-2.5970669,39.9457441],[-2.5971323,39.9457847]]]},"properties":{"category":"building","name":"","building":"house","building_levels":"2","height":6.0,"height_estimated":false}},{"type":"Feature","id":"way/807509158","geometry":{"type":"Polygon","coordinates":[[[-2.5971243,39.9459],[-2.5970538,39.9458601],[-2.597063,39.9458496],[-2.5971021,39.9458126],[-2.5971722,39.945853],[-2.5971243,39.9459]]]},"properties":{"category":"building","name":"","building":"house","building_levels":"3","height":9.0,"height_estimated":false}},{"type":"Feature","id":"way/807509159","geometry":{"type":"Polygon","coordinates":[[[-2.5971243,39.9459],[-2.597089,39.9459347],[-2.597142,39.9459654],[-2.5971545,39.9459525],[-2.5971405,39.9459432],[-2.5971624,39.9459226],[-2.5971243,39.9459]]]},"properties":{"category":"building","name":"","building":"house","building_levels":"1","height":3.0,"height_estimated":false}},{"type":"Feature","id":"way/807509160","geometry":{"type":"Polygon","coordinates":[[[-2.5971784,39.9460227],[-2.5971339,39.9459985],[-2.597148,39.9459697],[-2.5971651,39.9459695],[-2.5972061,39.945993],[-2.5971784,39.9460227]]]},"properties":{"category":"building","name":"","building":"house","building_levels":"1","height":3.0,"height_estimated":false}},{"type":"Feature","id":"way/807509161","geometry":{"type":"Polygon","coordinates":[[[-2.5971731,39.9460775],[-2.5971529,39.9460675],[-2.5971425,39.9460623],[-2.5971709,39.9460305],[-2.5972032,39.9460479],[-2.5971731,39.9460775]]]},"properties":{"category":"building","name":"","building":"house","building_levels":"1","height":3.0,"height_estimated":false}},{"type":"Feature","id":"way/807509162","geometry":{"type":"Polygon","coordinates":[[[-2.5971382,39.9461729],[-2.5971792,39.9461354],[-2.5971158,39.9461042],[-2.5970811,39.9461404],[-2.5971382,39.9461729]]]},"properties":{"category":"building","name":"","building":"house","building_levels":"2","height":6.0,"height_estimated":false}},{"type":"Feature","id":"way/807509163","geometry":{"type":"Polygon","coordinates":[[[-2.5973099,39.946269],[-2.5973827,39.9462107],[-2.5973911,39.9462036],[-2.5973449,39.9461769],[-2.5973354,39.9461847],[-2.5972673,39.9462452],[-2.5973099,39.946269]]]},"properties":{"category":"building","name":"","building":"house","building_levels":"2","height":6.0,"height_estimated":false}},{"type":"Feature","id":"way/807509164","geometry":{"type":"Polygon","coordinates":[[[-2.5975103,39.9462777],[-2.5974766,39.9462602],[-2.5975259,39.9462093],[-2.5975604,39.9462265],[-2.5975298,39.9462634],[-2.5975103,39.9462777]]]},"properties":{"category":"building","name":"","building":"house","building_levels":"1","height":3.0,"height_estimated":false}},{"type":"Feature","id":"way/807743314","geometry":{"type":"Polygon","coordinates":[[[-2.5963202,39.9454448],[-2.5963766,39.9454816],[-2.596414,39.9454473],[-2.5963573,39.9454107],[-2.5963202,39.9454448]]]},"properties":{"category":"building","name":"","building":"house","building_levels":"1","height":3.0,"height_estimated":false}},{"type":"Feature","id":"way/807743315","geometry":{"type":"Polygon","coordinates":[[[-2.5963766,39.9454816],[-2.5963556,39.9455033],[-2.5963212,39.9455413],[-2.5963539,39.9455597],[-2.5964111,39.9455051],[-2.5963766,39.9454816]]]},"properties":{"category":"building","name":"","building":"house","building_levels":"1","height":3.0,"height_estimated":false}},{"type":"Feature","id":"way/807743316","geometry":{"type":"Polygon","coordinates":[[[-2.5966119,39.9455194],[-2.5965825,39.9454996],[-2.5964923,39.9455861],[-2.5964423,39.9455584],[-2.5964623,39.945538],[-2.5965251,39.9454799],[-2.5965735,39.9454335],[-2.5966488,39.945485],[-2.5966119,39.9455194]]]},"properties":{"category":"building","name":"","building":"house","building_levels":"3","height":9.0,"height_estimated":false}},{"type":"Feature","id":"way/807743317","geometry":{"type":"Polygon","coordinates":[[[-2.596175,39.945613],[-2.5962054,39.9455811],[-2.5962301,39.9455935],[-2.5962578,39.9455631],[-2.5963079,39.9455226],[-2.5963167,39.9455271],[-2.5963406,39.9455064],[-2.5962875,39.9454749],[-2.5962143,39.945542],[-2.5961554,39.9456023],[-2.596175,39.945613]]]},"properties":{"category":"building","name":"","building":"house","building_levels":"2","height":6.0,"height_estimated":false}},{"type":"Feature","id":"way/807743318","geometry":{"type":"Polygon","coordinates":[[[-2.5962001,39.9456268],[-2.5962301,39.9455935],[-2.5962054,39.9455811],[-2.596175,39.945613],[-2.5962001,39.9456268]]]},"properties":{"category":"building","name":"","building":"house","building_levels":"1","height":3.0,"height_estimated":false}},{"type":"Feature","id":"way/807743319","geometry":{"type":"Polygon","coordinates":[[[-2.5962294,39.9456414],[-2.5962611,39.9456075],[-2.5962301,39.9455935],[-2.5962001,39.9456268],[-2.5962294,39.9456414]]]},"properties":{"category":"building","name":"","building":"house","building_levels":"1","height":3.0,"height_estimated":false}},{"type":"Feature","id":"way/807743320","geometry":{"type":"Polygon","coordinates":[[[-2.5966839,39.9456345],[-2.5966519,39.9456159],[-2.5966764,39.9455851],[-2.5966782,39.9455861],[-2.5967143,39.9456056],[-2.5966839,39.9456345]]]},"properties":{"category":"building","name":"","building":"house","building_levels":"2","height":6.0,"height_estimated":false}},{"type":"Feature","id":"way/807743321","geometry":{"type":"Polygon","coordinates":[[[-2.5966519,39.9456159],[-2.5966066,39.9455868],[-2.5966484,39.9455429],[-2.596675,39.9455599],[-2.5966762,39.9455647],[-2.5966764,39.9455851],[-2.5966519,39.9456159]]]},"properties":{"category":"building","name":"","building":"house","building_levels":"1","height":3.0,"height_estimated":false}},{"type":"Feature","id":"way/807743322","geometry":{"type":"Polygon","coordinates":[[[-2.5967143,39.9456056],[-2.5966782,39.9455861],[-2.5966762,39.9455647],[-2.5967001,39.9455425],[-2.5966744,39.9455268],[-2.5966889,39.945512],[-2.5967653,39.9455591],[-2.5967143,39.9456056]]]},"properties":{"category":"building","name":"","building":"house","building_levels":"2","height":6.0,"height_estimated":false}},{"type":"Feature","id":"way/807743323","geometry":{"type":"Polygon","coordinates":[[[-2.596384,39.9457638],[-2.5963284,39.9457361],[-2.596278,39.945711],[-2.5963033,39.9456855],[-2.5963444,39.9457014],[-2.5964183,39.9457251],[-2.596384,39.9457638]]]},"properties":{"category":"building","name":"","building":"house","building_levels":"2","height":6.0,"height_estimated":false}},{"type":"Feature","id":"way/807743324","geometry":{"type":"Polygon","coordinates":[[[-2.5965215,39.9457348],[-2.5964666,39.9456983],[-2.596451,39.9456881],[-2.5964626,39.9456461],[-2.5964987,39.9456066],[-2.5965566,39.9456399],[-2.5965378,39.9456611],[-2.5965757,39.9456843],[-2.5965215,39.9457348]]]},"properties":{"category":"building","name":"","building":"house","building_levels":"2","height":6.0,"height_estimated":false}},{"type":"Feature","id":"way/807749859","geometry":{"type":"Polygon","coordinates":[[[-2.5965558,39.945754],[-2.5964905,39.9458159],[-2.5964049,39.9457699],[-2.5964666,39.9456983],[-2.5965215,39.9457348],[-2.5965558,39.945754]]]},"properties":{"category":"building","name":"","building":"house","building_levels":"2","height":6.0,"height_estimated":false}},{"type":"Feature","id":"way/807749860","geometry":{"type":"Polygon","coordinates":[[[-2.5965422,39.9458437],[-2.5965628,39.9458217],[-2.5965593,39.9458196],[-2.5965905,39.9457871],[-2.5966255,39.9457543],[-2.5965832,39.9457284],[-2.5965558,39.945754],[-2.5964905,39.9458159],[-2.5965422,39.9458437]]]},"properties":{"category":"building","name":"","building":"house","building_levels":"2","height":6.0,"height_estimated":false}},{"type":"Feature","id":"way/807749861","geometry":{"type":"Polygon","coordinates":[[[-2.5965422,39.9458437],[-2.5966672,39.9459109],[-2.5967181,39.9458554],[-2.5966915,39.9458411],[-2.5965905,39.9457871],[-2.5965593,39.9458196],[-2.5965628,39.9458217],[-2.5965422,39.9458437]]]},"properties":{"category":"building","name":"","building":"house","building_levels":"2","height":6.0,"height_estimated":false}},{"type":"Feature","id":"way/807749862","geometry":{"type":"Polygon","coordinates":[[[-2.5966672,39.9459109],[-2.5967926,39.9459783],[-2.5968535,39.9459049],[-2.5967849,39.9458708],[-2.5967294,39.9458429],[-2.5967181,39.9458554],[-2.5966672,39.9459109]]]},"properties":{"category":"building","name":"","building":"house","building_levels":"3","height":9.0,"height_estimated":false}},{"type":"Feature","id":"way/807749863","geometry":{"type":"Polygon","coordinates":[[[-2.5968787,39.9460268],[-2.596914,39.9459888],[-2.5969398,39.9459793],[-2.5970111,39.9459253],[-2.5969556,39.9458934],[-2.5968932,39.9458589],[-2.5968535,39.9459049],[-2.5967926,39.9459783],[-2.5968787,39.9460268]]]},"properties":{"category":"building","name":"","building":"house","building_levels":"2","height":6.0,"height_estimated":false}},{"type":"Feature","id":"way/807749864","geometry":{"type":"Polygon","coordinates":[[[-2.5968787,39.9460268],[-2.5969377,39.9460585],[-2.5969745,39.9460153],[-2.596914,39.9459888],[-2.5968787,39.9460268]]]},"properties":{"category":"building","name":"","building":"house","building_levels":"2","height":6.0,"height_estimated":false}},{"type":"Feature","id":"way/807749865","geometry":{"type":"Polygon","coordinates":[[[-2.5970811,39.9461404],[-2.5971158,39.9461042],[-2.5971529,39.9460675],[-2.5971425,39.9460623],[-2.5971709,39.9460305],[-2.5971784,39.9460227],[-2.5971339,39.9459985],[-2.5971308,39.9459964],[-2.5970942,39.9460369],[-2.5970294,39.9461092],[-2.5970811,39.9461404]]]},"properties":{"category":"building","name":"","building":"house","height":2.5,"height_estimated":false}},{"type":"Feature","id":"way/807749866","geometry":{"type":"Polygon","coordinates":[[[-2.5970294,39.9461092],[-2.5969377,39.9460585],[-2.5969745,39.9460153],[-2.5970076,39.9459761],[-2.5970372,39.9459926],[-2.5970319,39.9460018],[-2.5970942,39.9460369],[-2.5970294,39.9461092]]]},"properties":{"category":"building","name":"","building":"house","building_levels":"2","height":6.0,"height_estimated":false}},{"type":"Feature","id":"way/807749867","geometry":{"type":"Polygon","coordinates":[[[-2.5972673,39.9462452],[-2.5972271,39.9462227],[-2.5972737,39.9461871],[-2.5972968,39.9461582],[-2.5973354,39.9461847],[-2.5972673,39.9462452]]]},"properties":{"category":"building","name":"","building":"house","building_levels":"2","height":6.0,"height_estimated":false}},{"type":"Feature","id":"way/807749868","geometry":{"type":"Polygon","coordinates":[[[-2.5972737,39.9461871],[-2.5972425,39.9461699],[-2.5972702,39.9461439],[-2.5972968,39.9461582],[-2.5972737,39.9461871]]]},"properties":{"category":"building","name":"","building":"house","building_levels":"1","height":3.0,"height_estimated":false}},{"type":"Feature","id":"way/807749869","geometry":{"type":"Polygon","coordinates":[[[-2.5972425,39.9461699],[-2.5972702,39.9461439],[-2.5973023,39.9461157],[-2.5972381,39.9460826],[-2.597185,39.9461385],[-2.5972425,39.9461699]]]},"properties":{"category":"building","name":"","building":"house","building_levels":"2","height":6.0,"height_estimated":false}},{"type":"Feature","id":"way/807749870","geometry":{"type":"Polygon","coordinates":[[[-2.5972271,39.9462227],[-2.5971382,39.9461729],[-2.5971792,39.9461354],[-2.597185,39.9461385],[-2.5972425,39.9461699],[-2.5972737,39.9461871],[-2.5972271,39.9462227]]]},"properties":{"category":"building","name":"","building":"house","building_levels":"3","height":9.0,"height_estimated":false}},{"type":"Feature","id":"way/807749871","geometry":{"type":"Polygon","coordinates":[[[-2.5974336,39.946334],[-2.5975103,39.9462777],[-2.5974766,39.9462602],[-2.5973827,39.9462107],[-2.5973099,39.946269],[-2.5974336,39.946334]]]},"properties":{"category":"building","name":"","building":"house","building_levels":"2","height":6.0,"height_estimated":false}},{"type":"Feature","id":"way/807749872","geometry":{"type":"Polygon","coordinates":[[[-2.5975325,39.9463855],[-2.5974336,39.946334],[-2.5975103,39.9462777],[-2.5975872,39.9463229],[-2.5975325,39.9463855]]]},"properties":{"category":"building","name":"","building":"house","building_levels":"2","height":6.0,"height_estimated":false}},{"type":"Feature","id":"way/807749873","geometry":{"type":"Polygon","coordinates":[[[-2.5976462,39.9464447],[-2.5975325,39.9463855],[-2.5975872,39.9463229],[-2.5976529,39.9463536],[-2.5976887,39.9463708],[-2.5976462,39.9464447]]]},"properties":{"category":"building","name":"","building":"house","height":2.5,"height_estimated":false}},{"type":"Feature","id":"way/807749874","geometry":{"type":"Polygon","coordinates":[[[-2.5976887,39.9463708],[-2.5977133,39.9463265],[-2.5976757,39.9463117],[-2.5976529,39.9463536],[-2.5976887,39.9463708]]]},"properties":{"category":"building","name":"","building":"house","building_levels":"1","height":3.0,"height_estimated":false}},{"type":"Feature","id":"way/807749875","geometry":{"type":"Polygon","coordinates":[[[-2.597725,39.9463061],[-2.5976377,39.9462697],[-2.5976503,39.9462553],[-2.5976754,39.946228],[-2.597701,39.9462332],[-2.59775,39.9461747],[-2.5977679,39.946184],[-2.597775,39.9461901],[-2.5977803,39.9461971],[-2.5977807,39.9462047],[-2.5977771,39.9462147],[-2.597725,39.9463061]]]},"properties":{"category":"building","name":"","building":"house","building_levels":"2","height":6.0,"height_estimated":false}},{"type":"Feature","id":"way/807749876","geometry":{"type":"Polygon","coordinates":[[[-2.5976503,39.9462553],[-2.5976161,39.946237],[-2.5977007,39.9461463],[-2.59775,39.9461747],[-2.597701,39.9462332],[-2.5976754,39.946228],[-2.5976503,39.9462553]]]},"properties":{"category":"building","name":"","building":"house","building_levels":"2","height":6.0,"height_estimated":false}},{"type":"Feature","id":"way/807749877","geometry":{"type":"Polygon","coordinates":[[[-2.5976161,39.946237],[-2.5975723,39.9462133],[-2.5975963,39.9461842],[-2.5976513,39.9461188],[-2.5977007,39.9461463],[-2.5976161,39.946237]]]},"properties":{"category":"building","name":"","building":"house","building_levels":"2","height":6.0,"height_estimated":false}},{"type":"Feature","id":"way/807749878","geometry":{"type":"Polygon","coordinates":[[[-2.5975963,39.9461842],[-2.5975437,39.9461575],[-2.597607,39.9460941],[-2.5976513,39.9461188],[-2.5975963,39.9461842]]]},"properties":{"category":"building","name":"","building":"house","building_levels":"1","height":3.0,"height_estimated":false}},{"type":"Feature","id":"way/807749879","geometry":{"type":"Polygon","coordinates":[[[-2.5973911,39.9462036],[-2.5974681,39.9461421],[-2.597422,39.9461162],[-2.5973449,39.9461769],[-2.5973911,39.9462036]]]},"properties":{"category":"building","name":"","building":"house","building_levels":"1","height":3.0,"height_estimated":false}},{"type":"Feature","id":"way/807749880","geometry":{"type":"Polygon","coordinates":[[[-2.5973715,39.9460918],[-2.5973298,39.9460727],[-2.5973505,39.9460508],[-2.5973922,39.9460739],[-2.5973715,39.9460918]]]},"properties":{"category":"building","name":"","building":"house","building_levels":"1","height":3.0,"height_estimated":false}},{"type":"Feature","id":"way/807749881","geometry":{"type":"Polygon","coordinates":[[[-2.5974763,39.9460748],[-2.5975271,39.9460285],[-2.5975029,39.9460123],[-2.5974527,39.9460501],[-2.5974459,39.9460551],[-2.5974763,39.9460748]]]},"properties":{"category":"building","name":"","building":"house","building_levels":"2","height":6.0,"height_estimated":false}},{"type":"Feature","id":"way/807749882","geometry":{"type":"Polygon","coordinates":[[[-2.5975029,39.9460123],[-2.5974848,39.9460011],[-2.597453,39.9460258],[-2.5974353,39.9460387],[-2.5974527,39.9460501],[-2.5975029,39.9460123]]]},"properties":{"category":"building","name":"","building":"house","building_levels":"2","height":6.0,"height_estimated":false}},{"type":"Feature","id":"way/807749883","geometry":{"type":"Polygon","coordinates":[[[-2.5974353,39.9460387],[-2.5973884,39.9460109],[-2.5973505,39.9460508],[-2.5973008,39.9460234],[-2.59728,39.9460088],[-2.5973218,39.9459781],[-2.5973532,39.945998],[-2.5973738,39.945978],[-2.597453,39.9460258],[-2.5974353,39.9460387]]]},"properties":{"category":"building","name":"","building":"house","building_levels":"2","height":6.0,"height_estimated":false}},{"type":"Feature","id":"way/807749884","geometry":{"type":"Polygon","coordinates":[[[-2.5974031,39.9459508],[-2.5973738,39.945978],[-2.5973532,39.945998],[-2.5973218,39.9459781],[-2.5972769,39.9459507],[-2.5972811,39.9459451],[-2.5973472,39.9459164],[-2.5974031,39.9459508]]]},"properties":{"category":"building","name":"","building":"house","building_levels":"3","height":9.0,"height_estimated":false}},{"type":"Feature","id":"way/807749885","geometry":{"type":"Polygon","coordinates":[[[-2.597453,39.9460258],[-2.5973738,39.945978],[-2.5974031,39.9459508],[-2.5974848,39.9460011],[-2.597453,39.9460258]]]},"properties":{"category":"building","name":"","building":"house","building_levels":"2","height":6.0,"height_estimated":false}},{"type":"Feature","id":"way/807749886","geometry":{"type":"Polygon","coordinates":[[[-2.5973218,39.9459781],[-2.59728,39.9460088],[-2.5972306,39.9459752],[-2.597247,39.9459591],[-2.5972676,39.9459385],[-2.5972811,39.9459451],[-2.5972769,39.9459507],[-2.5973218,39.9459781]]]},"properties":{"category":"building","name":"","building":"house","building_levels":"2","height":6.0,"height_estimated":false}},{"type":"Feature","id":"way/807749887","geometry":{"type":"Polygon","coordinates":[[[-2.597247,39.9459591],[-2.5972016,39.9459318],[-2.5972218,39.9459111],[-2.5972676,39.9459385],[-2.597247,39.9459591]]]},"properties":{"category":"building","name":"","building":"house","building_levels":"2","height":6.0,"height_estimated":false}},{"type":"Feature","id":"way/807749888","geometry":{"type":"Polygon","coordinates":[[[-2.5973472,39.9459164],[-2.5972649,39.9458667],[-2.597243,39.9458887],[-2.5972218,39.9459111],[-2.5972676,39.9459385],[-2.5972811,39.9459451],[-2.5973472,39.9459164]]]},"properties":{"category":"building","name":"","building":"house","building_levels":"3","height":9.0,"height_estimated":false}},{"type":"Feature","id":"way/807749889","geometry":{"type":"Polygon","coordinates":[[[-2.5971928,39.9459399],[-2.5971624,39.9459226],[-2.5971243,39.9459],[-2.5971722,39.945853],[-2.597176,39.9458495],[-2.597243,39.9458887],[-2.5972218,39.9459111],[-2.5971928,39.9459399]]]},"properties":{"category":"building","name":"","building":"house","building_levels":"3","height":9.0,"height_estimated":false}},{"type":"Feature","id":"way/807749890","geometry":{"type":"Polygon","coordinates":[[[-2.597243,39.9458887],[-2.597176,39.9458495],[-2.5971995,39.9458263],[-2.5972649,39.9458667],[-2.597243,39.9458887]]]},"properties":{"category":"building","name":"","building":"house","building_levels":"3","height":9.0,"height_estimated":false}},{"type":"Feature","id":"way/807749891","geometry":{"type":"Polygon","coordinates":[[[-2.5971995,39.9458263],[-2.597176,39.9458495],[-2.5971722,39.945853],[-2.5971021,39.9458126],[-2.5971034,39.9458114],[-2.5971323,39.9457847],[-2.5971995,39.9458263]]]},"properties":{"category":"building","name":"","building":"house","building_levels":"3","height":9.0,"height_estimated":false}},{"type":"Feature","id":"way/807749892","geometry":{"type":"Polygon","coordinates":[[[-2.597089,39.9459347],[-2.5970394,39.9459067],[-2.5970181,39.9458955],[-2.5970333,39.9458781],[-2.5970538,39.9458601],[-2.5971243,39.9459],[-2.597089,39.9459347]]]},"properties":{"category":"building","name":"","building":"house","building_levels":"1","height":3.0,"height_estimated":false}},{"type":"Feature","id":"way/807749893","geometry":{"type":"Polygon","coordinates":[[[-2.5969556,39.9458934],[-2.5969875,39.9458626],[-2.5969639,39.9458494],[-2.5970002,39.9458151],[-2.597063,39.9458496],[-2.5971021,39.9458126],[-2.5971034,39.9458114],[-2.5970388,39.9457736],[-2.5970079,39.9458055],[-2.5969615,39.9457775],[-2.5968932,39.9458589],[-2.5969556,39.9458934]]]},"properties":{"category":"building","name":"","building":"house","building_levels":"2","height":6.0,"height_estimated":false}},{"type":"Feature","id":"way/807749894","geometry":{"type":"Polygon","coordinates":[[[-2.5969528,39.9456746],[-2.5968978,39.9457311],[-2.5968621,39.9457111],[-2.596905,39.9456695],[-2.5969205,39.9456549],[-2.5969528,39.9456746]]]},"properties":{"category":"building","name":"","building":"house","building_levels":"1","height":3.0,"height_estimated":false}},{"type":"Feature","id":"way/807749895","geometry":{"type":"Polygon","coordinates":[[[-2.5969042,39.9457805],[-2.59687,39.9457596],[-2.5968941,39.9457355],[-2.5969288,39.9457572],[-2.5969042,39.9457805]]]},"properties":{"category":"building","name":"","building":"house","building_levels":"1","height":3.0,"height_estimated":false}},{"type":"Feature","id":"way/807749896","geometry":{"type":"Polygon","coordinates":[[[-2.5970669,39.9457441],[-2.5970388,39.9457736],[-2.5970079,39.9458055],[-2.5969615,39.9457775],[-2.5969288,39.9457572],[-2.5968941,39.9457355],[-2.5968978,39.9457311],[-2.5969528,39.9456746],[-2.5970669,39.9457441]]]},"properties":{"category":"building","name":"","building":"house","building_levels":"2","height":6.0,"height_estimated":false}},{"type":"Feature","id":"way/807749897","geometry":{"type":"Polygon","coordinates":[[[-2.5966159,39.9459838],[-2.5965805,39.9460327],[-2.5965356,39.9460152],[-2.5965288,39.9460097],[-2.5965708,39.9459609],[-2.5966159,39.9459838]]]},"properties":{"category":"building","name":"","building":"house","building_levels":"1","height":3.0,"height_estimated":false}},{"type":"Feature","id":"way/807749898","geometry":{"type":"Polygon","coordinates":[[[-2.5965805,39.9460327],[-2.5965256,39.9461052],[-2.5965345,39.9461097],[-2.5965004,39.9461487],[-2.5964451,39.9461229],[-2.5965065,39.946041],[-2.5965155,39.9460446],[-2.5965356,39.9460152],[-2.5965805,39.9460327]]]},"properties":{"category":"building","name":"","building":"house","building_levels":"2","height":6.0,"height_estimated":false}},{"type":"Feature","id":"way/807749899","geometry":{"type":"Polygon","coordinates":[[[-2.5964745,39.9460282],[-2.5964345,39.946011],[-2.5964934,39.9459278],[-2.5965333,39.9459487],[-2.5964745,39.9460282]]]},"properties":{"category":"building","name":"","building":"house","building_levels":"2","height":6.0,"height_estimated":false}},{"type":"Feature","id":"way/807749900","geometry":{"type":"Polygon","coordinates":[[[-2.5963367,39.9460207],[-2.5963171,39.9460487],[-2.5962666,39.9460216],[-2.5962879,39.9459959],[-2.5963367,39.9460207]]]},"properties":{"category":"building","name":"","building":"house","building_levels":"1","height":3.0,"height_estimated":false}},{"type":"Feature","id":"way/807749901","geometry":{"type":"Polygon","coordinates":[[[-2.5964345,39.946011],[-2.5964073,39.9460483],[-2.5964233,39.9460574],[-2.5963682,39.9461167],[-2.596294,39.9460816],[-2.5963171,39.9460487],[-2.5963367,39.9460207],[-2.5963498,39.9460274],[-2.5963781,39.9460411],[-2.5964079,39.9459999],[-2.5964345,39.946011]]]},"properties":{"category":"building","name":"","building":"house","building_levels":"2","height":6.0,"height_estimated":false}},{"type":"Feature","id":"way/807749902","geometry":{"type":"Polygon","coordinates":[[[-2.5964079,39.9459999],[-2.5963793,39.9459881],[-2.5963746,39.9459932],[-2.5963498,39.9460274],[-2.5963781,39.9460411],[-2.5964079,39.9459999]]]},"properties":{"category":"building","name":"","building":"house","building_levels":"2","height":6.0,"height_estimated":false}},{"type":"Feature","id":"way/807749903","geometry":{"type":"Polygon","coordinates":[[[-2.5964451,39.9461229],[-2.596428,39.9461445],[-2.5963982,39.9461304],[-2.5963682,39.9461167],[-2.5964233,39.9460574],[-2.5964073,39.9460483],[-2.5964345,39.946011],[-2.5964745,39.9460282],[-2.5965065,39.946041],[-2.5964451,39.9461229]]]},"properties":{"category":"building","name":"","building":"house","building_levels":"1","height":3.0,"height_estimated":false}},{"type":"Feature","id":"way/807749904","geometry":{"type":"Polygon","coordinates":[[[-2.5964431,39.9459014],[-2.596398,39.9459622],[-2.596351,39.945941],[-2.5963566,39.9459304],[-2.5963127,39.9459084],[-2.5963564,39.9458566],[-2.5964431,39.9459014]]]},"properties":{"category":"building","name":"","building":"house","building_levels":"2","height":6.0,"height_estimated":false}},{"type":"Feature","id":"way/807749905","geometry":{"type":"Polygon","coordinates":[[[-2.5963225,39.9458391],[-2.5962616,39.9459022],[-2.5962207,39.9458808],[-2.5962301,39.9458701],[-2.5962207,39.9458638],[-2.5962689,39.9458115],[-2.5963225,39.9458391]]]},"properties":{"category":"building","name":"","building":"house","building_levels":"2","height":6.0,"height_estimated":false}},{"type":"Feature","id":"way/807749906","geometry":{"type":"Polygon","coordinates":[[[-2.5961597,39.9458704],[-2.5961122,39.9459244],[-2.5960804,39.9459094],[-2.5961259,39.9458621],[-2.596132,39.9458556],[-2.5961597,39.9458704]]]},"properties":{"category":"building","name":"","building":"house","building_levels":"2","height":6.0,"height_estimated":false}},{"type":"Feature","id":"way/807749907","geometry":{"type":"Polygon","coordinates":[[[-2.596067,39.9459232],[-2.596055,39.9459375],[-2.5960304,39.9459262],[-2.5960449,39.945911],[-2.596067,39.9459232]]]},"properties":{"category":"building","name":"","building":"house","building_levels":"1","height":3.0,"height_estimated":false}},{"type":"Feature","id":"way/807749908","geometry":{"type":"Polygon","coordinates":[[[-2.596067,39.9459232],[-2.5960804,39.9459094],[-2.5961259,39.9458621],[-2.5960863,39.9458414],[-2.5960639,39.9458685],[-2.5960525,39.9458628],[-2.596021,39.9458989],[-2.5960449,39.945911],[-2.596067,39.9459232]]]},"properties":{"category":"building","name":"","building":"house","building_levels":"2","height":6.0,"height_estimated":false}},{"type":"Feature","id":"way/807749909","geometry":{"type":"Polygon","coordinates":[[[-2.5960863,39.9458414],[-2.5960639,39.9458685],[-2.5960525,39.9458628],[-2.5960352,39.9458535],[-2.5960555,39.9458276],[-2.5960863,39.9458414]]]},"properties":{"category":"building","name":"","building":"house","building_levels":"1","height":3.0,"height_estimated":false}},{"type":"Feature","id":"way/807749910","geometry":{"type":"Polygon","coordinates":[[[-2.596021,39.9458989],[-2.5959646,39.9458685],[-2.5960337,39.9457853],[-2.5960743,39.9458044],[-2.5960555,39.9458276],[-2.5960352,39.9458535],[-2.5960525,39.9458628],[-2.596021,39.9458989]]]},"properties":{"category":"building","name":"","building":"house","building_levels":"3","height":9.0,"height_estimated":false}},{"type":"Feature","id":"way/807749911","geometry":{"type":"Polygon","coordinates":[[[-2.5962057,39.9457784],[-2.5961463,39.9458404],[-2.596104,39.9458191],[-2.5961591,39.945754],[-2.5962057,39.9457784]]]},"properties":{"category":"building","name":"","building":"house","building_levels":"2","height":6.0,"height_estimated":false}},{"type":"Feature","id":"way/807749912","geometry":{"type":"Polygon","coordinates":[[[-2.5961591,39.945754],[-2.5960882,39.9457197],[-2.5960337,39.9457853],[-2.5960743,39.9458044],[-2.596104,39.9458191],[-2.5961591,39.945754]]]},"properties":{"category":"building","name":"","building":"house","building_levels":"3","height":9.0,"height_estimated":false}},{"type":"Feature","id":"way/807749913","geometry":{"type":"Polygon","coordinates":[[[-2.5963289,39.9461615],[-2.5962946,39.9461985],[-2.5962052,39.9461564],[-2.5962265,39.9461282],[-2.5962534,39.9461387],[-2.5962595,39.9461303],[-2.5963289,39.9461615]]]},"properties":{"category":"building","name":"","building":"house","building_levels":"1","height":3.0,"height_estimated":false}},{"type":"Feature","id":"way/807749914","geometry":{"type":"Polygon","coordinates":[[[-2.5954969,39.9464778],[-2.5952597,39.9463845],[-2.5950162,39.9462853],[-2.5947913,39.946225],[-2.5946758,39.9462073],[-2.5945849,39.946199],[-2.5944878,39.9461849],[-2.5945234,39.9461275],[-2.5945718,39.9460702],[-2.5946845,39.9459302],[-2.5948293,39.9460201],[-2.5949046,39.9460671],[-2.5951597,39.9461866],[-2.5951883,39.946149],[-2.5949332,39.9460331],[-2.594726,39.9458952],[-2.5947359,39.9458541],[-2.5949159,39.9456192],[-2.5953617,39.9458217],[-2.5957364,39.9460022],[-2.595754,39.9460385],[-2.5956411,39.9462609],[-2.5955234,39.9464686],[-2.5954969,39.9464778]]]},"properties":{"category":"landuse","name":"","landuse":"residential"}},{"type":"Feature","id":"way/807749915","geometry":{"type":"Polygon","coordinates":[[[-2.5944205,39.9464046],[-2.5945922,39.9464643],[-2.594847,39.9465578],[-2.5949208,39.9464211],[-2.5946552,39.9463532],[-2.5944635,39.9463028],[-2.5944205,39.9464046]]]},"properties":{"category":"landuse","name":"","landuse":"farmyard"}},{"type":"Feature","id":"way/807749916","geometry":{"type":"Polygon","coordinates":[[[-2.5945922,39.9464643],[-2.5946552,39.9463532],[-2.5949208,39.9464211],[-2.594847,39.9465578],[-2.5945922,39.9464643]]]},"properties":{"category":"building","name":"","building":"farm_auxiliary","building_levels":"1","height":3.0,"height_estimated":false}},{"type":"Feature","id":"way/807749917","geometry":{"type":"Polygon","coordinates":[[[-2.5949618,39.9469571],[-2.5950012,39.946892],[-2.5950308,39.9468478],[-2.5950549,39.9468138],[-2.5950763,39.9467881],[-2.5951045,39.9467583],[-2.5952158,39.9467984],[-2.5952386,39.9468066],[-2.5952695,39.9467676],[-2.5952963,39.9467347],[-2.5953405,39.946674],[-2.5953969,39.9466956],[-2.5953558,39.9467594],[-2.5953325,39.9467952],[-2.5953045,39.9468302],[-2.5952718,39.94687],[-2.5952198,39.9469358],[-2.5950972,39.9468973],[-2.5950885,39.9469192],[-2.5952046,39.9469532],[-2.5951842,39.9469931],[-2.5950459,39.9469546],[-2.5950336,39.9469787],[-2.5949618,39.9469571]]]},"properties":{"category":"landuse","name":"","landuse":"residential"}},{"type":"Feature","id":"way/807749918","geometry":{"type":"Polygon","coordinates":[[[-2.5949618,39.9469571],[-2.5946081,39.946875],[-2.5944337,39.9468555],[-2.5943949,39.946839],[-2.5943546,39.9468092],[-2.5943345,39.9467774],[-2.5943278,39.9467537],[-2.5943332,39.9467239],[-2.5943546,39.9466015],[-2.5944205,39.9464046],[-2.5945922,39.9464643],[-2.594847,39.9465578],[-2.5949208,39.9464211],[-2.5946552,39.9463532],[-2.5944635,39.9463028],[-2.5944878,39.9461849],[-2.5945849,39.946199],[-2.5946758,39.9462073],[-2.5947913,39.946225],[-2.5950162,39.9462853],[-2.5952597,39.9463845],[-2.5954969,39.9464778],[-2.5954986,39.9465049],[-2.5954543,39.9465707],[-2.5954007,39.9466735],[-2.5953969,39.9466956],[-2.5953405,39.946674],[-2.5952963,39.9467347],[-2.5952695,39.9467676],[-2.5952386,39.9468066],[-2.5952158,39.9467984],[-2.5951045,39.9467583],[-2.5950763,39.9467881],[-2.5950549,39.9468138],[-2.5950308,39.9468478],[-2.5950012,39.946892],[-2.5949618,39.9469571]]]},"properties":{"category":"landuse","name":"","landuse":"farmland"}},{"type":"Feature","id":"way/807966566","geometry":{"type":"Polygon","coordinates":[[[-2.5950224,39.9520221],[-2.594849,39.9521809],[-2.5946349,39.9524074],[-2.5945889,39.9524671],[-2.5945305,39.9524929],[-2.594465,39.9525675],[-2.5944384,39.9525648],[-2.5944225,39.9525336],[-2.5944667,39.9524698],[-2.5944791,39.9523952],[-2.5944827,39.9523355],[-2.594465,39.952288],[-2.5944437,39.9521374],[-2.5944066,39.9520045],[-2.5943853,39.9519801],[-2.594373,39.9519068],[-2.5944331,39.9519462],[-2.5946402,39.9519774],[-2.5949199,39.9520106],[-2.5950224,39.9520221]]]},"properties":{"category":"landuse","name":"","landuse":"farmland"}},{"type":"Feature","id":"way/807966567","geometry":{"type":"Polygon","coordinates":[[[-2.5943553,39.9519625],[-2.5943694,39.9520004],[-2.5943818,39.9520221],[-2.594419,39.9521686],[-2.5944278,39.9522663],[-2.5938987,39.9522867],[-2.59395,39.9522093],[-2.5939536,39.9521876],[-2.5939199,39.95217],[-2.5940757,39.9519475],[-2.5940934,39.9519408],[-2.594104,39.9519163],[-2.5943553,39.9519625]]]},"properties":{"category":"landuse","name":"","landuse":"farmland"}},{"type":"Feature","id":"way/807966568","geometry":{"type":"Polygon","coordinates":[[[-2.5939199,39.95217],[-2.5938863,39.9521592],[-2.5937023,39.9520913],[-2.5937023,39.9520778],[-2.5938474,39.9518689],[-2.594104,39.9519163],[-2.5939199,39.95217]]]},"properties":{"category":"landuse","name":"","landuse":"farmland"}},{"type":"Feature","id":"way/807966569","geometry":{"type":"Polygon","coordinates":[[[-2.5943553,39.9519625],[-2.5943358,39.9518878],[-2.594357,39.9517807],[-2.5943588,39.9516694],[-2.5943429,39.9515853],[-2.5942986,39.9514768],[-2.5942703,39.9514036],[-2.5940509,39.951607],[-2.5937791,39.9514358],[-2.5936457,39.9513574],[-2.5936014,39.9513195],[-2.5935448,39.9514958],[-2.5935289,39.951546],[-2.5935147,39.9516681],[-2.5935165,39.9517047],[-2.5935395,39.951759],[-2.5938474,39.9518689],[-2.5943553,39.9519625]]]},"properties":{"category":"landuse","name":"","landuse":"farmyard"}},{"type":"Feature","id":"way/807966570","geometry":{"type":"Polygon","coordinates":[[[-2.5942703,39.9514036],[-2.5942279,39.9512638],[-2.5942048,39.9511852],[-2.5941836,39.9511105],[-2.5941783,39.9510237],[-2.5940615,39.9509762],[-2.5938474,39.9508786],[-2.5937356,39.9510093],[-2.5936722,39.9510834],[-2.5935799,39.9511685],[-2.5935466,39.9512055],[-2.593612,39.9512516],[-2.5936014,39.9513195],[-2.5936457,39.9513574],[-2.5937791,39.9514358],[-2.5940509,39.951607],[-2.5942703,39.9514036]]]},"properties":{"category":"landuse","name":"","landuse":"farmland"}},{"type":"Feature","id":"way/807966571","geometry":{"type":"Polygon","coordinates":[[[-2.5941783,39.9510237],[-2.594173,39.9509681],[-2.5941677,39.9509057],[-2.5941323,39.950846],[-2.5941004,39.9507782],[-2.5940774,39.9507131],[-2.5940456,39.9506168],[-2.5938474,39.9508786],[-2.5941783,39.9510237]]]},"properties":{"category":"landuse","name":"","landuse":"farmland"}},{"type":"Feature","id":"way/807966572","geometry":{"type":"Polygon","coordinates":[[[-2.5940456,39.9506168],[-2.594035,39.9505462],[-2.5940509,39.9504689],[-2.5940668,39.950439],[-2.594035,39.9504662],[-2.5939872,39.9505137],[-2.5939305,39.9505595],[-2.5938121,39.9506837],[-2.5936615,39.9508417],[-2.5934533,39.9510544],[-2.5934138,39.9510926],[-2.5934024,39.951111],[-2.5935466,39.9512055],[-2.5935799,39.9511685],[-2.5936722,39.9510834],[-2.5937356,39.9510093],[-2.5938474,39.9508786],[-2.5940456,39.9506168]]]},"properties":{"category":"landuse","name":"","landuse":"farmyard"}},{"type":"Feature","id":"way/807966573","geometry":{"type":"Polygon","coordinates":[[[-2.5949199,39.9520106],[-2.5950773,39.9519041],[-2.5951162,39.9518594],[-2.5948596,39.9517522],[-2.5948401,39.9517508],[-2.5947322,39.9518702],[-2.5946402,39.9519774],[-2.5949199,39.9520106]]]},"properties":{"category":"landuse","name":"","landuse":"farmland"}},{"type":"Feature","id":"way/807966574","geometry":{"type":"Polygon","coordinates":[[[-2.5948401,39.9517508],[-2.5945234,39.9515935],[-2.5944437,39.9516979],[-2.5944207,39.9517291],[-2.594396,39.9517386],[-2.594373,39.9519068],[-2.5944331,39.9519462],[-2.5946402,39.9519774],[-2.5947322,39.9518702],[-2.5948401,39.9517508]]]},"properties":{"category":"landuse","name":"","landuse":"farmland"}},{"type":"Feature","id":"way/807966575","geometry":{"type":"Polygon","coordinates":[[[-2.5951162,39.9518594],[-2.5952949,39.9516939],[-2.5953091,39.9516776],[-2.595164,39.9516016],[-2.5950366,39.951527],[-2.5949251,39.9516437],[-2.5948861,39.9516789],[-2.5948401,39.9517508],[-2.5948596,39.9517522],[-2.5951162,39.9518594]]]},"properties":{"category":"landuse","name":"","landuse":"farmland"}},{"type":"Feature","id":"way/807966576","geometry":{"type":"Polygon","coordinates":[[[-2.5948401,39.9517508],[-2.5945234,39.9515935],[-2.5945411,39.9515731],[-2.5946508,39.9514361],[-2.5947092,39.9513696],[-2.5947393,39.9513384],[-2.5949764,39.951485],[-2.5949817,39.9514972],[-2.5950153,39.9515189],[-2.5950366,39.951527],[-2.5949251,39.9516437],[-2.5948861,39.9516789],[-2.5948401,39.9517508]]]},"properties":{"category":"landuse","name":"","landuse":"farmyard"}},{"type":"Feature","id":"way/807966577","geometry":{"type":"Polygon","coordinates":[[[-2.594396,39.9517386],[-2.5943924,39.9516315],[-2.5943641,39.9515189],[-2.594334,39.9514307],[-2.5942597,39.9512448],[-2.5942243,39.9511065],[-2.5942119,39.9509328],[-2.5942579,39.9509803],[-2.5942916,39.9510251],[-2.5944013,39.9511282],[-2.5944508,39.951158],[-2.5944827,39.9511797],[-2.5947393,39.9513384],[-2.5947092,39.9513696],[-2.5946508,39.9514361],[-2.5945411,39.9515731],[-2.5945234,39.9515935],[-2.5944437,39.9516979],[-2.5944207,39.9517291],[-2.594396,39.9517386]]]},"properties":{"category":"landuse","name":"","landuse":"greenfield"}},{"type":"Feature","id":"way/807966578","geometry":{"type":"Polygon","coordinates":[[[-2.5953091,39.9516776],[-2.5953374,39.9516423],[-2.5954524,39.9515311],[-2.5954949,39.9514795],[-2.5952949,39.951409],[-2.5951941,39.9513601],[-2.5950153,39.9515189],[-2.5950366,39.951527],[-2.5953091,39.9516776]]]},"properties":{"category":"landuse","name":"","landuse":"farmland"}},{"type":"Feature","id":"way/807966579","geometry":{"type":"Polygon","coordinates":[[[-2.5950153,39.9515189],[-2.5951941,39.9513601],[-2.5952153,39.9513425],[-2.5950932,39.9512408],[-2.5948702,39.9512123],[-2.5947092,39.951158],[-2.5945393,39.9510875],[-2.5944508,39.951158],[-2.5944827,39.9511797],[-2.5947393,39.9513384],[-2.5949764,39.951485],[-2.5949817,39.9514972],[-2.5950153,39.9515189]]]},"properties":{"category":"landuse","name":"","landuse":"farmland"}},{"type":"Feature","id":"way/807966580","geometry":{"type":"Polygon","coordinates":[[[-2.5944508,39.951158],[-2.5944013,39.9511282],[-2.5942916,39.9510251],[-2.5942579,39.9509803],[-2.5942119,39.9509328],[-2.5942845,39.9509586],[-2.5943995,39.9510197],[-2.5944915,39.9510644],[-2.5945393,39.9510875],[-2.5944508,39.951158]]]},"properties":{"category":"landuse","name":"","landuse":"farmland"}},{"type":"Feature","id":"way/807966581","geometry":{"type":"Polygon","coordinates":[[[-2.5947286,39.9509369],[-2.5946419,39.9510129],[-2.5945765,39.9510617],[-2.5944066,39.9509776],[-2.5943393,39.9509464],[-2.5942172,39.9508704],[-2.5943995,39.9507076],[-2.5945605,39.9508094],[-2.5946685,39.9508786],[-2.5947286,39.9509369]]]},"properties":{"category":"landuse","name":"","landuse":"greenfield"}},{"type":"Feature","id":"way/807966582","geometry":{"type":"Polygon","coordinates":[[[-2.5950366,39.9511892],[-2.5949675,39.9511309],[-2.5948189,39.9510102],[-2.5947286,39.9509369],[-2.5946419,39.9510129],[-2.5945765,39.9510617],[-2.5946632,39.9511038],[-2.5947977,39.9511512],[-2.5949233,39.951177],[-2.5950366,39.9511892]]]},"properties":{"category":"landuse","name":"","landuse":"farmland"}},{"type":"Feature","id":"way/807966583","geometry":{"type":"Polygon","coordinates":[[[-2.5950366,39.9511892],[-2.5951233,39.9512041],[-2.5951781,39.9512082],[-2.5953126,39.9511946],[-2.5954188,39.9511594],[-2.5954383,39.9511322],[-2.5954259,39.9511146],[-2.5953339,39.9510414],[-2.5953108,39.9510225],[-2.5952348,39.95096],[-2.5950755,39.9510644],[-2.5949675,39.9511309],[-2.5950366,39.9511892]]]},"properties":{"category":"landuse","name":"","landuse":"farmland"}},{"type":"Feature","id":"way/807966584","geometry":{"type":"Polygon","coordinates":[[[-2.5952153,39.9513425],[-2.5953551,39.9512204],[-2.5952701,39.9512448],[-2.5951905,39.9512448],[-2.5950932,39.9512408],[-2.5952153,39.9513425]]]},"properties":{"category":"landuse","name":"","landuse":"farmland"}},{"type":"Feature","id":"way/807966585","geometry":{"type":"Polygon","coordinates":[[[-2.5954949,39.9514795],[-2.5956648,39.9512896],[-2.595502,39.9512204],[-2.5954478,39.9512042],[-2.5954206,39.951196],[-2.5953763,39.9512028],[-2.5953551,39.9512204],[-2.5952153,39.9513425],[-2.5951941,39.9513601],[-2.5952949,39.951409],[-2.5954949,39.9514795]]]},"properties":{"category":"landuse","name":"","landuse":"farmland"}},{"type":"Feature","id":"way/807966586","geometry":{"type":"Polygon","coordinates":[[[-2.5954478,39.9512042],[-2.5955108,39.9511689],[-2.5956311,39.9511336],[-2.5957975,39.9510902],[-2.595932,39.9510536],[-2.5958612,39.9511119],[-2.5957674,39.951196],[-2.5956648,39.9512896],[-2.595502,39.9512204],[-2.5954478,39.9512042]]]},"properties":{"category":"landuse","name":"","landuse":"farmland"}},{"type":"Feature","id":"way/807966587","geometry":{"type":"Polygon","coordinates":[[[-2.5954188,39.9511594],[-2.5955515,39.95112],[-2.5957196,39.9510726],[-2.5958842,39.9510305],[-2.5959638,39.9510156],[-2.5959709,39.9510061],[-2.5956418,39.9508609],[-2.5954719,39.9507782],[-2.5952737,39.9506873],[-2.5950702,39.9508067],[-2.5951817,39.950922],[-2.5952348,39.95096],[-2.5953108,39.9510225],[-2.5953339,39.9510414],[-2.5954259,39.9511146],[-2.5954383,39.9511322],[-2.5954188,39.9511594]]]},"properties":{"category":"landuse","name":"","landuse":"farmland"}},{"type":"Feature","id":"way/807966588","geometry":{"type":"Polygon","coordinates":[[[-2.5950702,39.9508067],[-2.5949357,39.95069],[-2.5947924,39.9505421],[-2.5948764,39.9504629],[-2.5948826,39.9504567],[-2.5950879,39.9505231],[-2.5951303,39.9505394],[-2.5951817,39.9505937],[-2.5952365,39.9506208],[-2.5952808,39.950648],[-2.5952737,39.9506873],[-2.5950702,39.9508067]]]},"properties":{"category":"landuse","name":"","landuse":"greenfield"}},{"type":"Feature","id":"way/807966589","geometry":{"type":"Polygon","coordinates":[[[-2.5949675,39.9511309],[-2.5948189,39.9510102],[-2.5947286,39.9509369],[-2.5946685,39.9508786],[-2.5949357,39.95069],[-2.5950702,39.9508067],[-2.5951817,39.950922],[-2.5952348,39.95096],[-2.5949675,39.9511309]]]},"properties":{"category":"landuse","name":"","landuse":"greenfield"}},{"type":"Feature","id":"way/807966590","geometry":{"type":"Polygon","coordinates":[[[-2.5946685,39.9508786],[-2.5945605,39.9508094],[-2.5943995,39.9507076],[-2.5944384,39.9506724],[-2.5944544,39.9506398],[-2.5944986,39.9505991],[-2.5946614,39.9504499],[-2.5947056,39.9504078],[-2.5947233,39.9503875],[-2.5948764,39.9504629],[-2.5947924,39.9505421],[-2.5949357,39.95069],[-2.5946685,39.9508786]]]},"properties":{"category":"landuse","name":"","landuse":"greenfield"}},{"type":"Feature","id":"way/807966591","geometry":{"type":"Polygon","coordinates":[[[-2.5959709,39.9510061],[-2.5961656,39.9507605],[-2.5956541,39.9505381],[-2.5956506,39.9505557],[-2.5954719,39.9507782],[-2.5956418,39.9508609],[-2.5959709,39.9510061]]]},"properties":{"category":"landuse","name":"","landuse":"farmyard"}},{"type":"Feature","id":"way/807966592","geometry":{"type":"Polygon","coordinates":[[[-2.5952737,39.9506873],[-2.5952808,39.950648],[-2.5952365,39.9506208],[-2.5951817,39.9505937],[-2.5951303,39.9505394],[-2.5950879,39.9505231],[-2.5948826,39.9504567],[-2.5951923,39.950165],[-2.5952418,39.9501854],[-2.5953073,39.9502206],[-2.5953958,39.950264],[-2.5955958,39.9503631],[-2.5955497,39.9504173],[-2.5955055,39.9504675],[-2.5955126,39.9504879],[-2.5955551,39.9504974],[-2.5955922,39.9505014],[-2.5956541,39.9505381],[-2.5956506,39.9505557],[-2.5954719,39.9507782],[-2.5952737,39.9506873]]]},"properties":{"category":"landuse","name":"","landuse":"farmland"}},{"type":"Feature","id":"way/807966593","geometry":{"type":"Polygon","coordinates":[[[-2.5948826,39.9504567],[-2.5948764,39.9504629],[-2.5947233,39.9503875],[-2.5950596,39.9500823],[-2.5951923,39.950165],[-2.5948826,39.9504567]]]},"properties":{"category":"landuse","name":"","landuse":"orchard"}},{"type":"Feature","id":"way/807966594","geometry":{"type":"Polygon","coordinates":[[[-2.5947233,39.9503875],[-2.5947056,39.9504078],[-2.5946614,39.9504499],[-2.5946313,39.9504228],[-2.5943146,39.9502925],[-2.5944791,39.950146],[-2.5945641,39.9500701],[-2.5946561,39.9499832],[-2.594741,39.9499127],[-2.5949127,39.9497797],[-2.5949746,39.9498259],[-2.595118,39.9498842],[-2.5952383,39.9499181],[-2.5952471,39.9499276],[-2.5952117,39.9499547],[-2.5950596,39.9500823],[-2.5947233,39.9503875]]]},"properties":{"category":"landuse","name":"","landuse":"farmland"}},{"type":"Feature","id":"way/807966595","geometry":{"type":"Polygon","coordinates":[[[-2.5950596,39.9500823],[-2.5951923,39.950165],[-2.5952418,39.9501854],[-2.5953073,39.9502206],[-2.5953958,39.950264],[-2.5955604,39.9500009],[-2.5955214,39.9499873],[-2.5953799,39.9499493],[-2.5952595,39.9499249],[-2.5952471,39.9499276],[-2.5950596,39.9500823]]]},"properties":{"category":"landuse","name":"","landuse":"farmyard"}},{"type":"Feature","id":"way/807966596","geometry":{"type":"Polygon","coordinates":[[[-2.5955922,39.9505014],[-2.5955551,39.9504974],[-2.5955126,39.9504879],[-2.5955055,39.9504675],[-2.5955497,39.9504173],[-2.5955958,39.9503631],[-2.5953958,39.950264],[-2.5955604,39.9500009],[-2.5956241,39.9500144],[-2.5956559,39.9500334],[-2.5957639,39.9500673],[-2.5958506,39.9500972],[-2.5958736,39.9501121],[-2.5955922,39.9505014]]]},"properties":{"category":"landuse","name":"","landuse":"farmyard"}},{"type":"Feature","id":"way/807966597","geometry":{"type":"Polygon","coordinates":[[[-2.5961656,39.9507605],[-2.5962027,39.9507239],[-2.5962629,39.9505991],[-2.5963018,39.9505109],[-2.5963567,39.9503576],[-2.5963744,39.9503075],[-2.5962983,39.9502844],[-2.5961744,39.9502423],[-2.5958736,39.9501121],[-2.5955922,39.9505014],[-2.5956541,39.9505381],[-2.5961656,39.9507605]]]},"properties":{"category":"landuse","name":"","landuse":"farmland"}},{"type":"Feature","id":"way/807966598","geometry":{"type":"Polygon","coordinates":[[[-2.5963744,39.9503075],[-2.5964611,39.950028],[-2.5964452,39.949933],[-2.5963991,39.949891],[-2.5963337,39.9498679],[-2.5962063,39.9497987],[-2.5961213,39.9497757],[-2.595932,39.949777],[-2.5957851,39.9497865],[-2.5956595,39.9498069],[-2.5955887,39.9498544],[-2.595571,39.9498856],[-2.5955214,39.9499873],[-2.5955604,39.9500009],[-2.5956241,39.9500144],[-2.5956559,39.9500334],[-2.5957639,39.9500673],[-2.5958506,39.9500972],[-2.5958736,39.9501121],[-2.5961744,39.9502423],[-2.5962983,39.9502844],[-2.5963744,39.9503075]]]},"properties":{"category":"landuse","name":"","landuse":"farmland"}},{"type":"Feature","id":"way/807966599","geometry":{"type":"Polygon","coordinates":[[[-2.5955887,39.9498544],[-2.595571,39.9498856],[-2.5955214,39.9499873],[-2.5953799,39.9499493],[-2.5952595,39.9499249],[-2.5952471,39.9499276],[-2.5952383,39.9499181],[-2.595118,39.9498842],[-2.5949746,39.9498259],[-2.5949127,39.9497797],[-2.5946437,39.9495871],[-2.594711,39.9495356],[-2.5947835,39.9495084],[-2.5948437,39.9494854],[-2.594941,39.9494745],[-2.5950489,39.9494921],[-2.5953409,39.9495125],[-2.5957338,39.9495518],[-2.596585,39.9496414],[-2.5966062,39.9496834],[-2.5965602,39.9498014],[-2.5964611,39.950028],[-2.5964452,39.949933],[-2.5963991,39.949891],[-2.5963337,39.9498679],[-2.5962063,39.9497987],[-2.5961213,39.9497757],[-2.595932,39.949777],[-2.5957851,39.9497865],[-2.5956595,39.9498069],[-2.5955887,39.9498544]]]},"properties":{"category":"landuse","name":"","landuse":"farmland"}},{"type":"Feature","id":"way/807966600","geometry":{"type":"Polygon","coordinates":[[[-2.5943146,39.9502925],[-2.5942086,39.9502532],[-2.5943427,39.9499931],[-2.5944084,39.9499016],[-2.5945032,39.9497854],[-2.5945505,39.9498066],[-2.5946525,39.9498594],[-2.594741,39.9499127],[-2.5946561,39.9499832],[-2.5945641,39.9500701],[-2.5944791,39.950146],[-2.5943146,39.9502925]]]},"properties":{"category":"landuse","name":"","landuse":"farmyard"}},{"type":"Feature","id":"way/807966601","geometry":{"type":"Polygon","coordinates":[[[-2.594741,39.9499127],[-2.5949127,39.9497797],[-2.5946437,39.9495871],[-2.5946203,39.9496076],[-2.5945801,39.9496723],[-2.5945412,39.9497402],[-2.5945032,39.9497854],[-2.5945505,39.9498066],[-2.5946525,39.9498594],[-2.594741,39.9499127]]]},"properties":{"category":"landuse","name":"","landuse":"farmyard"}},{"type":"Feature","id":"way/807966602","geometry":{"type":"Polygon","coordinates":[[[-2.5942172,39.9508704],[-2.5941908,39.950865],[-2.5941461,39.9507552],[-2.5941015,39.9506453],[-2.5940938,39.9505296],[-2.5942216,39.9505627],[-2.594425,39.9506194],[-2.5944544,39.9506398],[-2.5944384,39.9506724],[-2.5943995,39.9507076],[-2.5942172,39.9508704]]]},"properties":{"category":"landuse","name":"","landuse":"farmland"}},{"type":"Feature","id":"way/807966603","geometry":{"type":"Polygon","coordinates":[[[-2.5944544,39.9506398],[-2.5944986,39.9505991],[-2.5946614,39.9504499],[-2.5946313,39.9504228],[-2.5943146,39.9502925],[-2.5942086,39.9502532],[-2.5941508,39.9503749],[-2.5941153,39.9504517],[-2.5940938,39.9505296],[-2.5942216,39.9505627],[-2.594425,39.9506194],[-2.5944544,39.9506398]]]},"properties":{"category":"landuse","name":"","landuse":"greenfield"}},{"type":"Feature","id":"way/807966604","geometry":{"type":"Polygon","coordinates":[[[-2.5939305,39.9505595],[-2.5939872,39.9505137],[-2.594035,39.9504662],[-2.5940668,39.950439],[-2.5941285,39.9503275],[-2.5941517,39.9502731],[-2.5938451,39.9501361],[-2.5936664,39.9502966],[-2.593573,39.9503804],[-2.5937344,39.9504493],[-2.5939305,39.9505595]]]},"properties":{"category":"landuse","name":"","landuse":"farmland"}},{"type":"Feature","id":"way/807966605","geometry":{"type":"Polygon","coordinates":[[[-2.593573,39.9503804],[-2.5934466,39.9503291],[-2.5933496,39.9502897],[-2.5932659,39.9502557],[-2.5933506,39.950181],[-2.5934553,39.9501149],[-2.5935447,39.9500606],[-2.5936078,39.9500121],[-2.5940638,39.9499153],[-2.5939637,39.9500133],[-2.5938944,39.9500818],[-2.5938451,39.9501361],[-2.5936664,39.9502966],[-2.593573,39.9503804]]]},"properties":{"category":"landuse","name":"","landuse":"farmland"}},{"type":"Feature","id":"way/807966606","geometry":{"type":"Polygon","coordinates":[[[-2.5941517,39.9502731],[-2.5938451,39.9501361],[-2.5938944,39.9500818],[-2.5939637,39.9500133],[-2.5940638,39.9499153],[-2.594204,39.949881],[-2.5943334,39.9498492],[-2.5943889,39.9498362],[-2.5943981,39.9498468],[-2.5943334,39.9499413],[-2.5942841,39.9500192],[-2.5941948,39.9501916],[-2.5941517,39.9502731]]]},"properties":{"category":"landuse","name":"","landuse":"farmland"}},{"type":"Feature","id":"way/807966607","geometry":{"type":"Polygon","coordinates":[[[-2.5911051,39.9480348],[-2.5903379,39.9476285],[-2.5902917,39.947645],[-2.5902424,39.9477064],[-2.5898326,39.9487032],[-2.5898141,39.9487812],[-2.5911051,39.9480348]]]},"properties":{"category":"landuse","name":"","landuse":"farmland"}},{"type":"Feature","id":"way/807966608","geometry":{"type":"Polygon","coordinates":[[[-2.5900083,39.949459],[-2.589959,39.9493622],[-2.5898357,39.9489394],[-2.5898111,39.9488685],[-2.5898141,39.9487812],[-2.5911051,39.9480348],[-2.5913423,39.9481505],[-2.5915642,39.9482733],[-2.5917583,39.9483796],[-2.5918476,39.9484292],[-2.5900083,39.949459]]]},"properties":{"category":"landuse","name":"","landuse":"farmland"}},{"type":"Feature","id":"way/807966609","geometry":{"type":"Polygon","coordinates":[[[-2.5901038,39.9496716],[-2.5900083,39.949459],[-2.5918476,39.9484292],[-2.5919678,39.9484835],[-2.5923036,39.9485993],[-2.5925378,39.9486843],[-2.5901038,39.9496716]]]},"properties":{"category":"landuse","name":"","landuse":"farmland"}},{"type":"Feature","id":"way/807966610","geometry":{"type":"Polygon","coordinates":[[[-2.5925378,39.9486843],[-2.5927596,39.9487575],[-2.5923067,39.9490008],[-2.5918353,39.9492701],[-2.5910127,39.9497259],[-2.5914442,39.949707],[-2.5914513,39.9497477],[-2.5902161,39.9499457],[-2.5901038,39.9496716],[-2.5925378,39.9486843]]]},"properties":{"category":"landuse","name":"","landuse":"farmland"}},{"type":"Feature","id":"way/807966611","geometry":{"type":"Polygon","coordinates":[[[-2.5914442,39.949707],[-2.5916637,39.9497545],[-2.591786,39.9497944],[-2.5919986,39.9496598],[-2.5920602,39.949622],[-2.5924269,39.9493457],[-2.5925224,39.9492677],[-2.5926426,39.9491662],[-2.5926826,39.9491166],[-2.592735,39.9490646],[-2.5930801,39.9488685],[-2.5927596,39.9487575],[-2.5923067,39.9490008],[-2.5918353,39.9492701],[-2.5910127,39.9497259],[-2.5914442,39.949707]]]},"properties":{"category":"landuse","name":"","landuse":"greenfield"}},{"type":"Feature","id":"way/807966612","geometry":{"type":"Polygon","coordinates":[[[-2.5948,39.9517158],[-2.5946578,39.9516438],[-2.5947732,39.9515051],[-2.594918,39.9515801],[-2.5948,39.9517158]]]},"properties":{"category":"building","name":"","building":"farm_auxiliary","building_levels":"3","height":9.0,"height_estimated":false}},{"type":"Feature","id":"way/807966613","geometry":{"type":"Polygon","coordinates":[[[-2.5938331,39.9516757],[-2.5935501,39.9515133],[-2.5936601,39.951393],[-2.5939457,39.9515585],[-2.5938331,39.9516757]]]},"properties":{"category":"building","name":"","building":"farm_auxiliary","building_levels":"3","height":9.0,"height_estimated":false}},{"type":"Feature","id":"way/807966614","geometry":{"type":"Polygon","coordinates":[[[-2.5935799,39.9511685],[-2.5935466,39.9512055],[-2.5935228,39.951227],[-2.5934628,39.9511888],[-2.5935147,39.9511304],[-2.5935719,39.9511638],[-2.5935799,39.9511685]]]},"properties":{"category":"building","name":"","building":"farm_auxiliary","building_levels":"1","height":3.0,"height_estimated":false}},{"type":"Feature","id":"way/807966615","geometry":{"type":"Polygon","coordinates":[[[-2.5935719,39.9511638],[-2.5938846,39.9508156],[-2.5938318,39.9507852],[-2.5936234,39.951012],[-2.5935614,39.9510774],[-2.5935147,39.9511304],[-2.5935719,39.9511638]]]},"properties":{"category":"building","name":"","building":"farm_auxiliary","building_levels":"2","height":6.0,"height_estimated":false}},{"type":"Feature","id":"way/807966616","geometry":{"type":"Polygon","coordinates":[[[-2.5938856,39.9508039],[-2.5938531,39.9507852],[-2.5938816,39.9507533],[-2.5939182,39.9507736],[-2.5938856,39.9508039]]]},"properties":{"category":"building","name":"","building":"farm_auxiliary","building_levels":"1","height":3.0,"height_estimated":false}},{"type":"Feature","id":"way/807966617","geometry":{"type":"Polygon","coordinates":[[[-2.5935614,39.9510774],[-2.5934984,39.9510463],[-2.5934791,39.9510681],[-2.5934533,39.9510544],[-2.5936615,39.9508417],[-2.5936854,39.950853],[-2.593781,39.9507556],[-2.5938318,39.9507852],[-2.5935614,39.9510774]]]},"properties":{"category":"landuse","name":"","landuse":"farmyard"}},{"type":"Feature","id":"way/807966618","geometry":{"type":"Polygon","coordinates":[[[-2.595024,39.95075],[-2.5949569,39.9506962],[-2.5949996,39.9506643],[-2.5950646,39.9507212],[-2.595024,39.95075]]]},"properties":{"category":"building","name":"","building":"farm_auxiliary","building_levels":"1","height":3.0,"height_estimated":false}},{"type":"Feature","id":"way/807966619","geometry":{"type":"Polygon","coordinates":[[[-2.5947678,39.9504968],[-2.5946766,39.9504517],[-2.5947116,39.9504103],[-2.5947992,39.9504558],[-2.5947678,39.9504968]]]},"properties":{"category":"building","name":"","building":"farm_auxiliary","building_levels":"1","height":3.0,"height_estimated":false}},{"type":"Feature","id":"way/807966620","geometry":{"type":"Polygon","coordinates":[[[-2.5944791,39.950146],[-2.5944338,39.9501252],[-2.5944968,39.950059],[-2.5943707,39.949991],[-2.5945505,39.9498066],[-2.5946525,39.9498594],[-2.594741,39.9499127],[-2.5946561,39.9499832],[-2.5945641,39.9500701],[-2.5944791,39.950146]]]},"properties":{"category":"building","name":"","building":"farm_auxiliary","building_levels":"2","height":6.0,"height_estimated":false}},{"type":"Feature","id":"way/807966621","geometry":{"type":"Polygon","coordinates":[[[-2.5947502,39.9498961],[-2.5945459,39.9497788],[-2.5945855,39.9497242],[-2.5947548,39.9498218],[-2.594805,39.9497833],[-2.5948494,39.9498191],[-2.5947502,39.9498961]]]},"properties":{"category":"building","name":"","building":"farm_auxiliary","building_levels":"2","height":6.0,"height_estimated":false}},{"type":"Feature","id":"way/807966622","geometry":{"type":"Polygon","coordinates":[[[-2.5956418,39.9508609],[-2.5954719,39.9507782],[-2.5956506,39.9505557],[-2.5958097,39.9506297],[-2.5956418,39.9508609]]]},"properties":{"category":"building","name":"","building":"farm_auxiliary","building_levels":"2","height":6.0,"height_estimated":false}},{"type":"Feature","id":"way/807966623","geometry":{"type":"Polygon","coordinates":[[[-2.595563,39.9504871],[-2.5955223,39.9504731],[-2.5955518,39.9504248],[-2.5955894,39.9504396],[-2.595563,39.9504871]]]},"properties":{"category":"building","name":"","building":"farm_auxiliary","building_levels":"1","height":3.0,"height_estimated":false}},{"type":"Feature","id":"way/807966624","geometry":{"type":"Polygon","coordinates":[[[-2.5956168,39.9503017],[-2.5955101,39.9502604],[-2.5955365,39.9502168],[-2.5956433,39.9502604],[-2.5956168,39.9503017]]]},"properties":{"category":"building","name":"","building":"farm_auxiliary","building_levels":"2","height":6.0,"height_estimated":false}},{"type":"Feature","id":"way/807966625","geometry":{"type":"Polygon","coordinates":[[[-2.5956433,39.9502604],[-2.5957639,39.9500673],[-2.5956559,39.9500334],[-2.5955365,39.9502168],[-2.5956433,39.9502604]]]},"properties":{"category":"landuse","name":"","landuse":"orchard"}},{"type":"Feature","id":"way/807966626","geometry":{"type":"Polygon","coordinates":[[[-2.5923067,39.9490008],[-2.5924441,39.949149],[-2.591967,39.9494152],[-2.5918353,39.9492701],[-2.5923067,39.9490008]]]},"properties":{"category":"building","name":"","building":"farm_auxiliary","building_levels":"2","height":6.0,"height_estimated":false}},{"type":"Feature","id":"way/807968668","geometry":{"type":"LineString","coordinates":[[-2.5923678,39.9499691],[-2.5923267,39.9498455],[-2.5923403,39.9497675],[-2.5924081,39.9497145],[-2.5925357,39.949702],[-2.5927202,39.9496396],[-2.5928558,39.949571],[-2.592921,39.949494],[-2.5929224,39.949469],[-2.5929264,39.9494004],[-2.5929155,39.9493026],[-2.5929508,39.9490156],[-2.5929942,39.9489469],[-2.5931318,39.9488626]]},"properties":{"category":"road","name":"","highway":"path"}},{"type":"Feature","id":"way/807968669","geometry":{"type":"LineString","coordinates":[[-2.5936264,39.9492756],[-2.5929224,39.949469]]},"properties":{"category":"road","name":"","highway":"path"}},{"type":"Feature","id":"way/807968670","geometry":{"type":"Polygon","coordinates":[[[-2.5932579,39.9500172],[-2.5931386,39.9500204],[-2.5927931,39.9500125],[-2.5930132,39.949683],[-2.5931736,39.9494466],[-2.5932188,39.9494324],[-2.5932235,39.9493744],[-2.5932932,39.9492766],[-2.5934845,39.9493943],[-2.5935034,39.9494143],[-2.5936073,39.9494767],[-2.5935128,39.9496234],[-2.5932579,39.9500172]]]},"properties":{"category":"landuse","name":"","landuse":"farmland"}},{"type":"Feature","id":"way/807968671","geometry":{"type":"Polygon","coordinates":[[[-2.5936073,39.9494767],[-2.593831,39.9491334],[-2.5935142,39.9490236],[-2.593396,39.949154],[-2.5932932,39.9492766],[-2.5936073,39.9494767]]]},"properties":{"category":"landuse","name":"","landuse":"greenfield"}},{"type":"Feature","id":"way/807968672","geometry":{"type":"Polygon","coordinates":[[[-2.5936699,39.9499541],[-2.5938113,39.9497126],[-2.5941389,39.9498127],[-2.5941049,39.9498745],[-2.5940315,39.9498937],[-2.5937343,39.9499376],[-2.5936699,39.9499541]]]},"properties":{"category":"landuse","name":"","landuse":"farmland"}},{"type":"Feature","id":"way/807968673","geometry":{"type":"Polygon","coordinates":[[[-2.5936699,39.9499541],[-2.5935303,39.9499856],[-2.593473,39.9499953],[-2.5935547,39.9498643],[-2.5936744,39.9496707],[-2.5937512,39.9496958],[-2.5938113,39.9497126],[-2.5936699,39.9499541]]]},"properties":{"category":"landuse","name":"","landuse":"farmyard"}},{"type":"Feature","id":"way/807968674","geometry":{"type":"Polygon","coordinates":[[[-2.593473,39.9499953],[-2.5932579,39.9500172],[-2.5935128,39.9496234],[-2.5935627,39.949638],[-2.5936744,39.9496707],[-2.5935547,39.9498643],[-2.593473,39.9499953]]]},"properties":{"category":"landuse","name":"","landuse":"farmyard"}},{"type":"Feature","id":"way/807968675","geometry":{"type":"Polygon","coordinates":[[[-2.5938113,39.9497126],[-2.5937512,39.9496958],[-2.5936744,39.9496707],[-2.5935627,39.949638],[-2.5935128,39.9496234],[-2.5936073,39.9494767],[-2.593831,39.9491334],[-2.5940655,39.9492185],[-2.5938113,39.9497126]]]},"properties":{"category":"landuse","name":"","landuse":"greenfield"}},{"type":"Feature","id":"way/807968676","geometry":{"type":"Polygon","coordinates":[[[-2.5941389,39.9498127],[-2.5942087,39.9496741],[-2.5942982,39.9494655],[-2.5943412,39.9493955],[-2.5943734,39.9493324],[-2.5940655,39.9492185],[-2.5938113,39.9497126],[-2.5941389,39.9498127]]]},"properties":{"category":"landuse","name":"","landuse":"farmyard"}},{"type":"Feature","id":"way/807968677","geometry":{"type":"Polygon","coordinates":[[[-2.5941049,39.9498745],[-2.5942034,39.9498498],[-2.5943502,39.9498045],[-2.5944737,39.9497565],[-2.5945184,39.9497167],[-2.5945524,39.9496398],[-2.5945721,39.9495712],[-2.5945417,39.9494381],[-2.5945292,39.9493901],[-2.5943734,39.9493324],[-2.5943412,39.9493955],[-2.5942982,39.9494655],[-2.5942087,39.9496741],[-2.5941389,39.9498127],[-2.5941049,39.9498745]]]},"properties":{"category":"landuse","name":"","landuse":"farmland"}},{"type":"Feature","id":"way/807968678","geometry":{"type":"Polygon","coordinates":[[[-2.5940557,39.9494388],[-2.5939814,39.949412],[-2.5940566,39.9492844],[-2.5941353,39.9493132],[-2.5940557,39.9494388]]]},"properties":{"category":"building","name":"","building":"farm_auxiliary","building_levels":"1","height":3.0,"height_estimated":false}},{"type":"Feature","id":"way/807968679","geometry":{"type":"Polygon","coordinates":[[[-2.5936332,39.9498923],[-2.5935547,39.9498643],[-2.5936744,39.9496707],[-2.5937512,39.9496958],[-2.5936332,39.9498923]]]},"properties":{"category":"building","name":"","building":"farm_auxiliary","building_levels":"2","height":6.0,"height_estimated":false}},{"type":"Feature","id":"way/807968680","geometry":{"type":"Polygon","coordinates":[[[-2.5935547,39.9498643],[-2.5934488,39.9498251],[-2.5935627,39.949638],[-2.5936744,39.9496707],[-2.5935547,39.9498643]]]},"properties":{"category":"building","name":"","building":"farm_auxiliary","building_levels":"2","height":6.0,"height_estimated":false}},{"type":"Feature","id":"way/807968681","geometry":{"type":"Polygon","coordinates":[[[-2.5937934,39.9497023],[-2.5935482,39.9496247],[-2.5936359,39.9494587],[-2.5938207,39.9495175],[-2.5938793,39.9495362],[-2.5937934,39.9497023]]]},"properties":{"category":"building","name":"","building":"farm_auxiliary","building_levels":"3","height":9.0,"height_estimated":false}},{"type":"Feature","id":"way/807968682","geometry":{"type":"Polygon","coordinates":[[[-2.5938793,39.9495362],[-2.5939277,39.9494532],[-2.5938659,39.9494347],[-2.5938207,39.9495175],[-2.5938793,39.9495362]]]},"properties":{"category":"building","name":"","building":"farm_auxiliary","building_levels":"1","height":3.0,"height_estimated":false}},{"type":"Feature","id":"way/807968683","geometry":{"type":"Polygon","coordinates":[[[-2.5932932,39.9492766],[-2.5930028,39.9490952],[-2.5929824,39.9490734],[-2.5930245,39.9489683],[-2.5930855,39.9489028],[-2.5931493,39.9488809],[-2.5932836,39.9489319],[-2.5935142,39.9490236],[-2.593396,39.949154],[-2.5932932,39.9492766]]]},"properties":{"category":"landuse","name":"","landuse":"farmland"}},{"type":"Feature","id":"way/807968684","geometry":{"type":"Polygon","coordinates":[[[-2.5931493,39.9488809],[-2.5930855,39.9489028],[-2.5930245,39.9489683],[-2.5929824,39.9490734],[-2.5929708,39.9491052],[-2.5929726,39.9491807],[-2.5929493,39.9492164],[-2.5927918,39.9491532],[-2.5927595,39.9491409],[-2.5926826,39.9491166],[-2.592735,39.9490646],[-2.5930801,39.9488685],[-2.5931493,39.9488809]]]},"properties":{"category":"landuse","name":"","landuse":"farmland"}},{"type":"Feature","id":"way/807968685","geometry":{"type":"Polygon","coordinates":[[[-2.5929493,39.9492164],[-2.5929027,39.9492507],[-2.5928616,39.9493124],[-2.5927989,39.9493673],[-2.5927703,39.949414],[-2.5927148,39.949355],[-2.5926163,39.9493001],[-2.5925224,39.9492677],[-2.5926426,39.9491662],[-2.5926826,39.9491166],[-2.5927595,39.9491409],[-2.5927918,39.9491532],[-2.5929493,39.9492164]]]},"properties":{"category":"landuse","name":"","landuse":"farmland"}},{"type":"Feature","id":"way/807968686","geometry":{"type":"Polygon","coordinates":[[[-2.5927703,39.949414],[-2.5927452,39.949462],[-2.5927273,39.9495553],[-2.5927094,39.9496047],[-2.5926432,39.9496322],[-2.5920602,39.949622],[-2.5925224,39.9492677],[-2.5926163,39.9493001],[-2.5927148,39.949355],[-2.5927703,39.949414]]]},"properties":{"category":"landuse","name":"","landuse":"farmland"}},{"type":"Feature","id":"way/807976160","geometry":{"type":"Polygon","coordinates":[[[-2.6097567,39.9537569],[-2.6074591,39.9542545],[-2.6051287,39.9547414],[-2.6047411,39.9543297],[-2.6044376,39.954029],[-2.604134,39.9536782],[-2.6038912,39.9533166],[-2.6037231,39.9529443],[-2.6033448,39.9521639],[-2.6028498,39.9511615],[-2.6027797,39.9510398],[-2.6029385,39.9508285],[-2.6035441,39.950019],[-2.6037076,39.9497944],[-2.603803,39.9497635],[-2.6039426,39.9497581],[-2.6042004,39.9498012],[-2.6045085,39.9498987],[-2.6050158,39.95007],[-2.6064363,39.950535],[-2.6071975,39.9507892],[-2.6078552,39.9509803],[-2.6080055,39.951029],[-2.6083137,39.9515589],[-2.6090515,39.9527581],[-2.6094298,39.9532987],[-2.6097567,39.9537569]]]},"properties":{"category":"landuse","name":"","landuse":"farmland"}},{"type":"Feature","id":"way/807976161","geometry":{"type":"Polygon","coordinates":[[[-2.6088419,39.9509467],[-2.6081483,39.9509141],[-2.607674,39.9508436],[-2.606315,39.9503878],[-2.6049276,39.9499482],[-2.6043684,39.9497692],[-2.6040428,39.9496878],[-2.6038658,39.9496769],[-2.6038446,39.9496172],[-2.6038649,39.9495431],[-2.6043332,39.9487353],[-2.6045766,39.9483054],[-2.6047121,39.9480338],[-2.6085943,39.9478094],[-2.6088419,39.9509467]]]},"properties":{"category":"landuse","name":"","landuse":"farmland"}},{"type":"Feature","id":"way/807976162","geometry":{"type":"Polygon","coordinates":[[[-2.6047121,39.9480338],[-2.6051621,39.9471906],[-2.6053676,39.9467359],[-2.6055077,39.9464065],[-2.6075485,39.9462454],[-2.6084591,39.9461953],[-2.6085943,39.9478094],[-2.6047121,39.9480338]]]},"properties":{"category":"landuse","name":"","landuse":"farmland"}},{"type":"Feature","id":"way/807976163","geometry":{"type":"Polygon","coordinates":[[[-2.6084591,39.9461953],[-2.6083745,39.9455016],[-2.6082046,39.9455016],[-2.6079356,39.9454745],[-2.607433,39.9453795],[-2.6075485,39.9462454],[-2.6084591,39.9461953]]]},"properties":{"category":"landuse","name":"","landuse":"farmland"}},{"type":"Feature","id":"way/807976164","geometry":{"type":"Polygon","coordinates":[[[-2.6075485,39.9462454],[-2.6055077,39.9464065],[-2.6056104,39.946066],[-2.605982,39.9457838],[-2.6065482,39.9455206],[-2.6067394,39.9454229],[-2.6068385,39.9453524],[-2.6069729,39.9452981],[-2.607433,39.9453795],[-2.6075485,39.9462454]]]},"properties":{"category":"landuse","name":"","landuse":"farmland"}},{"type":"Feature","id":"way/807976165","geometry":{"type":"Polygon","coordinates":[[[-2.6067924,39.9449372],[-2.6064881,39.9451028],[-2.6063819,39.9451082],[-2.6060811,39.9450403],[-2.6059678,39.9450078],[-2.6059607,39.9449481],[-2.6059926,39.9447093],[-2.6060103,39.9444814],[-2.6059855,39.9441422],[-2.6057979,39.9436348],[-2.6058086,39.9435833],[-2.6058475,39.9435561],[-2.6064314,39.9432983],[-2.6067924,39.9449372]]]},"properties":{"category":"landuse","name":"","landuse":"farmland"}},{"type":"Feature","id":"way/807976166","geometry":{"type":"LineString","coordinates":[[-2.6051673,39.9421485],[-2.6053788,39.9419374],[-2.6055558,39.94174],[-2.6057275,39.941666],[-2.6060654,39.9416495],[-2.606457,39.9416701],[-2.6069774,39.9417277],[-2.6071812,39.9417359],[-2.6073153,39.941666],[-2.6073904,39.9415878],[-2.6074012,39.9414686],[-2.6074173,39.9413205],[-2.6074816,39.9412136],[-2.6077123,39.941119],[-2.608002,39.9410573],[-2.6085706,39.941012],[-2.6091714,39.9409544],[-2.6094504,39.940901],[-2.6096596,39.9408064],[-2.6098098,39.9406583],[-2.6098634,39.9404691],[-2.6099171,39.9402306],[-2.6100083,39.9400331],[-2.610137,39.9399015],[-2.6101934,39.9398673],[-2.6103677,39.9397617],[-2.6108022,39.9396136],[-2.6114138,39.9394861],[-2.6117624,39.939408],[-2.6119234,39.9393134],[-2.6123257,39.939009],[-2.6126958,39.9386676],[-2.6127602,39.9384414],[-2.6128461,39.9380506],[-2.6129372,39.9377627],[-2.6131143,39.9375406],[-2.6133449,39.9374255],[-2.6137097,39.9372568],[-2.6141121,39.9370964],[-2.6143159,39.9369936],[-2.6144983,39.9368698],[-2.6146539,39.9367509],[-2.6148148,39.9366234],[-2.6148309,39.9365329],[-2.6147719,39.936426],[-2.6143266,39.936027],[-2.6142247,39.9359036],[-2.6141979,39.9357761],[-2.614214,39.9356609],[-2.6142408,39.9355622],[-2.6141764,39.9354182],[-2.6141496,39.9352742],[-2.6141872,39.9351838],[-2.6142354,39.9350645],[-2.6143749,39.9349287],[-2.6144339,39.9348423],[-2.6144125,39.9347395],[-2.6142998,39.9346079],[-2.6142086,39.9344269],[-2.6141067,39.9341842],[-2.6139994,39.9337976],[-2.6138707,39.9330983],[-2.6137741,39.9324072],[-2.6137258,39.9319301],[-2.6137205,39.931457],[-2.6137151,39.9305191],[-2.6136775,39.9295401],[-2.6136614,39.9290094],[-2.6136607,39.9289023]]},"properties":{"category":"road","name":"","highway":"track"}},{"type":"Feature","id":"way/807976169","geometry":{"type":"LineString","coordinates":[[-2.6158502,39.9289432],[-2.6155816,39.9289246],[-2.6152645,39.9289137],[-2.6145469,39.9288981],[-2.6139798,39.9288841],[-2.6137094,39.9288935],[-2.6136607,39.9289023],[-2.6135123,39.9289293],[-2.6131968,39.9290378],[-2.6128148,39.9291819],[-2.6124943,39.9293142],[-2.6121431,39.9294867],[-2.6119243,39.9295788],[-2.6117487,39.9296332],[-2.6115577,39.9296568],[-2.6113328,39.9296686],[-2.6110524,39.9296875],[-2.610883,39.9297158],[-2.6104239,39.9298293],[-2.610085,39.9299214],[-2.6097984,39.9300041],[-2.6095673,39.9301057],[-2.6092901,39.9302309],[-2.6091144,39.9302782],[-2.6089111,39.9302876],[-2.6086554,39.9302805],[-2.608452,39.9302805],[-2.6083661,39.9302644]]},"properties":{"category":"road","name":"","highway":"track"}},{"type":"Feature","id":"way/807976170","geometry":{"type":"LineString","coordinates":[[-2.6046747,39.9081263],[-2.6045685,39.9081833],[-2.6045048,39.9082457],[-2.6045048,39.9083055],[-2.6045579,39.9084656],[-2.6046074,39.9086665],[-2.6046357,39.9088348],[-2.6046888,39.9089462],[-2.6048198,39.909166],[-2.6049153,39.9093941],[-2.6049967,39.9095624],[-2.6050463,39.9096601],[-2.6050463,39.9097389],[-2.6049896,39.9098067],[-2.6047985,39.9098882],[-2.6047065,39.9099343],[-2.6046499,39.9100131],[-2.6045862,39.9102302],[-2.6045118,39.9103633],[-2.6043951,39.910499],[-2.6043455,39.9105832],[-2.6042358,39.9109741],[-2.6041827,39.9111044],[-2.6041119,39.9112048],[-2.6038465,39.91146],[-2.6037899,39.9115279],[-2.603758,39.91165],[-2.6037651,39.9118971],[-2.6037757,39.9121224],[-2.6038359,39.9122826],[-2.6038359,39.9124889],[-2.6038111,39.9128743],[-2.6038146,39.9130318],[-2.6038642,39.91323],[-2.6039668,39.913534],[-2.6040305,39.9138625],[-2.6040659,39.9141339],[-2.6040695,39.9142534],[-2.6040482,39.914381],[-2.6040447,39.9145194],[-2.604073,39.9146877],[-2.6041155,39.914894],[-2.6042676,39.9152768],[-2.6043314,39.9154885],[-2.6043951,39.9157708],[-2.604434,39.916045],[-2.6044304,39.9162106],[-2.6043951,39.9165119],[-2.604303,39.916729],[-2.6042818,39.9168729],[-2.6042889,39.9170385],[-2.6044304,39.9175054],[-2.6045012,39.9177171],[-2.604526,39.9178962],[-2.6045096,39.9180804],[-2.6045083,39.9180944],[-2.6044658,39.9183876],[-2.6044729,39.9186508],[-2.6044906,39.9187866],[-2.6045614,39.9190472],[-2.6046145,39.9192534],[-2.6046782,39.919495],[-2.6048693,39.92016],[-2.604933,39.920445],[-2.6050675,39.9208631],[-2.6051135,39.9210395],[-2.6051312,39.9212648],[-2.6050958,39.9214548],[-2.6049932,39.9217018],[-2.6048481,39.9219542],[-2.6046428,39.9222663],[-2.6045614,39.9224021],[-2.6044906,39.9226165],[-2.6044092,39.9228906],[-2.6043915,39.9230806],[-2.604388,39.9234172],[-2.604388,39.9235285],[-2.6043172,39.923751],[-2.6042393,39.9240225],[-2.604165,39.9242613],[-2.6040305,39.9244866],[-2.6039385,39.9246739],[-2.6038182,39.9247987],[-2.6036235,39.9249616],[-2.6034749,39.925176],[-2.6033298,39.9254013],[-2.6031705,39.9257894],[-2.6030714,39.9259956],[-2.6029051,39.9264109],[-2.6028378,39.9266742],[-2.6027776,39.9269374],[-2.6027423,39.9271708],[-2.6027423,39.9273744],[-2.6027776,39.9277897],[-2.6028024,39.9281588],[-2.6028661,39.9286663],[-2.6029404,39.9291765],[-2.6030254,39.9298034],[-2.6030714,39.9300721],[-2.603128,39.9302377],[-2.6032413,39.9304765],[-2.6033758,39.9307452],[-2.6034607,39.9309433],[-2.6034784,39.9311034],[-2.6034607,39.9313151],[-2.6033935,39.9318497],[-2.6033758,39.932189],[-2.6033935,39.9323545],[-2.6034041,39.9324929],[-2.6034819,39.9327508],[-2.6035669,39.9330466],[-2.6036094,39.9333966],[-2.6036377,39.9336545],[-2.6037085,39.9338743],[-2.6037749,39.9339956]]},"properties":{"category":"road","name":"","highway":"track"}},{"type":"Feature","id":"way/807976173","geometry":{"type":"LineString","coordinates":[[-2.5903652,39.9334595],[-2.5904837,39.93339],[-2.5906379,39.9333434],[-2.590806,39.933304],[-2.5910488,39.9332825],[-2.5913477,39.9332682],[-2.5916419,39.9332646],[-2.5918754,39.9332324],[-2.592221,39.9331285],[-2.5924265,39.9329996],[-2.592716,39.9327096],[-2.5930943,39.9323372],[-2.5933324,39.9321366],[-2.5934772,39.9319683],[-2.5935503,39.9318423]]},"properties":{"category":"road","name":"","highway":"track"}},{"type":"Feature","id":"way/807976174","geometry":{"type":"Polygon","coordinates":[[[-2.5939302,39.9337087],[-2.5935473,39.9337337],[-2.5932297,39.9337946],[-2.5929402,39.9338519],[-2.5927674,39.9337409],[-2.5925105,39.9334616],[-2.5924031,39.9332861],[-2.5923984,39.9331393],[-2.5925432,39.9330211],[-2.5927394,39.9330175],[-2.5933651,39.9332539],[-2.5937574,39.9334437],[-2.5938835,39.9334974],[-2.5939302,39.9337087]]]},"properties":{"category":"landuse","name":"","landuse":"orchard"}},{"type":"Feature","id":"way/807976175","geometry":{"type":"Polygon","coordinates":[[[-2.608385,39.9423792],[-2.608273,39.9410866],[-2.6079367,39.9411045],[-2.6076612,39.9411762],[-2.6075118,39.9412549],[-2.6074651,39.9413731],[-2.6074324,39.9415199],[-2.6074137,39.9416488],[-2.6072923,39.9417419],[-2.6071802,39.9417777],[-2.6061388,39.941681],[-2.6057885,39.9416917],[-2.6056064,39.9417562],[-2.605471,39.941903],[-2.6053682,39.9420426],[-2.6052702,39.9421751],[-2.6053028,39.9423076],[-2.6057325,39.9434784],[-2.6070681,39.9429091],[-2.6080255,39.9425152],[-2.6081562,39.9424222],[-2.608259,39.9423971],[-2.608385,39.9423792]]]},"properties":{"category":"landuse","name":"","landuse":"farmland"}},{"type":"Feature","id":"way/807976176","geometry":{"type":"LineString","coordinates":[[-2.6042349,39.941763],[-2.6042775,39.9416049],[-2.6042915,39.941168],[-2.6043196,39.9407992],[-2.6043336,39.9405916],[-2.6043943,39.9404662],[-2.604497,39.9403266],[-2.6046558,39.940187],[-2.6047679,39.9400509],[-2.6048473,39.9399113],[-2.6051835,39.9396177],[-2.6053843,39.9394744],[-2.6054824,39.9394171],[-2.6057719,39.93941],[-2.606295,39.9393813],[-2.6064584,39.9393742],[-2.6065658,39.9393026],[-2.6068974,39.9392524],[-2.607243,39.9392274],[-2.6075652,39.9392381],[-2.6077894,39.9392596],[-2.6080089,39.9393491],[-2.6082003,39.9393778],[-2.6083825,39.9393527],[-2.6085739,39.9393061],[-2.6087654,39.9393061],[-2.609083,39.9393133],[-2.6093118,39.9393706],[-2.6098255,39.9396356],[-2.6100543,39.9397573],[-2.6101934,39.9398673]]},"properties":{"category":"road","name":"","highway":"track"}},{"type":"Feature","id":"way/807976177","geometry":{"type":"LineString","coordinates":[[-2.6015472,39.9383792],[-2.6014908,39.9384939],[-2.6014372,39.9386153],[-2.6013487,39.9387181],[-2.6012387,39.9388518],[-2.6011287,39.9389978],[-2.6009624,39.9393001],[-2.6008793,39.9394173],[-2.6007934,39.9395325],[-2.6007478,39.9396106],[-2.6007049,39.9397135],[-2.6006674,39.9397813],[-2.6005628,39.9398636],[-2.6004904,39.939915],[-2.600423,39.9399542]]},"properties":{"category":"road","name":"","highway":"unclassified"}},{"type":"Feature","id":"way/807976178","geometry":{"type":"Polygon","coordinates":[[[-2.6009225,39.9397009],[-2.600897,39.9397009],[-2.6008574,39.9396924],[-2.6008259,39.9396651],[-2.6008188,39.9396394],[-2.6008198,39.9396176],[-2.600833,39.9395918],[-2.6008533,39.9395763],[-2.6008757,39.9395677],[-2.6009062,39.939563],[-2.6009387,39.9395685],[-2.6009682,39.9395802],[-2.6009885,39.9396028],[-2.6009956,39.9396269],[-2.6009956,39.9396479],[-2.6009885,39.9396682],[-2.6009702,39.9396822],[-2.6009468,39.939697],[-2.6009225,39.9397009]]]},"properties":{"category":"building","name":"","building":"yes","height":10.0,"height_estimated":false}},{"type":"Feature","id":"way/807976179","geometry":{"type":"Polygon","coordinates":[[[-2.6054743,39.941754],[-2.6053807,39.9418444],[-2.6052832,39.9419753],[-2.6052344,39.9420283],[-2.6051734,39.942047],[-2.6051084,39.9420251],[-2.6049457,39.9419285],[-2.6047384,39.9418475],[-2.604462,39.9417664],[-2.6043319,39.9417446],[-2.6043034,39.941701],[-2.6043197,39.9414547],[-2.6043806,39.9406007],[-2.6044335,39.9404853],[-2.6045433,39.9403295],[-2.6046693,39.9402297],[-2.6048034,39.9400708],[-2.6048807,39.9399399],[-2.6051287,39.9397061],[-2.6052791,39.9405165],[-2.6052824,39.9405374],[-2.6054743,39.941754]]]},"properties":{"category":"landuse","name":"","landuse":"farmland"}},{"type":"Feature","id":"way/807976180","geometry":{"type":"Polygon","coordinates":[[[-2.6054743,39.941754],[-2.6055685,39.9416965],[-2.6056544,39.9416451],[-2.6057965,39.9416184],[-2.6059977,39.9416184],[-2.60651,39.941643],[-2.6064269,39.9414765],[-2.6064188,39.941388],[-2.6064295,39.941351],[-2.6064456,39.941168],[-2.606459,39.9409253],[-2.6064483,39.9407526],[-2.6063732,39.9406251],[-2.6062874,39.9405058],[-2.6062123,39.9404544],[-2.6052824,39.9405374],[-2.6054743,39.941754]]]},"properties":{"category":"landuse","name":"","landuse":"farmland"}},{"type":"Feature","id":"way/807976181","geometry":{"type":"Polygon","coordinates":[[[-2.6019793,39.9415082],[-2.601999,39.9409388],[-2.6020163,39.9404405],[-2.6013231,39.9404594],[-2.6012649,39.9410734],[-2.6012306,39.941435],[-2.6016373,39.9414657],[-2.6018037,39.9414799],[-2.6019793,39.9415082]]]},"properties":{"category":"landuse","name":"","landuse":"farmland"}},{"type":"Feature","id":"way/807976182","geometry":{"type":"Polygon","coordinates":[[[-2.6012306,39.941435],[-2.6002324,39.9413618],[-2.6000259,39.9413452],[-2.5999736,39.9412838],[-2.6003063,39.9404547],[-2.6004265,39.9404594],[-2.6013231,39.9404594],[-2.6012649,39.9410734],[-2.6012306,39.941435]]]},"properties":{"category":"landuse","name":"","landuse":"farmland"}},{"type":"Feature","id":"way/807976183","geometry":{"type":"Polygon","coordinates":[[[-2.6024079,39.9416377],[-2.6024079,39.9414613],[-2.6024132,39.941247],[-2.6024592,39.9409213],[-2.60233,39.9409308],[-2.6021778,39.9409349],[-2.6021955,39.9411439],[-2.6021407,39.9415292],[-2.6022203,39.9415454],[-2.6023035,39.941578],[-2.6024079,39.9416377]]]},"properties":{"category":"landuse","name":"","landuse":"farmland"}},{"type":"Feature","id":"way/807976184","geometry":{"type":"Polygon","coordinates":[[[-2.6021407,39.9415292],[-2.6020256,39.9415075],[-2.6019793,39.9415082],[-2.601999,39.9409388],[-2.6021778,39.9409349],[-2.6021955,39.9411439],[-2.6021407,39.9415292]]]},"properties":{"category":"landuse","name":"","landuse":"farmland"}},{"type":"Feature","id":"way/923823778","geometry":{"type":"Polygon","coordinates":[[[-2.5941984,39.9470053],[-2.5938587,39.947259],[-2.5937365,39.9471447],[-2.593817,39.9470945],[-2.5936978,39.9469597],[-2.593805,39.9469322],[-2.59396,39.9470602],[-2.5941448,39.9469642],[-2.5941984,39.9470053]]]},"properties":{"category":"building","name":"","building":"yes","height":6.0,"height_estimated":true}},{"type":"Feature","id":"way/923823779","geometry":{"type":"Polygon","coordinates":[[[-2.5935517,39.947492],[-2.5932686,39.9476999],[-2.5931017,39.9475628],[-2.5933968,39.9473298],[-2.5935517,39.947492]]]},"properties":{"category":"building","name":"","building":"yes","height":6.0,"height_estimated":true}},{"type":"Feature","id":"way/923823780","geometry":{"type":"Polygon","coordinates":[[[-2.5928007,39.9479901],[-2.5925235,39.9481637],[-2.5924192,39.94807],[-2.5927143,39.9478964],[-2.5928007,39.9479901]]]},"properties":{"category":"building","name":"","building":"yes","height":6.0,"height_estimated":true}},{"type":"Feature","id":"way/923823781","geometry":{"type":"Polygon","coordinates":[[[-2.5925653,39.9473526],[-2.5924192,39.9473823],[-2.5923388,39.9472087],[-2.5924848,39.9471767],[-2.5925653,39.9473526]]]},"properties":{"category":"building","name":"","building":"yes","height":6.0,"height_estimated":true}},{"type":"Feature","id":"way/973473841","geometry":{"type":"LineString","coordinates":[[-2.5964356,39.9453127],[-2.5961994,39.9455181],[-2.59607,39.94565]]},"properties":{"category":"road","name":"Calle Cuatro Esquinas","highway":"residential"}},{"type":"Feature","id":"way/1179951002","geometry":{"type":"LineString","coordinates":[[-2.6059115,39.9440968],[-2.6058221,39.9441036]]},"properties":{"category":"road","name":"","highway":"track"}},{"type":"Feature","id":"way/1489614100","geometry":{"type":"LineString","coordinates":[[-2.5987862,39.9463371],[-2.5987558,39.9462956]]},"properties":{"category":"road","name":"","highway":"footway"}},{"type":"Feature","id":"node/261370113","geometry":{"type":"Point","coordinates":[-2.598374,39.9458419]},"properties":{"category":"place","name":"Palomares del Campo","place":"village"}},{"type":"Feature","id":"node/839483085","geometry":{"type":"Point","coordinates":[-2.593335,39.9535277]},"properties":{"category":"place","name":"LA PALOMAREÑA S. COOP. DE C-LM","amenity":"fuel"}},{"type":"Feature","id":"node/1243250265","geometry":{"type":"Point","coordinates":[-2.6085593,39.9490154]},"properties":{"category":"place","name":"La Saladilla","place":"locality"}},{"type":"Feature","id":"node/1243259250","geometry":{"type":"Point","coordinates":[-2.5856798,39.9420883]},"properties":{"category":"place","name":"Los Palacios","place":"locality"}},{"type":"Feature","id":"node/1243260256","geometry":{"type":"Point","coordinates":[-2.6087005,39.93451]},"properties":{"category":"place","name":"El Collado","place":"locality"}},{"type":"Feature","id":"node/1243261042","geometry":{"type":"Point","coordinates":[-2.6008333,39.9558982]},"properties":{"category":"place","name":"La Carrera","place":"locality"}},{"type":"Feature","id":"node/1243265252","geometry":{"type":"Point","coordinates":[-2.5885643,39.9529735]},"properties":{"category":"place","name":"La Caracena","place":"locality"}},{"type":"Feature","id":"node/1243273322","geometry":{"type":"Point","coordinates":[-2.5831764,39.9476204]},"properties":{"category":"place","name":"Haza del Surco","place":"locality"}},{"type":"Feature","id":"node/1244124724","geometry":{"type":"Point","coordinates":[-2.5866948,39.9309737]},"properties":{"category":"place","name":"Los Majadales","place":"locality"}},{"type":"Feature","id":"node/1244127795","geometry":{"type":"Point","coordinates":[-2.6111358,39.9405548]},"properties":{"category":"place","name":"Los Hoyos","place":"locality"}},{"type":"Feature","id":"node/1244129765","geometry":{"type":"Point","coordinates":[-2.5926295,39.9307875]},"properties":{"category":"place","name":"Valdelacasa","place":"locality"}},{"type":"Feature","id":"node/1244161463","geometry":{"type":"Point","coordinates":[-2.5936185,39.9357374]},"properties":{"category":"place","name":"Peña del Cascabel","place":"locality"}},{"type":"Feature","id":"node/7537315508","geometry":{"type":"Point","coordinates":[-2.5987251,39.9462425]},"properties":{"category":"place","name":"","amenity":"fountain"}},{"type":"Feature","id":"node/7537315515","geometry":{"type":"Point","coordinates":[-2.5984324,39.9459051]},"properties":{"category":"place","name":"","amenity":"drinking_water"}}]}
